# Generated by geomdl
v 1.2009329179677406 -0.6078454791651308 35.0
v 1.0327237026335854 -0.8561321870065162 35.0
v 0.8054592916551157 -1.066088542425892 35.0
v 0.5352660503468253 -1.2254861415065719 35.00000000000001
v 0.23827034402320751 -1.3220965803318696 35.0
v -0.06940549195817275 -1.3437352715163515 35.0
v -0.3723146673588932 -1.2855626302026393 35.00000000000001
v -0.6564380530658603 -1.1582616092256672 35.0
v -0.9079379327442426 -0.974487608970049 35.00000000000001
v -1.112976590059208 -0.7468960298203983 35.00000000000001
v -1.2579524090747123 -0.48813214277433675 34.99999999999999
v -1.3366405566309705 -0.21052473360591759 35.00000000000001
v -1.3514701774131606 0.0739686924806832 35.0
v -1.305363999007062 0.3534118064090644 35.0
v -1.2012447489984546 0.6158682791028254 34.99999999999999
v -1.0420537234688136 0.8494137491548511 35.000000000000014
v -0.8338448712798102 1.0441300057737704 35.0
v -0.5892502561295859 1.1943385301806286 35.00000000000001
v -0.32173782221133185 1.2948995409013522 35.0
v -0.04477551371823961 1.340673256461867 35.0
v 0.2281687251564975 1.3265198953881008 35.0
v -1.102103617163548 -2.710566877437065 36.984352307991315
v -1.3220238335875998 -2.743509073592955 36.98588710571623
v -1.5639909944037715 -2.7529923964202223 36.98763289669762
v -1.8196607448716688 -2.733279218292524 36.98945240627153
v -2.0806887302508965 -2.678631911583516 36.99120835977402
v -2.3387338588439484 -2.5833320434481983 36.992763738262596
v -2.5860020256175322 -2.444878818619314 36.99402438959948
v -2.8158550980625305 -2.2675714259535056 36.99498675407215
v -3.0218018330005547 -2.056573127714027 36.995658783539874
v -3.197350987253215 -1.8170471861641293 36.9960484298619
v -3.3361158065625656 -1.5541873112673201 36.9961644316442
v -3.434974215902899 -1.2741385289186473 36.99604010881243
v -3.4946340567044425 -0.9841618890638625 36.995737618551296
v -3.5160216111315314 -0.6915820945026957 36.99532076278955
v -3.500063161348499 -0.403723848034876 36.99485334345589
v -3.447695998941935 -0.12790296364085738 36.99439922467602
v -3.3617029343464466 0.13005478505997392 36.994032696704494
v -3.2487669993745065 0.3674725964981918 36.993850083822245
v -3.1160668266386833 0.5820738087160159 36.99395051017203
v -2.9707810487515496 0.7715817597556656 36.994433099896604
v -2.820088298325679 0.9337197876593596 36.99539697713873
v -3.465261503600608 -4.685838894676695 39.12784832289966
v -3.6917973032809996 -4.541686124896446 39.100964018513
v -3.9176728388092052 -4.385786196780988 39.07711142246108
v -4.140124144847364 -4.216947774477268 39.056177118698535
v -4.356387256057616 -4.033979522132233 39.038047691180054
v -4.563700585654972 -3.835692554443842 39.022609983526245
v -4.759701265702923 -3.621308774068018 39.009794367389155
v -4.9428690594731 -3.3909182210829134 38.99962320424731
v -5.111790803313383 -3.1447212497153876 38.99213054471872
v -5.265053333571645 -2.8829182141922973 38.987350439421355
v -5.401258878809341 -2.6057593025547083 38.985316754873445
v -5.519490585945524 -2.3150517236034793 38.98605760553049
v -5.619395785085607 -2.0144292850197822 38.98959435788969
v -5.700653984736503 -1.7076299752430162 38.9959479935759
v -5.762944693405119 -1.3983917827125811 39.00513949421395
v -5.805952551809611 -1.09044672185483 39.017189980456955
v -5.830222517618235 -0.7865253781905852 39.032143878385675
v -5.838117696584908 -0.4872419706536127 39.05009486653218
v -5.83223222638677 -0.19294179165473269 39.07114288193333
v -5.815160244700965 0.09602986639523448 39.09538786162603
v -5.789495889204636 0.37932771108546626 39.12292974264713
v -5.756033235130082 -6.348044008428124 41.343210031035966
v -5.984712676481733 -6.104101221876801 41.286089592922885
v -6.2018561408034065 -5.853819196975434 41.23490045288452
v -6.407568225017568 -5.598387159896077 41.18968856113055
v -6.6019535260466835 -5.338994336810785 41.1504998678707
v -6.785118489275744 -5.076824445203064 41.11738019761231
v -6.957479419441824 -4.812137776394162 41.09035430327709
v -7.120107461556518 -4.543243101967243 41.06940240621821
v -7.2741569711296385 -4.268201214057667 41.054499069166226
v -7.420782303670995 -3.985072904800786 41.04561885485167
v -7.561109919848607 -3.6919671184326797 41.042736753947665
v -7.695394726578328 -3.3884972760520005 41.04584112787768
v -7.822869178700246 -3.0760417564404277 41.05493602378888
v -7.942707415113466 -2.7560796034088657 41.070026383469695
v -8.054083574717097 -2.430089860768217 41.091117148708484
v -8.15617336841121 -2.0995481607595545 41.11821316783907
v -8.248416022958482 -1.7653582512622765 41.151303623322654
v -8.330807665530331 -1.427215290161993 41.19034459019846
v -8.403415188585933 -1.0846608599161773 41.23528793654838
v -8.466305484584462 -0.7372365429823046 41.28608553045438
v -8.519545445985093 -0.3844839218178518 41.34268923999836
v -7.97137668987255 -7.544959748946142 43.64809421455348
v -8.2116605419587 -7.297823583667567 43.55355368432455
v -8.438760262511792 -7.043055011262488 43.4684308433745
v -8.653048056322824 -6.782106168933764 43.39307208450819
v -8.8548961281828 -6.516429193884262 43.327823800530496
v -9.044678253089648 -6.247471343177132 43.2730315137507
v -9.223031421170164 -5.975861811891194 43.22889482456643
v -9.391148887405112 -5.700500946416925 43.19530494976808
v -9.550294591303146 -5.420069408488427 43.17211391986717
v -9.701732472372905 -5.133247859839792 43.15917376537527
v -9.846700381867711 -4.838742338004114 43.15633841375831
v -9.985621062749809 -4.536051728632936 43.163521061423495
v -10.117961024172454 -4.22560503695155 43.18070443537407
v -10.243132236131821 -3.9078843179070457 43.20787522831721
v -10.360546668624083 -3.5833716264465143 43.24502013296004
v -10.469616482415065 -3.2525478569510455 43.292125277155336
v -10.569785817149132 -2.915699357131999 43.34908210172426
v -10.660566394931745 -2.5727013301160913 43.41558194095173
v -10.741478525565983 -2.22337673492249 43.49129070160201
v -10.812042518854911 -1.8675485305703625 43.57587429043937
v -10.87177868460161 -1.5050396760788807 43.66899861422807
v -10.286307713272647 -8.512601207350222 45.97968860989476
v -10.534546587568416 -8.31356135415852 45.8104300166083
v -10.773075347208193 -8.10356413482827 45.65697530658318
v -11.0013458581081 -7.882819681889574 45.52018336139528
v -11.218809986184272 -7.651538127872533 45.40091306262053
v -11.424919834009566 -7.409931428277176 45.30002169802474
v -11.619167175128066 -7.15851712460894 45.218099383633565
v -11.801127621604467 -6.898458567584227 45.15517160892673
v -11.970387438857188 -6.6310011708411665 45.111192116336596
v -12.126532892304642 -6.357390348017886 45.08611464829551
v -12.269161934218273 -6.078852676610983 45.07988791875748
v -12.398237663970226 -5.796026212771163 45.092303530579166
v -12.514151548557873 -5.508858596400873 45.12296877375397
v -12.617319487088166 -5.217258089250625 45.171480425921395
v -12.708157378668053 -4.921132953070927 45.23743526472095
v -12.787080351915955 -4.620392750157939 45.32042968979141
v -12.854374377797654 -4.315165054384022 45.4199967361815
v -12.910052472365308 -4.006038173691568 45.5355355275856
v -12.954092967313304 -3.6936589614622157 45.6664281715936
v -12.986474194336036 -3.3786742710776045 45.81205677579539
v -13.007174485127901 -3.0617309559193764 45.97180344778088
v -12.722679111974653 -9.779929123643473 48.05071283575836
v -12.986664726317008 -9.610269361025315 47.784671560622854
v -13.2443399670958 -9.428159860967893 47.54183580033183
v -13.494585301948185 -9.231743594155303 47.323861860969025
v -13.736281198511318 -9.019163531271634 47.13240604861814
v -13.968304580450408 -8.78857445040265 46.969122786081485
v -14.188938292386947 -8.540110414451506 46.83535080009273
v -14.395209683888087 -8.278088401584435 46.73176164210459
v -14.583986568870795 -8.007356912655837 46.65894208566342
v -14.752136761252013 -7.732764448520093 46.61747890431548
v -14.896603174365712 -7.459075051859588 46.60792866237693
v -15.016675147425731 -7.188413932081665 46.629904059055036
v -15.11439469899067 -6.919810585273709 46.68191051034302
v -15.191960847727046 -6.6521179423426515 46.762390277917085
v -15.251572612301363 -6.384188934195428 46.86978562345342
v -15.295425804843855 -6.114881012425332 47.00254023389337
v -15.325178723070284 -5.843809435138541 47.159336714582814
v -15.341353710321144 -5.572190968420959 47.33936258831703
v -15.344328764310646 -5.301445881841809 47.54186953770878
v -15.334481882753026 -5.032994444970317 47.76610924537077
v -15.312191063362514 -4.76825692737571 48.01133339391576
v -15.255564870791105 -11.28334080930152 49.900768929743855
v -15.539491553637248 -11.117191229619364 49.53056748939021
v -15.81795556360844 -10.94006510206133 49.190707616571444
v -16.090189156763277 -10.747795233283597 48.883849090007324
v -16.35542458916036 -10.536214429942346 48.61265168841762
v -16.612884563733786 -10.301178056219936 48.379773557998824
v -16.860190385002564 -10.042322813664228 48.187599183670585
v -17.091579047247095 -9.76727668109755 48.037934709165064
v -17.300857500732423 -9.48468308826857 47.93251278844875
v -17.481832695723604 -9.20318546492595 47.873066075488104
v -17.628461858678516 -8.931265540366034 47.861254867781454
v -17.739397484833322 -8.672352832547464 47.896478738360905
v -17.818800263607944 -8.423949922671936 47.97548512042502
v -17.87114504636161 -8.183221346860767 48.094870181373544
v -17.900906684453528 -7.947331641235283 48.251230088606206
v -17.9125526591733 -7.713453594228771 48.44116577667431
v -17.90931500074733 -7.480143336371853 48.66207730180434
v -17.891814802833732 -7.248880479809398 48.913053541469566
v -17.860341387602034 -7.021516123247351 49.19339797151588
v -17.81518407722177 -6.799901365391659 49.50241406778928
v -17.75663219386248 -6.585887304948269 49.83940530613571
v -17.897865644604973 -12.937381475343948 51.49840502566938
v -18.2029344427614 -12.75447877770836 51.0299034464198
v -18.501488022574964 -12.564305642700024 50.59822057445804
v -18.79362149412461 -12.36062385660828 50.206991303677285
v -19.079429967489315 -12.137195205722469 49.85985052797067
v -19.35899263052987 -11.887813318497708 49.56043209256229
v -19.629719616090256 -11.611609552814521 49.31219405338425
v -19.88338041809792 -11.318995740029198 49.11822296262857
v -20.111027774971014 -11.021817120307043 48.98155816553849
v -20.30371442512766 -10.731918933813368 48.9052390073572
v -20.452712821441946 -10.460915652520304 48.89218607647931
v -20.556160232868752 -10.21321156645433 48.94160949117605
v -20.620247299063266 -9.984752433418782 49.04836647941202
v -20.65162398672556 -9.771001575631399 49.20706600040619
v -20.6569402625557 -9.567422315309917 49.412317013377596
v -20.642834262007298 -9.369489406454637 49.65873698592901
v -20.61396083859426 -9.17459392253232 49.9423696532931
v -20.570783483261724 -8.984176784649064 50.26227294885422
v -20.513233090868262 -8.800193527707412 50.61788781990056
v -20.44124055627243 -8.624599686609923 51.00865521372032
v -20.354736774332807 -8.459350796259152 51.43401607760164
v -20.933599663626836 -14.576918201137053 52.3113650001394
v -21.212115837726103 -14.379639920932075 51.82053563906312
v -21.486635717956883 -14.178561699725337 51.365947374187584
v -21.75817142391287 -13.966091051723842 50.95194038975872
v -22.02773507518773 -13.734635491134584 50.582854870022395
v -22.296318083629593 -13.476639975223689 50.263030646136215
v -22.561440604029322 -13.190826073215476 49.99674836077192
v -22.81328682113477 -12.88918001221951 49.78816357080307
v -23.04110873860185 -12.585373558299201 49.64141593846145
v -23.234158360086486 -12.293078477517971 49.56064512597889
v -23.381953435918803 -12.025695123639126 49.54983461732391
v -23.482314775209048 -11.78814377334448 49.60808822185013
v -23.542803813694 -11.575396409945565 49.728785221391675
v -23.571537547435433 -11.381857612077638 49.90497839718973
v -23.57663297249512 -11.201931958375951 50.12972053048545
v -23.566192001111006 -11.0300369858767 50.39607586400733
v -23.545788031261385 -10.862762459425161 50.699029939375016
v -23.51565083336947 -10.701288814586455 51.03762866909895
v -23.47533116355768 -10.547379823065201 51.41143391667474
v -23.424379777948438 -10.402799256566025 51.820007545597925
v -23.36234743266418 -10.269310886793551 52.2629114193641
v -24.23048774654756 -16.119496519299947 52.38389520847683
v -24.456735855464665 -15.916201895289678 51.917480246742585
v -24.68313499263366 -15.711248460439078 51.48357413629585
v -24.911217813129717 -15.49687486272516 51.086715177403654
v -25.142516972028012 -15.265319750124938 50.731441670333005
v -25.378543125937853 -15.00885895582511 50.42229215079464
v -25.617119309863728 -14.726001701448542 50.16384462213943
v -25.84827533543994 -14.42843052021072 49.96076049652962
v -26.061050730067244 -14.129501876915343 49.81771178487805
v -26.24448502114645 -13.842572236366102 49.739370498097564
v -26.387888763744805 -13.580734294104047 49.730237049935155
v -26.48904057241711 -13.348839469655541 49.7894504272881
v -26.555653256802582 -13.142071035577116 49.90985992809525
v -26.5960062271157 -12.955060838004973 50.083956115506155
v -26.618378893570917 -12.782440723075302 50.30422955267028
v -26.631035019535034 -12.618854290328052 50.563183260788115
v -26.639615473948556 -12.460915372403786 50.855408614778035
v -26.64421804017246 -12.309401587789377 51.179910405234956
v -26.644236142152657 -12.165619646886471 51.53625423510991
v -26.639063203835068 -12.030876260096703 51.92400570735395
v -26.628092649165616 -11.906478137821722 52.342730424918116
v -27.675125948356904 -17.56332509098361 51.90523389714646
v -27.833861943908875 -17.355760536906605 51.481384486439396
v -27.997568733957806 -17.147738588176612 51.08653271518394
v -28.16771408368094 -16.93261031382256 50.724842044571076
v -28.345765758255542 -16.70372678287339 50.40047593579184
v -28.533172295347665 -16.45446976059162 50.117598456275964
v -28.72815910851193 -16.183366648075086 49.88047529777725
v -28.92214003223062 -15.899819359520706 49.69358691949085
v -29.10566335421027 -15.614611632583765 49.561441071092496
v -29.26927736215742 -15.338527204919528 49.48854550225794
v -29.403761986678262 -15.082145773382921 49.4792472829744
v -29.50713466988339 -14.84967193055368 49.532873164904004
v -29.585903447426833 -14.637831397418008 49.64286037782937
v -29.647060619177815 -14.442923334691189 49.8023102404245
v -29.697598485005525 -14.261246903088479 50.00432407136337
v -29.744496251764588 -14.089108915218619 50.24201431325955
v -29.792538333100126 -13.924098877121208 50.51035812420904
v -29.841870783420447 -13.766517070911528 50.808273452832
v -29.892050261218504 -13.617008236791149 51.13517900366671
v -29.942633424987253 -13.476217114961639 51.490493481251384
v -29.993176933219672 -13.344788445624587 51.8736355901243
v -31.088562024989915 -18.8782511565159 51.03363257466067
v -31.190933596183 -18.67830823404057 50.654922072561725
v -31.301684675954398 -18.477373691338737 50.30296264877765
v -31.4217941903905 -18.27078898233319 49.98113394663042
v -31.55224106557775 -18.05389556094672 49.69281560944199
v -31.693990599265707 -17.82205489882614 49.44138807388828
v -31.84572355946543 -17.573984055778563 49.23036476724155
v -32.0012927105434 -17.31549161315916 49.063540172027395
v -32.15393732285199 -17.053287271365512 48.94474448443863
v -32.29689666674349 -16.79408073079521 48.87780790066803
v -32.42357167612466 -16.54447174938678 48.866429888122504
v -32.5324143433909 -16.307625014056722 48.910225389738535
v -32.62780224524453 -16.082675402328668 49.00401764109909
v -32.7144509263308 -15.868527950022875 49.142356580945325
v -32.79707593129493 -15.664087692959571 49.319792148018415
v -32.88038439875977 -15.468261379739252 49.53088242973516
v -32.96767435864124 -15.28024287377191 49.77155148295769
v -33.059265905458766 -15.099832811635657 50.04061013172405
v -33.15510072773323 -14.926908932523654 50.33723602133266
v -33.25512051398545 -14.761348975629069 50.660606797081975
v -33.35926695273633 -14.603030680145062 51.00990010427047
v -34.40155356643305 -20.080831933491524 49.797581166673716
v -34.46100904586011 -19.89771652191525 49.475783402011245
v -34.530675847469396 -19.711982301143976 49.17814255729184
v -34.61080609160381 -19.521400839637373 48.90702552301847
v -34.70165189860633 -19.323743705855087 48.66479918969408
v -34.803458828520206 -19.11678982834688 48.45383128879042
v -34.915372732763295 -18.899551913848814 48.276630524100355
v -35.03421539703327 -18.67365007029621 48.13600352282238
v -35.15651328819371 -18.44103572787394 48.034794769256884
v -35.2787928731081 -18.203660316766875 47.97584874770432
v -35.39765703724133 -17.9634745728548 47.961920081257595
v -35.51209630887882 -17.722407538967445 47.99295574587802
v -35.62390224877468 -17.482362809011835 48.06560896240201
v -35.735026175629656 -17.245242525406077 48.17634509109626
v -35.84741940814448 -17.01294883056827 48.32162949222749
v -35.963030596775944 -16.787378947474902 48.49793182222862
v -36.08336111196283 -16.56960544890274 48.70244190753756
v -36.2089670663431 -16.35895813575634 48.93387154357799
v -36.34028445872599 -16.154545355066077 49.1911259222437
v -36.47774928792077 -15.95547545386232 49.473110235428486
v -36.62179755273668 -15.760856779175445 49.77872967502612
v -37.445093147565096 -21.14615136745193 48.01097917371651
v -37.4874053593455 -20.98297085500889 47.76850740004556
v -37.53869580985353 -20.816182141459244 47.545511978277624
v -37.59843782957621 -20.64598840524357 47.34329815498974
v -37.66610474900059 -20.472592824802465 47.163171176758915
v -37.741170515857384 -20.296193512317554 47.00643708342518
v -37.82321254696551 -20.11613931865877 46.87453489019035
v -37.912026925211684 -19.929984311008642 46.76918463531333
v -38.007437519361375 -19.735054493538563 46.692142066629074
v -38.10926819817999 -19.52867587041992 46.64516293197255
v -38.21733406744422 -19.308278929419235 46.62995678547621
v -38.331176439810875 -19.074558671149035 46.6467898931174
v -38.45001543105932 -18.832039817483974 46.69423534593558
v -38.57305283738351 -18.585465519899856 46.770769664097116
v -38.69949045497737 -18.33957892987249 46.874869367768305
v -38.82853311798253 -18.099112098599925 47.0050113074339
v -38.95989491429878 -17.866936328247053 47.159727705137975
v -39.09436616163346 -17.641990512937713 47.33766780223331
v -39.23287393412436 -17.422713856039056 47.5374957097062
v -39.37634530590928 -17.20754556091824 47.757875538543004
v -39.525707351126 -16.994924830942416 47.99747139973005
v -40.1263844321163 -22.05122424821819 45.71481151527716
v -40.162414778824555 -21.90788258408745 45.543032622670445
v -40.20488124497476 -21.76094805888673 45.38666763918652
v -40.252612369625886 -21.612618722282633 45.246091320212585
v -40.30443669183696 -21.46509262394182 45.121678421135854
v -40.35918929560329 -21.320552762616902 45.01380439175972
v -40.416802398183215 -21.178659139502003 44.92296108746976
v -40.47952683992102 -21.03373978693895 44.84988636901776
v -40.54990808840017 -20.87944520443915 44.79534935703655
v -40.6304916112041 -20.709425891514048 44.760119172158966
v -40.72374432367094 -20.517518718850184 44.74495709199743
v -40.82967883418646 -20.303383587005612 44.75037934477746
v -40.945428512498694 -20.073511609145033 44.776614682187734
v -41.06796250989075 -19.834783519228775 44.82387545958398
v -41.194249977645605 -19.594080051217173 44.89237403232184
v -41.321267697226006 -19.358266253836756 44.98231977079644
v -41.44727150361676 -19.131577846686856 45.093421673909454
v -41.573220315488996 -18.9126938650326 45.22433128206135
v -41.700416532128834 -18.69958725673148 45.37356576449035
v -41.83016255282241 -18.490230969640947 45.53964229043471
v -41.96376077685583 -18.282597951618502 45.72107802913266
v -42.3895487511193 -22.78780114841117 43.03957797898117
v -42.424085857764574 -22.668715977713514 42.92565731122515
v -42.46230369361692 -22.546407405379192 42.82343512749221
v -42.50270087583731 -22.424205423525958 42.73266194033655
v -42.543776021586716 -22.30544002427158 42.6530882623124
v -42.584037648807374 -22.193420755518293 42.584465193367684
v -42.62365395185406 -22.088030083877733 42.526642298757906
v -42.66630059694047 -21.981907864634252 42.47967723508258
v -42.71609894443232 -21.866773635064334 42.44365410109073
v -42.77717035469529 -21.734346932444495 42.418656995531315
v -42.85351814660488 -21.576573570653203 42.40478731431888
v -42.945457519760275 -21.392469209061623 42.40268689054339
v -43.04897700406261 -21.189343405358944 42.4136315642169
v -43.159818356169886 -20.974978762862925 42.43893333617618
v -43.27372333274003 -20.75715788489133 42.47990420725796
v -43.38644374625731 -20.543645813491874 42.53785127154041
v -43.49541707594946 -20.339263780027647 42.61325909897269
v -43.60164319948633 -20.14261172293004 42.704873980756446
v -43.70657466820598 -19.951499041464633 42.81122132516011
v -43.81166403344648 -19.763735134896947 42.930826540452074
v -43.91836384654594 -19.57712940249256 43.062215034900774
v -44.20783105972472 -23.35844078039655 40.147608178932096
v -44.24994868696221 -23.27249871180195 40.065160747543494
v -44.292688377633965 -23.18338914241249 39.99203307145387
v -44.334586082826135 -23.0945876392026 39.927708382262786
v -44.37417775362485 -23.009569769146673 39.871669911569775
v -44.410009643000336 -22.93179047566865 39.823401375614104
v -44.44235491755339 -22.86124755882877 39.78246773120618
v -44.47513631130397 -22.790632675773534 39.748605624658566
v -44.5127403084949 -22.71170909268832 39.72157351885432
v -44.559553393369 -22.616240075758498 39.70112987667655
v -44.619839137205446 -22.49620767726788 39.68706010159302
v -44.69402078641415 -22.35042975973588 39.67999133576549
v -44.77801635967308 -22.18574352854796 39.681538196279405
v -44.867486918292045 -22.009443575344065 39.69337162122607
v -44.95809352358076 -21.828824491764127 39.7171625486968
v -45.04550724686123 -21.65116446343496 39.75457669687956
v -45.127077146349855 -21.480991521999236 39.80640476710394
v -45.20369844852052 -21.317021669938978 39.87158824660978
v -45.276716991147175 -21.15723237568314 39.94883364315921
v -45.347478612003755 -20.999601107660606 40.036847464514274
v -45.4173291488642 -20.8421053343003 40.13433621843708
v -45.690642058452 -23.804390997662022 37.04125211712242
v -45.73286865711647 -23.7519679097768 36.983309610190396
v -45.77383318682864 -23.696761238358626 36.93218304188749
v -45.8123937124025 -23.64160009746058 36.88736548229759
v -45.847408298652105 -23.58931360113579 36.848350001504556
v -45.877743361458265 -23.54271429428798 36.81463003615459
v -45.90366521315956 -23.501837221173954 36.785760470054385
v -45.92839863281358 -23.460847603907037 36.76142604617126
v -45.95554433159334 -23.413164786798024 36.74132800866517
v -45.98870302067177 -23.352208114157683 36.72516760169602
v -46.031375446754254 -23.271569353312966 36.71267075612347
v -46.08393904050392 -23.170227501524803 36.70433472052751
v -46.14310715453621 -23.05348151556877 36.70156160495218
v -46.205384159388906 -22.926990813502513 36.705805128557536
v -46.267274425599794 -22.796414813383684 36.71851901050358
v -46.32529029643435 -22.667400206268145 36.7411527067923
v -46.37728059031416 -22.543460245038624 36.77444103660109
v -46.42391856117406 -22.423599487811686 36.81760854365097
v -46.46623636373031 -22.306249573241825 36.86968786108866
v -46.505266152699136 -22.189842139983572 36.929711622060836
v -46.542040082796795 -22.072808826691425 36.996712459714225
v -46.923036976355846 -24.158132748197076 33.736342630672674
v -46.94872869080307 -24.133767275752334 33.70800652588894
v -46.973222739969444 -24.107739650804 33.6830832424459
v -46.99589521830173 -24.081649898399654 33.66126678200842
v -47.01612222024673 -24.057098043586876 33.642251146241314
v -47.033284538091635 -24.035674774250435 33.6257305488616
v -47.047550467135196 -24.017405581705617 33.61143475008275
v -47.060752569656344 -23.999008154084148 33.59916863219311
v -47.074934886198285 -23.976779857247386 33.58874662323676
v -47.092141457304244 -23.947018057056695 33.57998315125775
v -47.11435980321427 -23.90611649022513 33.572707058056395
v -47.14181150899525 -23.853479929628215 33.567197532613406
v -47.172646475576315 -23.79204550649209 33.56426208291245
v -47.20489644459808 -23.724951821437887 33.564738349811456
v -47.23659315770108 -23.655337475086753 33.56946397416832
v -47.26577281766493 -23.586333996975565 33.57927419531762
v -47.291219451804274 -23.51988758474905 33.59460168318313
v -47.31329750003255 -23.455439418674107 33.615028338906924
v -47.33257222515831 -23.392112366671647 33.64002795651409
v -47.34960888999008 -23.329029296662537 33.6690743300297
v -47.36497275733636 -23.26531307656766 33.701641253478826
v -47.926999461829475 -24.43056336799455 30.29358989162645
v -47.92744464034524 -24.429689920834466 30.293589891626457
v -47.927889109182416 -24.428817837801965 30.293589891626453
v -47.92833404442745 -24.427944810548635 30.293589891626453
v -47.92878062216682 -24.427068530726046 30.293589891626453
v -47.92923001020332 -24.426186706244344 30.29358989162645
v -47.9296819877485 -24.425299770453197 30.29358989162646
v -47.930133399438986 -24.424413916501184 30.293589891626453
v -47.93058071701519 -24.42353606943406 30.293589891626453
v -47.93102041221755 -24.422673154297566 30.293589891626453
v -47.93144905201548 -24.421831909238993 30.293589891626457
v -47.9318661787383 -24.4210132329014 30.293589891626457
v -47.93227482522054 -24.420211173388537 30.293589891626453
v -47.93267822337897 -24.41941938808106 30.293589891626457
v -47.93307960513042 -24.418631534359623 30.293589891626453
v -47.9334821948038 -24.417841284496056 30.293589891626453
v -47.93388794476618 -24.417044806980464 30.293589891626457
v -47.93429611928809 -24.416243545677986 30.293589891626457
v -47.93470564106386 -24.415439614795204 30.293589891626453
v -47.935115432787825 -24.414635128538706 30.293589891626453
v -47.935524417154305 -24.413832201115063 30.29358989162645
v 0.7940829921712289 -1.0868064232163828 59.0
v 0.40201846059735175 -1.2831562383683093 59.000000000000014
v -0.04531471380335772 -1.3516250962020115 59.0
v -0.48459278208251866 -1.2638948842535764 59.0
v -0.8553896073425439 -0.9986898255922734 59.00000000000001
v -1.1292525484179892 -0.6124422978531188 59.00000000000001
v -1.2975725012038017 -0.20981226873316716 58.99999999999999
v -1.3526044601878517 0.1055449074979944 59.00000000000001
v -1.3144727624045933 0.3148715066404962 59.00000000000001
v -1.2390269930974385 0.5129496966339158 59.0
v -1.1399041094773434 0.7159879422214899 59.0
v -1.0073825435153934 0.8945737694227336 59.00000000000001
v -0.8461336369811275 1.046287547525405 59.0
v -0.6626351350427409 1.1713834870325506 58.999999999999986
v -0.46103738118186927 1.26468795013157 59.0
v -0.24666805175936318 1.3232036184109026 59.00000000000001
v -0.025654231826021258 1.3457177034085204 58.99999999999999
v 0.19607079750578854 1.3316380416292835 59.0
v 0.4125343278842635 1.2812181508163163 59.00000000000001
v 0.6176464341996634 1.195886292794492 59.0
v 0.805527252951877 1.0783514476977356 59.0
v -1.2102366844466101 -2.0993432996465566 62.384500456352974
v -1.5540776935612508 -1.8957096540156815 62.27907827996745
v -1.8841837200432487 -1.6532172014771287 62.18505682591967
v -2.1809598628138858 -1.353421116578598 62.103438636661096
v -2.425779296139855 -0.9822462206407159 62.0351653648111
v -2.610697353383836 -0.5738338939975379 61.98050677843427
v -2.73439897831088 -0.1922498982182251 61.93931565753176
v -2.7958924717367397 0.09927831189736036 61.91141714980883
v -2.8052013745821216 0.30076853401876386 61.89558499507824
v -2.786314844957192 0.49601624976848424 61.889280535537125
v -2.7448958849328324 0.7017372640007162 61.89193332436064
v -2.6765048749017506 0.8960929819723211 61.904053753491986
v -2.5828222203084703 1.0794550501555358 61.9255123145343
v -2.4662196113495343 1.2541879366631017 61.95611812368337
v -2.3279569212366527 1.417835771425752 61.995813841464035
v -2.1697037912143005 1.569246844516149 62.04451162173384
v -1.9934218145027705 1.708283378596797 62.10209956697499
v -1.8009984687528817 1.8346589009590013 62.16847237742711
v -1.5942644614141779 1.9483730654359892 62.24354019805262
v -1.3749964563769668 2.0499303922407868 62.327232265124216
v -1.1450067262539398 2.1399598612892237 62.41945766510052
v -3.6316274932002477 -2.6118583844913754 65.34557905689181
v -3.913849721435727 -2.1687221665868592 65.21134042929232
v -4.137409713353614 -1.7461538693942977 65.09263419529978
v -4.3124339519219985 -1.3327282956085609 64.99120258851077
v -4.448736355591766 -0.919506426436409 64.90866466667582
v -4.552681871701941 -0.5249828044606297 64.84528031236363
v -4.628494931376116 -0.1846779145139373 64.80046587062918
v -4.680340341259875 0.06659811817902886 64.77359618386839
v -4.711027754220396 0.2414933428043801 64.76262687045259
v -4.72135483516816 0.4147937199938281 64.7637669607587
v -4.7112538547757765 0.6032262836912743 64.77614690595115
v -4.680253726741129 0.7904614815835171 64.80049243320713
v -4.627978762722234 0.978747294324751 64.83658092820141
v -4.553950939777856 1.1718262334533123 64.88409690314815
v -4.457494675605502 1.3691156857744136 64.94292012278683
v -4.337803159251749 1.5707318958005179 65.01288721840673
v -4.194002211397909 1.7772719529526326 65.09380043112269
v -4.0252326953110185 1.9886713012871349 65.18547121152814
v -3.830514592259741 2.2047686792126933 65.28773954187253
v -3.6086964891426025 2.4254459118371825 65.40048179326034
v -3.358830458278696 2.6499353903842007 65.52353675248226
v -6.161350618222027 -2.854358424272031 67.97502961821695
v -6.421265716205556 -2.298426266079191 67.87519974085879
v -6.598172969455503 -1.7926965792914946 67.78892927275562
v -6.716903168151222 -1.3296571683762475 67.71843181953136
v -6.801394016563593 -0.903253836734008 67.66573255185492
v -6.8657285255185725 -0.5235205741245229 67.63077736817914
v -6.9178736409541415 -0.21047609405896966 67.61222171953044
v -6.965521078324012 0.016486478732301458 67.60868040300623
v -7.007335146996547 0.17608035352321066 67.61771977367137
v -7.030046994079944 0.3364183468414241 67.6356750925067
v -7.0302276069596745 0.5137528348211386 67.66166818263868
v -7.010006380885313 0.6949986179950369 67.69632300661343
v -6.967949604880296 0.8833053332142705 67.73936200943028
v -6.90206841888743 1.0830184811851338 67.79041484651232
v -6.810777365554963 1.2945188194689445 67.8492905152117
v -6.6920593303930636 1.5185706458021921 67.91576173607531
v -6.543627657030404 1.7561435528180855 67.98957147273455
v -6.36326821472867 2.007306443485705 68.07047041057027
v -6.148616411601927 2.2718370861411437 68.15824840469853
v -5.89707652892045 2.549316556597084 68.25274714573042
v -5.606341009002657 2.838314157916592 68.35375639001839
v -8.865859444638566 -2.9572651243487447 70.5274532591786
v -9.080745635273113 -2.3736610052630085 70.43884760420406
v -9.20995603598211 -1.8475888399609703 70.36482971840076
v -9.281454209354179 -1.3732061194762277 70.30783492049599
v -9.322255423286226 -0.9457299696541844 70.27004724364456
v -9.348911054807136 -0.5720699819080787 70.2508779280827
v -9.371478333168652 -0.26639237907382796 70.248017350632
v -9.399658211467022 -0.04229582828988073 70.25912753547307
v -9.430418322838145 0.11986568660953514 70.2817437227066
v -9.443991923153694 0.28264232093885283 70.31339130428559
v -9.435527394253986 0.46129101390097094 70.35340866651494
v -9.408573021570248 0.6443882739290865 70.40207613490215
v -9.361419360118157 0.8352145757735491 70.45909336310717
v -9.291623921404332 1.0380895568849842 70.52409306374354
v -9.197476131401288 1.2536705678884859 70.59681349665209
v -9.076726120242414 1.4828942369445486 70.67697751247178
v -8.926778699200689 1.7268161245345794 70.76429351196506
v -8.745140920342246 1.9855661193636738 70.8584724175166
v -8.529165977106322 2.2589370865930882 70.95927282124997
v -8.275961164693276 2.54645997475893 71.06651894152078
v -7.982941868059352 2.846603558773795 71.17997053691542
v -11.682957256594237 -2.9743605849851913 72.94042459883777
v -11.850590732351247 -2.41963312067775 72.86862396631118
v -11.943831864078279 -1.914427577553403 72.81214156885167
v -11.985769768419113 -1.4532208891592562 72.7734040828118
v -11.998834539395428 -1.0315478294720726 72.7545320239463
v -11.998184332403147 -0.6566158380532704 72.75426760049588
v -11.994464159050887 -0.3428766975308845 72.76925636005076
v -11.997982323065987 -0.1042629354346381 72.79613587226721
v -12.005817202975868 0.07615404555314857 72.83269526332967
v -11.997662790833123 0.2552040695212367 72.87838846816314
v -11.968737920828456 0.4465917645959104 72.9329280942898
v -11.923021065233675 0.6396782581855008 72.9960867784625
v -11.859086112722633 0.8373149317617986 73.06756730904091
v -11.774802778092262 1.043317948786589 73.14705112868837
v -11.668871005324055 1.2581652746560026 73.23421396346687
v -11.539487168221896 1.4826392936756352 73.32874534768389
v -11.38452113097897 1.7176734409356371 73.43034190014009
v -11.201950987764787 1.96340265339842 73.53869424912833
v -10.989615119460558 2.2196862583579735 73.65354737610026
v -10.745123104813604 2.486181916633788 73.77472422529746
v -10.466366884415566 2.761643601830182 73.90197127655624
v -14.661645525160774 -2.9734401278938343 75.15175637034108
v -14.782474524957145 -2.473961812011776 75.09213999451258
v -14.84847146671218 -2.0074420394468553 75.04900991934188
v -14.873408119218658 -1.5682200133602635 75.02457312677502
v -14.87085014981442 -1.151854306982114 75.02068910582703
v -14.852089013874682 -0.767358546534841 75.0353829592859
v -14.827004734951801 -0.4320968947270774 75.06430007563364
v -14.805226864546883 -0.16296983254378572 75.10310293440564
v -14.78511070256048 0.05206572020068917 75.15004640162351
v -14.75015960549528 0.26269343345374563 75.20692587881565
v -14.696710297941438 0.48047265509601533 75.27391831958283
v -14.628375623699242 0.6953775986055725 75.3502024408987
v -14.544348651805782 0.9094815081178934 75.43550386856485
v -14.443285755121554 1.1257707040632055 75.52958620703154
v -14.324583906632885 1.3443185877155324 75.63207902617107
v -14.187266173749062 1.5655758737677727 75.74265761027735
v -14.030110699438387 1.790224220803928 75.86102764338962
v -13.851990161761762 2.0183642122630063 75.98687739530114
v -13.651660574796256 2.2499483012891335 76.11995467729184
v -13.427685020511513 2.484863918086496 76.26009634753416
v -13.17885664849124 2.7223591286254347 76.40705001247441
v -17.824186471278512 -2.9731684086959977 77.09969779185649
v -17.90476459703649 -2.5329361994272555 77.04521677245077
v -17.951981899442742 -2.107176910384439 77.0087795006246
v -17.969414213980794 -1.6905279125967683 76.99218151533151
v -17.96086701318873 -1.2789375551051694 76.9968486400538
v -17.93267968348146 -0.8828200813240784 77.02012709899131
v -17.892764220485653 -0.5215676241523106 77.05683121679085
v -17.84890110477301 -0.21418848617482075 77.10181879328093
v -17.801247487956456 0.045788924834101935 77.15394914077957
v -17.73985472010966 0.2982081488615501 77.21744656268149
v -17.662779234424814 0.5518541893497438 77.2929749503497
v -17.57266531894757 0.7978483689610972 77.37911069064585
v -17.469437848822455 1.0373476375570194 77.47561572625844
v -17.35272293279348 1.2723333451839183 77.58235701403966
v -17.222651960158824 1.5024799495001577 77.698942519118
v -17.079156592755794 1.7278782183492536 77.82505485483335
v -16.92203611876162 1.9489068248187222 77.96042768395664
v -16.75115502440577 2.165609132741431 78.10476332006193
v -16.566284446352086 2.378032683238879 78.25782763293708
v -16.36704413952642 2.586323950542608 78.41948557263396
v -16.153224156220304 2.7902571534953964 78.58949796391269
v -21.131825849739236 -2.9722439677858996 78.74887163376434
v -21.17115601720591 -2.5759875110969292 78.69906510750268
v -21.195825369478865 -2.1804082467750328 78.66856979739396
v -21.20185640984125 -1.7817534487146038 78.65859807085654
v -21.185741591416637 -1.3773738226594312 78.66999498349887
v -21.149158995685845 -0.9767958152423669 78.69955251467927
v -21.09700503250229 -0.5971024370576715 78.74154720504866
v -21.034162583246015 -0.2551135500922459 78.7903233827797
v -20.962479815893868 0.050851518260284403 78.84540998989002
v -20.87968921496492 0.346875659728262 78.91322166004134
v -20.785725303511494 0.6383103806519372 78.99486417365456
v -20.6818548939501 0.9186489225745565 79.08838110373043
v -20.56862631815437 1.188202748672642 79.19357791239386
v -20.44652984506396 1.4479236473650137 79.3104337316288
v -20.316222611641013 1.6973202208049722 79.43856747232513
v -20.17833169040028 1.9362422454748882 79.57769303229804
v -20.033463729481568 2.1647919034287693 79.72758893386721
v -19.8822496914528 2.3829489078028976 79.88798634696339
v -19.725242255795393 2.5908334473493078 80.0586831558544
v -19.562877010610613 2.7888073297092055 80.23958549212945
v -19.395711467045523 2.977028333468779 80.43047715581643
v -24.552494923348245 -2.9618011301012355 80.07675440865863
v -24.547800173369243 -2.586785210776556 80.03375034938746
v -24.541781944177814 -2.206176877264463 80.0106306092195
v -24.527169484066555 -1.8192601681716503 80.00790430541142
v -24.49714289736041 -1.4258637647979908 80.0257435522346
v -24.449857227463294 -1.0318261698137414 80.0606018282973
v -24.38655508720888 -0.646715728696732 80.10662473554595
v -24.308560132547285 -0.27999570768919385 80.15804417320777
v -24.218906826588356 0.06678270204602436 80.21503378759778
v -24.122735547689064 0.4026313263290631 80.28561107838483
v -24.021670204217052 0.7290440565949289 80.37120629377793
v -23.915434628809482 1.0431497410928703 80.46948230975295
v -23.804970414661828 1.3446092670657566 80.58028666772205
v -23.691357971913867 1.6334396624766858 80.70370153446983
v -23.575460867341363 1.9092971675186168 80.83938960081842
v -23.45824623716364 2.1719721941689745 80.98711636155028
v -23.340751308582334 2.421362027143209 81.14671567826151
v -23.22399165722142 2.657388287732718 81.31795831101614
v -23.108908433754035 2.88021017218907 81.50068415432209
v -22.99634655062065 3.0903233132330223 81.69484907126049
v -22.88724509893633 3.2880480048450695 81.90026632826464
v -28.09491507732664 -2.925274353317161 81.09210948415138
v -28.048593854635065 -2.5582375928311643 81.06029464862438
v -28.00884928801381 -2.1845270847436153 81.04757971238779
v -27.96838193622416 -1.8069614887065604 81.05374552824117
v -27.920157566368044 -1.4281851290217011 81.07829436787988
v -27.860068368270596 -1.0489186388676495 81.11765451945979
v -27.785822741603006 -0.66868876144572 81.1663464814223
v -27.69527427854491 -0.2870817306112217 81.21898555389569
v -27.59207712871138 0.09251253866894472 81.27625228807868
v -27.487373231432436 0.4618554221202475 81.34679928022139
v -27.384072339336093 0.8187580153280084 81.43218495721294
v -27.280501033536964 1.1643925451142514 81.5299326308467
v -27.177778189359696 1.4979718580039976 81.63991859173026
v -27.077296893511704 1.8187496679976676 81.76229325825005
v -26.97988303162794 2.1267218982587917 81.89678562903138
v -26.886556189657497 2.4217478275702646 82.04322120341925
v -26.798469027690032 2.7035917844546993 82.20148726494571
v -26.716711221175704 2.9721287459820185 82.37139740231143
v -26.642295331435868 3.227530197687295 82.5528358670083
v -26.57614820324491 3.4703545889223566 82.74580752653354
v -26.519279750859894 3.70091727864735 82.95015706108734
v -31.71339206154486 -2.812613098924306 81.81271992666024
v -31.635416962611913 -2.4520627088752134 81.79473919231523
v -31.56700996959118 -2.0863017482890656 81.79389295135886
v -31.502922545177412 -1.7211766416435794 81.80930699002396
v -31.437923383093498 -1.361688994842112 81.83991503359519
v -31.366971311626823 -1.0035183228358664 81.88253152437592
v -31.285143161247174 -0.6365586218814602 81.93265562557909
v -31.187688794240373 -0.250901572226471 81.9858755641641
v -31.07827762295874 0.14938293546084938 82.04312647214813
v -30.97153353799985 0.5419402616852861 82.11234569014087
v -30.871043347703313 0.921698847585548 82.1949441958111
v -30.774198259517824 1.2933612755156731 82.2886363507826
v -30.682102533401704 1.6558940654274155 82.39330173937549
v -30.596192985867702 2.0080326097037036 82.50909804867067
v -30.51710239324329 2.3501684749385174 82.63583203881963
v -30.44569812920266 2.6822962268063084 82.77338511737781
v -30.383011062580294 3.004116281410234 82.92168324065285
v -30.329982328508677 3.3154738656155085 83.08057832149413
v -30.28747192513787 3.6165342718920206 83.24999339864013
v -30.256258103123304 3.9078617595756153 83.429971996408
v -30.237202754639586 4.189662470340789 83.62038751968919
v -35.37054649672532 -2.4744174679093893 82.29347094266743
v -35.27640709602896 -2.1262371968362723 82.28433852478531
v -35.19060923159561 -1.7752023484216906 82.28997047176634
v -35.11084989152375 -1.4286755431965972 82.30900891335237
v -35.03463721226959 -1.0927612784199254 82.34001852198716
v -34.957395460166666 -0.7596813788729834 82.38070927302381
v -34.873255600548354 -0.4130417416914175 82.42826069580036
v -34.77650727190043 -0.03672488771570721 82.47991716612098
v -34.67019291040436 0.3654436729247762 82.53650154810468
v -34.568785471379066 0.7634415394485822 82.60350299170278
v -34.47573478283321 1.1507399622983931 82.6818300586712
v -34.38827470600605 1.5341380614119622 82.7698082556474
v -34.3073270696912 1.9125569232411326 82.86728287978991
v -34.23411199131467 2.2845321567486736 82.97433170425855
v -34.169002392517456 2.65077084794785 83.09083963030588
v -34.112591724664405 3.011407458266436 83.21672737339821
v -34.06562976322221 3.366144637789173 83.35193198163874
v -34.02877433594784 3.714820203586692 83.4963314445461
v -34.0026019907245 4.057583008582337 83.64987410188688
v -33.987608723188266 4.394960117250374 83.81262216668168
v -33.98438146980835 4.727007339863669 83.98447044300029
v -38.987371131898996 -1.7865144426606683 82.51598751724737
v -38.90893710249116 -1.446943070903589 82.49358605480838
v -38.83325743641701 -1.1076944323917455 82.48478558309802
v -38.760684296654716 -0.7751310623841581 82.48801419762864
v -38.691321030774446 -0.45440993040333694 82.50176520897729
v -38.62252545028271 -0.1373852759114978 82.52525153875122
v -38.54995141954528 0.1923446627610584 82.55813271684438
v -38.46934903155885 0.5509182145588724 82.60008618600257
v -38.38245369228579 0.9354442142692141 82.65134116907892
v -38.29884125837946 1.3179945728193045 82.71282310755217
v -38.22080529398123 1.6926341360538983 82.78450384178073
v -38.14651649117728 2.0659039486386317 82.86582959976928
v -38.0765705134952 2.436879735527567 82.95656168524968
v -38.01171886825242 2.80428940631279 83.05658457513655
v -37.95209655981227 3.1689393579446454 83.16585061721064
v -37.897984359165875 3.5310467452416803 83.28429073060197
v -37.84976956833022 3.8903797012989054 83.41181264240966
v -37.80777981371484 4.246796420195865 83.5483004283503
v -37.77227039256457 4.600427304695326 83.6937063265194
v -37.743418250148075 4.951733221365818 83.84808165000392
v -37.72150034520785 5.300641703111942 84.01133064010205
v -42.6338165385246 -0.6044788671072402 82.37892872456699
v -42.54593397331934 -0.279050269279754 82.29888045493571
v -42.45785940738489 0.04408716309614439 82.2345692663225
v -42.37113731675204 0.3630693280931922 82.18457520640851
v -42.28725198472208 0.6765149016646197 82.14771398421999
v -42.20702350217009 0.9883697382233438 82.12540169727052
v -42.130859745831735 1.3058858700265088 82.1206683080618
v -42.05914872782359 1.6361893432717183 82.13648799885415
v -41.99160540489406 1.9777782689582484 82.17190445329828
v -41.92708615341894 2.3178163508158183 82.22079953050523
v -41.8655113732069 2.653622359470264 82.28169848934428
v -41.80738980838914 2.9882239873403704 82.3557630055683
v -41.752871881736155 3.32104999558889 82.44260903824221
v -41.70199844431889 3.6514836932429406 82.54178920131486
v -41.65477628719275 3.980080798243849 82.6533016333164
v -41.6112171606937 4.30702300142756 82.77704612083097
v -41.57134217784991 4.632204004575787 82.912848194603
v -41.535189195744785 4.955535429062067 83.06057047118064
v -41.50274690118517 5.277135362094706 83.22013995595478
v -41.47393257343889 5.5973834265606754 83.3915580967619
v -41.44876942366346 5.916163402150938 83.57472208418542
v -46.20010356001473 1.1995411623748415 81.72539034219405
v -46.01001932260659 1.4995936275316097 81.53109440535606
v -45.82767814281413 1.796899035225718 81.3595220253656
v -45.65399393094085 2.0970955202601345 81.20974705133571
v -45.49024553477457 2.404988007275074 81.08125866094348
v -45.341738679026086 2.7161874221573794 80.97812894560379
v -45.21627826716742 3.0205986692651856 80.90727426560217
v -45.12149522574074 3.3082454552953737 80.87546334503104
v -45.054627451404734 3.57919325518643 80.88011272961651
v -44.999329632442354 3.8468176996742183 80.90640493169784
v -44.952232034815914 4.113932489178545 80.9510799602228
v -44.917296002335135 4.377208642697337 81.01741240467774
v -44.894169917515285 4.636569046858746 81.10483120857755
v -44.882039625411984 4.892421484603816 81.2124595747788
v -44.88092143211191 5.1447373901030025 81.34031617994403
v -44.890649313328844 5.393539706880232 81.48823384458642
v -44.910935352720365 5.638887284615148 81.6559146432289
v -44.94161972309728 5.880771559054489 81.84317689772239
v -44.98252944951306 6.119306671064443 82.04989778943148
v -45.03343298953603 6.354787007580253 82.27599645847467
v -45.094204290634096 6.5871540747173505 82.52134923224023
v -49.244770847723274 3.4373099220455523 80.28445665694167
v -48.890642004090935 3.689260278486601 79.97809864931283
v -48.560929742592485 3.9395246165546154 79.70114830102379
v -48.255032655680495 4.201393345625268 79.4532984466935
v -47.97318081825704 4.485941104158319 79.23479841310103
v -47.72477923964895 4.779792762776635 79.05203810050307
v -47.52492711892087 5.054399065437225 78.9152183999341
v -47.38840703638039 5.281586423799259 78.83431133893554
v -47.31024364298489 5.462822119185826 78.80523175082354
v -47.25960863804291 5.6387677134288685 78.80552998898007
v -47.23002006045465 5.817909668467505 78.83038756866326
v -47.22877112936966 5.990228171901765 78.88494098411513
v -47.25507376582542 6.156135128479787 78.96846022208261
v -47.30735248613829 6.317074157921424 79.07968831905909
v -47.385703412462625 6.47235511625506 79.21864740662633
v -47.48986592708375 6.6218029899575015 79.3851013435006
v -47.61933429422091 6.7656331398043 79.5786375737083
v -47.77383774486922 6.903917484206183 79.79903159440012
v -47.95312958395221 7.036767377962447 80.04611031228376
v -48.15692030160577 7.164394393873943 80.31971004323731
v -48.385018619566104 7.286843479667347 80.61968662039257
v -51.367893619437346 5.439624833736836 77.564810789805
v -50.96996543313816 5.6005254325099 77.30499331946496
v -50.60197601287138 5.764549329760185 77.06644048394979
v -50.26197833451356 5.94972407176828 76.84935536981678
v -49.94915332343701 6.170979216363477 76.6545498771274
v -49.675128184143 6.4090597863892675 76.48955381560147
v -49.459254587773046 6.623495042341288 76.366066294756
v -49.32048893909823 6.774356568956178 76.29551756314146
v -49.25266842779314 6.863998264998874 76.2730505341749
v -49.216747330818585 6.950663492120646 76.27254369774792
v -49.2044754782041 7.046478826797496 76.28844758357243
v -49.22503696415688 7.137096561357307 76.32682067333603
v -49.27740059105953 7.22325834944689 76.38687627038671
v -49.35957382585183 7.307073669779035 76.46718276087833
v -49.4717269270584 7.38739131597452 76.56775787187698
v -49.613574812986606 7.463891174500352 76.68833088148597
v -49.784516784887614 7.53688578135814 76.82843696186218
v -49.98424742441856 7.606500779552843 76.98783631694882
v -50.212511218784606 7.672837842918375 77.16633102530294
v -50.46902515228499 7.736034150287449 77.36370826435821
v -50.75359015676038 7.796221525294837 77.57981895439694
v -52.479266480815376 6.87034477498002 74.12185367085664
v -52.165832962046764 6.962154044550706 73.96279518076406
v -51.8759148851907 7.0584692808628215 73.81394465366745
v -51.607305640535 7.176476363693028 73.67570341791013
v -51.35886916791246 7.330373965210123 73.5490013496999
v -51.14128231057841 7.501398625997898 73.44060054936631
v -50.972553289902635 7.650329777878035 73.36088273883003
v -50.870326051089826 7.738476737334479 73.31998860410144
v -50.82893826592231 7.768260998735701 73.31354413169383
v -50.812212634577236 7.796437293402128 73.31823038066337
v -50.81248815795507 7.834818739014154 73.32911646226201
v -50.83825147308687 7.869436468362102 73.35164426062867
v -50.8885326346552 7.901068646680567 73.38513716224101
v -50.96148411510683 7.9317892453526655 73.4283302201311
v -51.05727860168173 7.960427930865807 73.48123691296229
v -51.17566533607486 7.986652353587468 73.54361793127886
v -51.316099014172416 8.010768830918702 73.6150650545794
v -51.47830677964329 8.032906138629112 73.69537337277282
v -51.662069183098374 8.053142374668582 73.78436808762176
v -51.86715122912185 8.071553956688414 73.88185064604106
v -52.0933803780063 8.088288895861504 73.98769585664567
v -52.87552235320651 7.7929951416359655 70.38208536007566
v -52.70972536231422 7.837363019196145 70.31261250687228
v -52.555918700277545 7.884353894657327 70.24610364102256
v -52.41267004175287 7.944884804035332 70.18285789379247
v -52.279216805978784 8.027961311123972 70.12349258180858
v -52.16218666153316 8.121496974348267 70.07213601561017
v -52.072793847316845 8.200315135357421 70.03509551482604
v -52.0220263558794 8.23958254457495 70.01853149700091
v -52.00637259185261 8.2409865654776 70.01977811829776
v -52.00333513528143 8.24125603484757 70.02465032518346
v -52.00814185322166 8.248046384791461 70.03015565992311
v -52.02605890386474 8.252340906161553 70.03961490259157
v -52.0564756449976 8.254668664450945 70.05262461812491
v -52.09823921283293 8.256385621307151 70.06842011332213
v -52.15145677423775 8.256730508824884 70.08701031828069
v -52.21597132729553 8.255487050881856 70.10825152957025
v -52.291441754659765 8.252854460401169 70.1318983651105
v -52.377695490293696 8.248915410797244 70.1578296907559
v -52.47459516902729 8.243710927685498 70.18594050176773
v -52.58199664742694 8.237270003600015 70.21610823056905
v -52.6997895485215 8.229689229753319 70.248259622769
v -52.817575387508946 8.356032722702691 66.51534745184354
v -52.81744844762251 8.356833476455423 66.51534745184357
v -52.817346093032235 8.357478386486648 66.51534745184354
v -52.817177574590666 8.358544757089868 66.51534745184355
v -52.816871259754556 8.360488259375044 66.51534745184354
v -52.816566456801496 8.36242241167042 66.51534745184354
v -52.81653338906529 8.362627759310337 66.51534745184352
v -52.81703786207176 8.359413003970735 66.51534745184354
v -52.81803210495098 8.353084357828353 66.51534745184354
v -52.8190556374472 8.346576644951883 66.51534745184352
v -52.820008903110285 8.340521485240341 66.51534745184355
v -52.82099875982324 8.334234225826403 66.51534745184352
v -52.8220153858118 8.327777435204068 66.51534745184352
v -52.82303935204905 8.321275299788784 66.51534745184354
v -52.82407797615461 8.314680883661868 66.51534745184352
v -52.82513322078109 8.307981555802115 66.51534745184354
v -52.826202944413666 8.301190972273421 66.51534745184354
v -52.82728722353496 8.294308604724579 66.51534745184352
v -52.82838699247616 8.287328474266808 66.51534745184354
v -52.82950346980234 8.280242830211325 66.51534745184352
v -52.83063584656024 8.273056794571973 66.51534745184354
v 0.9543204942505643 -0.9492040846168743 82.5
v 0.7417484637895201 -1.1230056959773806 82.5
v 0.4976368116818209 -1.2506470302709554 82.49999999999999
v 0.2329202629583457 -1.3257029214867047 82.49999999999999
v -0.041335399423501895 -1.3452750818566563 82.5
v -0.31390976669699333 -1.3087576059453128 82.5
v -0.5734288638274296 -1.2179671978618107 82.5
v -0.8088346771952231 -1.0760929211127865 82.5
v -1.0098619749319513 -0.8881166414534203 82.49999999999999
v -1.1701503825967052 -0.665282730445614 82.5
v -1.2832779888088481 -0.4177116033988904 82.5
v -1.3361098613224789 -0.14084489573708095 82.50000000000001
v -1.3192872406431049 0.16384968753734835 82.5
v -1.234963633983987 0.4744987907202676 82.50000000000001
v -1.0867712968973453 0.7666079563865296 82.50000000000001
v -0.878342484935402 1.015682727110987 82.50000000000001
v -0.6140292898969734 1.1982231615280594 82.50000000000001
v -0.30861852363990766 1.3051457869132976 82.49999999999999
v 0.015238865356797221 1.338232115740416 82.50000000000001
v 0.3346991351824221 1.2995300212907899 82.5
v 0.6269185439262456 1.1910873768457948 82.5
v -0.04505000696887301 -2.4643901065579437 85.45940076612399
v -0.40446657767497307 -2.4517690162660823 85.37550269832542
v -0.767116054990562 -2.4121287330517025 85.29982032531392
v -1.1261063298616862 -2.341346844092444 85.23273100613815
v -1.4743741648850799 -2.2373340708113965 85.17468338852323
v -1.8044801165338318 -2.0991035791554022 85.12640645024898
v -2.1085234859513924 -1.9268256688313417 85.08896889330111
v -2.378469678113128 -1.7220540829535422 85.06334158629542
v -2.605990725468311 -1.487548767959813 85.05087625172185
v -2.781222489321387 -1.2276375054025221 85.05629113920146
v -2.8937424350936625 -0.9488498484818166 85.08337923750675
v -2.9335707696534903 -0.6635927477477825 85.12676738244207
v -2.8955945072989544 -0.3846722323238566 85.18091781625066
v -2.7848672539071226 -0.12273360461113741 85.24464564846446
v -2.6077485119948793 0.11185537790138833 85.31732511354154
v -2.3705977840791075 0.3087269577247335 85.39833044594002
v -2.080073222511614 0.4579366591305012 85.48703526420482
v -1.747162196792998 0.555675883402232 85.58280425862684
v -1.3861147950141195 0.6027603413247729 85.68499539070989
v -1.0112610925224232 0.600119111054502 85.7929664569979
v -0.6369311646653589 0.5486812707477978 85.90607525403495
v -1.5430910162463036 -3.794129660607383 88.28786615490645
v -1.967166907210307 -3.621648134452628 88.11969315267727
v -2.376473740578718 -3.4384920503669036 87.96876572598643
v -2.7675086146186456 -3.2424767844986873 87.83575597431273
v -3.1365709137330575 -3.0322156905172086 87.72145898509791
v -3.47940856075245 -2.8064321260796743 87.62717841008693
v -3.7910655425317756 -2.5639518563219146 87.55483258211842
v -4.066118724868405 -2.3050302392536857 87.50612288537127
v -4.297990673404437 -2.0306453946507816 87.48342287853512
v -4.474129639262523 -1.7392706161953675 87.49529164664462
v -4.581073463289594 -1.4343774662782665 87.5485625819596
v -4.611843944111934 -1.1428090243785023 87.63312874962523
v -4.565045685952918 -0.8869914710217524 87.73871510521616
v -4.44787658688903 -0.6679272429800757 87.8633819364951
v -4.268638351860684 -0.48386690145712863 88.0062602029647
v -4.035632685808298 -0.3330610076565685 88.16648086412759
v -3.757120201305918 -0.21383313594522277 88.34316172010693
v -3.440765837478731 -0.12556525684864592 88.53522981313739
v -3.0937856035949736 -0.0684370021563694 88.74146842059118
v -2.723384503172102 -0.0426475587419524 88.96065729536946
v -2.3367675397275787 -0.04839611347895404 89.19157619037341
v -3.4949682884645723 -4.882485986110319 90.87354097009656
v -3.930732777137068 -4.586655003448199 90.64538755653203
v -4.340914375991393 -4.292328999358677 90.44150882428978
v -4.724535532818559 -3.998808434962119 90.26277230511319
v -5.080402647918388 -3.705310661458679 90.11020368261495
v -5.4066750761714495 -3.4104041976578543 89.98547180461537
v -5.7006702319644615 -3.1119550429316085 89.8910237999752
v -5.958965267937621 -2.8094739052761164 89.82905218834777
v -6.176404479559753 -2.5028526379947196 89.80259329770041
v -6.3391493046482825 -2.1855960917758743 89.82235519096254
v -6.432454398718689 -1.8584240368353047 89.89657383467747
v -6.452578625344296 -1.560389162210595 90.01120472792552
v -6.401339568728324 -1.3221588368873431 90.15246263910812
v -6.286775743521062 -1.1368231857123727 90.31855084532006
v -6.117724741635249 -0.9926455440944606 90.50921254518195
v -5.903024154983616 -0.8778892474423851 90.7241909373146
v -5.651249485488664 -0.781315562077413 90.96317416362425
v -5.367176988103298 -0.6989037427246217 91.22505226588585
v -5.052719611715957 -0.6320728878822137 91.50811379695739
v -4.709720109765923 -0.5823754566701064 91.81063256388053
v -4.340021235692487 -0.5513639082082177 92.13088237369709
v -5.822877227307144 -5.703262044337156 93.14003494960669
v -6.260037249120373 -5.328066607350151 92.90857442693323
v -6.663044055429798 -4.961261950383036 92.70235959854125
v -7.032445058933702 -4.60312399520527 92.52234329309302
v -7.3685581482293205 -4.253380478528414 92.36965710090514
v -7.671059887618685 -3.9106084964394086 92.2460897943427
v -7.938777306558827 -3.572152831252367 92.15423044525525
v -8.169547430990743 -3.237473922790085 92.09652395988283
v -8.359215314868727 -2.9062386501340005 92.0762914378992
v -8.49443566087497 -2.5677552504302557 92.10416970048767
v -8.561452412748341 -2.2201508486815578 92.18758516594795
v -8.560249345467431 -1.9126575762536149 92.30945370152814
v -8.495367706620785 -1.683025086670149 92.45398375895302
v -8.374027527053906 -1.51825605134481 92.6207228590536
v -8.20379292678189 -1.3988347020644039 92.8111888229969
v -7.992228025819839 -1.3052452706157398 93.02689947194985
v -7.746556799393973 -1.2188257712158628 93.26923501401059
v -7.469072496237861 -1.1332906171489325 93.53758082323378
v -7.15835231841009 -1.0516817065373265 93.82981886511465
v -6.812882367137014 -0.9772696056837855 94.14379424829929
v -6.431148743644996 -0.9133248808910513 94.47735208143392
v -8.446929181172836 -6.2772780979804335 95.09260719523503
v -8.849820671791718 -5.858368557330075 94.88222563600479
v -9.215859546409893 -5.450785854126843 94.69677939792092
v -9.546271843746261 -5.055335970718339 94.53720868772594
v -9.842049289321128 -4.672157750107754 94.40463629398967
v -10.103624901125261 -4.299968184866977 94.30076602871694
v -10.330675941928664 -3.935968708105935 94.22801654326894
v -10.521704720814952 -3.580105178991521 94.18884566938911
v -10.673240073709934 -3.232493796090866 94.18650264068715
v -10.77378209624766 -2.879146883831151 94.22992897769268
v -10.812254242907837 -2.5159239900796155 94.32417741368957
v -10.79256828911553 -2.1999849735565427 94.44990733489809
v -10.721482573480007 -1.9747545717480035 94.59051246103459
v -10.604140574971437 -1.822866455293574 94.74774343039195
v -10.445478344164739 -1.7191456945454175 94.9257088237555
v -10.250431931634836 -1.6384173598556984 95.12851722191049
v -10.02363482786479 -1.556644481813506 95.36002913301004
v -9.765334623246456 -1.4662859212287356 95.62050901335098
v -9.472473470428394 -1.3722326369265463 95.90751115135448
v -9.141912487520127 -1.2796803671319628 96.21852339425551
v -8.770512792631196 -1.1938248500700113 96.55103358928905
v -11.308322190461192 -6.640122102723378 96.77185536520808
v -11.645895869360144 -6.20960719983889 96.6162188409647
v -11.949042893326903 -5.790068986918066 96.48241549834695
v -12.21904701995641 -5.382492093094835 96.37129288107258
v -12.45696719763677 -4.987318895018492 96.28386487381206
v -12.663427458827954 -4.603490630069683 96.2216045454127
v -12.83844874257565 -4.2283544491675995 96.18655677187732
v -12.980817450043517 -3.8626450838110986 96.18095180713657
v -13.087581409469404 -3.507328690610816 96.20764163906753
v -13.149811971983345 -3.1462109734854136 96.27312085498016
v -13.159950254540679 -2.7734517815195563 96.37945263385949
v -13.125622405793278 -2.451562771091453 96.50565505672392
v -13.055272030775802 -2.2278732037824636 96.63504169439342
v -12.951294862370505 -2.082210486977945 96.77192413374964
v -12.815309785500263 -1.985731428492982 96.92331115260644
v -12.648935685087965 -1.9095928361426557 97.09621152877776
v -12.45360215424838 -1.8262981662684599 97.29726627162768
v -12.227994818928105 -1.7278718432896139 97.52778523244402
v -11.968731311627621 -1.6210502876417001 97.78506043019863
v -11.67237856690398 -1.512930592054809 98.06628538459783
v -11.335503519314265 -1.4106098492590324 98.3686536153481
v -14.318098932436516 -6.907915224732963 98.3162656091425
v -14.571281265053164 -6.483083911577765 98.23754527017223
v -14.79600286371522 -6.067120675606853 98.17555891511923
v -14.993209729491213 -5.660931365227824 98.13099926130485
v -15.163652456900792 -5.2651460246647925 98.10468579364597
v -15.30777597016682 -4.8789675135472885 98.09777415714301
v -15.425591152293444 -4.50008896677697 98.11184110617737
v -15.516000704557383 -4.130105206642949 98.14864777131795
v -15.576558844703555 -3.770959331207386 98.21035477314243
v -15.601007776359094 -3.405528307477944 98.30113055951698
v -15.585292359907148 -3.0270829743849594 98.42038115333386
v -15.540122773745818 -2.7005866415448114 98.54593053125723
v -15.475070812509154 -2.4751391754758103 98.66128969676643
v -15.389700142636828 -2.329168742689699 98.77318797386015
v -15.282288888518494 -2.232025744072281 98.89133707512931
v -15.151115174543826 -2.153060580509362 99.02544871316499
v -14.99441682925594 -2.063099684379287 99.18475656699103
v -14.809847554071462 -1.9543659869111223 99.37156475842166
v -14.594620822446851 -1.8352079108875547 99.58295494193996
v -14.34593931541932 -1.7143692039698406 99.81588074050455
v -14.061005714026095 -1.6005936138192394 100.06729577707415
v -17.396374490852555 -7.224525702254392 99.89584501453861
v -17.561482196075282 -6.8072663512021165 99.89157491769035
v -17.705484612590777 -6.396507721901644 99.89929905160353
v -17.8288199412808 -5.992913440800717 99.91951102156526
v -17.931785883379344 -5.597177060201226 99.95276502318266
v -18.014473448679063 -5.20875346853803 99.99987169902779
v -18.076682556545368 -4.825793250028234 100.06195434420447
v -18.11747781549667 -4.450590301679888 100.14006237813817
v -18.135059416834476 -4.0859179912649095 100.23540219064233
v -18.12531374814115 -3.7151910238645773 100.35080931025671
v -18.086823423397174 -3.3318447271584826 100.48431326947636
v -18.032335591005427 -3.0000697048583236 100.61282316647996
v -17.971967906142655 -2.7682391499697396 100.71986801740621
v -17.902954522309198 -2.6146332953722107 100.81395062930024
v -17.820874709810994 -2.5085289473403027 100.90678168761681
v -17.721307738954017 -2.4192029121485827 101.01007187781094
v -17.599937351928116 -2.3174542894007932 101.13497168430753
v -17.45396171155406 -2.1961492874533044 101.2845109377695
v -17.281720325190474 -2.064785012001621 101.45559933048733
v -17.081580680855602 -1.9332662839075905 101.64499651635117
v -16.85191026656772 -1.8114979240330613 101.84946214925112
v -20.56194572663097 -7.623397469470713 101.55770517238074
v -20.630842571201722 -7.215517119703215 101.62679390167207
v -20.687341873875962 -6.8118735143087665 101.70309326534097
v -20.731429423430384 -6.412818602820875 101.78687134873564
v -20.763036525715215 -6.018976992696398 101.87836077489565
v -20.78192078641295 -5.629999036848294 101.97805870749097
v -20.787623078373173 -5.24451543330185 102.08675865329882
v -20.779628923580212 -4.865125903183152 102.2045546905868
v -20.757076257796147 -4.495013757082322 102.33146737304094
v -20.716842718473753 -4.11978650452595 102.4708649563339
v -20.6584306125777 -3.7343402711218108 102.62162941574803
v -20.59516028251334 -3.3985443808109665 102.75986622186711
v -20.53708766271266 -3.1571847153454864 102.86848598193284
v -20.48020682109792 -2.989489166074691 102.95661968936753
v -20.4187055816715 -2.8662647136901835 103.03676634091481
v -20.346771768435847 -2.758318338883573 103.12142493331861
v -20.258798260867742 -2.6379386405766363 103.22249885943916
v -20.15215041514501 -2.4988917016874383 103.34325765989652
v -20.02643379731675 -2.3511301312190533 103.48046396442109
v -19.881308893351388 -2.2050033593466627 103.63072088241175
v -19.71643618921736 -2.0708608162454465 103.79063152326736
v -23.8471359843891 -8.128176375709014 103.32500222194903
v -23.80968262231708 -7.7346497870531845 103.47577927956509
v -23.769500862348092 -7.343240896064278 103.62761289918959
v -23.726404304615425 -6.954014363929708 103.78053712886386
v -23.68027459310504 -6.567385308471869 103.9344215746241
v -23.63075138788599 -6.183095999622877 104.08954015965041
v -23.577221329207795 -5.8001908757998315 104.24658824739146
v -23.520061164647622 -5.4209513237065154 104.40446152675368
v -23.4597881082585 -5.048277961124003 104.56179602362006
v -23.392498883030296 -4.6718077440087855 104.72521812252104
v -23.316055133996343 -4.289429753273106 104.89762541503205
v -23.242474342740948 -3.9528264768195243 105.05426777039416
v -23.181118493534843 -3.6999799518037615 105.176351715174
v -23.128413033456294 -3.512006274863052 105.27199460692273
v -23.079121713987824 -3.362717124033161 105.3527704940092
v -23.028008286611957 -3.225924177349854 105.43025342480225
v -22.970058262370518 -3.0767893348087743 105.51545169672359
v -22.90347177081414 -2.910047264844915 105.61117250203488
v -22.828871641766696 -2.7351836713010633 105.71404226235349
v -22.746940098819252 -2.5620458873856586 105.82053587446427
v -22.6583593655629 -2.4004812463071437 105.92712823515224
v -27.27214540555736 -8.741693842368159 105.14147251331947
v -27.142099637394146 -8.379039766056465 105.38903115120831
v -27.016188270126563 -8.015665719593889 105.62984764677968
v -26.894409494391745 -7.651431812856589 105.86373456729554
v -26.776942926139395 -7.286445153109118 106.09022971097404
v -26.663629103160524 -6.920386351361477 106.30943643481106
v -26.55397606402989 -6.552499230206396 106.52203434462567
v -26.449412947745607 -6.18422161927947 106.72588207645397
v -26.351824857094623 -5.817541272050707 106.91847699577377
v -26.255885464046628 -5.446398404003572 107.1101382321744
v -26.15684392989157 -5.071712003469941 107.30838868756761
v -26.064229868287256 -4.734593430465355 107.48858855770156
v -25.98620463981251 -4.464504222894055 107.63063266081713
v -25.920676027524102 -4.245400737249439 107.74060948414564
v -25.864234744512043 -4.055394198641683 107.827972086422
v -25.813471503866452 -3.8725958321809726 107.90217352638147
v -25.765156689053637 -3.6762490329598814 107.97217100727202
v -25.718665178782057 -3.462009090972633 108.03973382922894
v -25.675334732057635 -3.2379001362962114 108.1012141224226
v -25.63655122892572 -3.0122495276060888 108.1528312122618
v -25.603700549431675 -2.793384623577741 108.1908044241555
v -30.86727161195258 -8.79444395864101 105.80014705776625
v -30.712330621272645 -8.509418327610817 106.12390911802765
v -30.559526558608816 -8.219183184316854 106.4379432182902
v -30.40913327329284 -7.923453241353985 106.74188142344924
v -30.261546771596706 -7.622086778024249 107.03516703773576
v -30.117019259944197 -7.3144921125605595 107.31752572615122
v -29.97566798751501 -6.999614053156336 107.58896070434885
v -29.838625170330662 -6.678381947741049 107.84779135478591
v -29.707288336130567 -6.352075717638276 108.0920169895724
v -29.579433722363508 -6.01362329993617 108.32652107745884
v -29.453925675845312 -5.66151963265428 108.55345751519295
v -29.339858736684448 -5.329552724174653 108.75300698941088
v -29.24415923257937 -5.0427304286585635 108.91007170417991
v -29.16387195601669 -4.789197370857492 109.030915056501
v -29.094772418276165 -4.552363101132945 109.12454428430327
v -29.032636130637542 -4.315637169846431 109.19996662551598
v -28.973492010695274 -4.06327877419273 109.26567730649768
v -28.917042344768625 -3.7918635609705027 109.32274945249527
v -28.865757856983393 -3.5072494808470775 109.36666251524768
v -28.822177141169366 -3.215522045034992 109.39275881465537
v -28.7888387911564 -2.922766764746792 109.39638067061887
v -33.4827273258473 -7.770849451391006 104.47478345574815
v -33.30883748626276 -7.525872457384673 104.71385425296494
v -33.13511100756283 -7.2787655694744275 104.95593746360525
v -32.961916193658276 -7.029126754019706 105.20055091351853
v -32.78936837801859 -6.7767713747567715 105.4474608388845
v -32.618211364259835 -6.520589505419483 105.69557680370528
v -32.449813536522825 -6.25850102331504 105.9429064432584
v -32.282310220002024 -5.9920660310397675 106.1908915989064
v -32.113127087917576 -5.722853824318538 106.4408825532577
v -31.952261034203126 -5.432544991539206 106.67475541797539
v -31.814824177164766 -5.106938102432988 106.86993125243964
v -31.71445670556133 -4.780868565468563 107.01935416266234
v -31.657260524571562 -4.48416559948646 107.12444590226768
v -31.63400292154272 -4.210796264412188 107.19675607223893
v -31.63348145525137 -3.9501211330846178 107.24913519351189
v -31.644493684474128 -3.6915007783426286 107.29443378702251
v -31.656438527970113 -3.4248242619447153 107.34477477846272
v -31.667432196941455 -3.1476416018135907 107.4017338993237
v -31.682160698267587 -2.863276502715807 107.45893797823236
v -31.70547110081295 -2.575194214377513 107.50981897229481
v -31.742210473441965 -2.2868599865248616 107.54780883861736
v -35.40224796436742 -6.369503050458046 102.44829553426487
v -35.187304659686596 -6.154029020196561 102.58317692610794
v -34.970156202484475 -5.94257163438057 102.73729670672333
v -34.751068268606886 -5.734638647294506 102.91012429234749
v -34.52944674269323 -5.530187142394211 103.10207034784462
v -34.30651865085414 -5.327447846580882 103.31092725884317
v -34.085305560094675 -5.1228288652893 103.53176518278288
v -33.85892288269819 -4.91945790664572 103.77110151806838
v -33.61824542153272 -4.720047442228749 104.03572179112349
v -33.39215152849766 -4.487499183080582 104.2716925485724
v -33.22127193000491 -4.187437839356159 104.41756420737266
v -33.12758125763499 -3.862500273891063 104.48470111832009
v -33.116743895865504 -3.5545575955352646 104.49936693603529
v -33.169190622943454 -3.264309078379075 104.48224677233848
v -33.262110965479934 -2.9871654826337877 104.45330917635103
v -33.372694450086065 -2.7185375685107003 104.43252269719441
v -33.479282769849 -2.454037434707729 104.4387658299748
v -33.57691938120256 -2.1921957753045964 104.4751156864238
v -33.67323504029051 -1.9337428865452062 104.53274065077936
v -33.77616908750733 -1.6794629890735646 104.60251715858193
v -33.893660863247575 -1.430140303533682 104.67532164537212
v -36.92128355763589 -4.803035669717445 100.09178328963317
v -36.69086600668501 -4.625786694441801 100.14657610546205
v -36.453033569741365 -4.458068073092499 100.234354632328
v -36.20783398062505 -4.29933257595989 100.35459547743334
v -35.95378742880206 -4.149778379195725 100.50847417191704
v -35.69252369349421 -4.0069939924263664 100.69264256373083
v -35.42872964604064 -3.8658056851770644 100.89906322994611
v -35.149926917821695 -3.7312598946230664 101.13986046030519
v -34.83973078972636 -3.6075663504185225 101.42782306977998
v -34.54741969080787 -3.4369231363573807 101.67020738856226
v -34.341332421753066 -3.1629979100095125 101.76334010573572
v -34.25280588177074 -2.8387995504212657 101.73827468636242
v -34.28725161347566 -2.520641048227093 101.64805661637641
v -34.41374553294444 -2.2157544175502735 101.5235058891263
v -34.59669625234619 -1.9250672309707324 101.39258763791636
v -34.8005123838501 -1.6495070610684 101.28326699605081
v -34.99134949768991 -1.3899049101965288 101.22202545509175
v -35.16068700468852 -1.1456919022135608 101.21383768984839
v -35.3190896520304 -0.9152441412290687 101.24746974238539
v -35.47759007392556 -0.6969118669904318 101.3112902916388
v -35.64722090458408 -0.4890453192450315 101.39366801654471
v -38.21303866541018 -3.1722521337084455 97.54839669483393
v -38.00516921055973 -3.050034653673101 97.56529451335331
v -37.78252187022266 -2.93983932458593 97.62223389479911
v -37.544893082333715 -2.841107875937023 97.71874398986283
v -37.28999398569737 -2.754293561811072 97.85668436831715
v -37.019704580351245 -2.67651814065467 98.03182097440465
v -36.73999894286181 -2.601373107343934 98.23361127057258
v -36.433681723568036 -2.5355882728125576 98.47889461036763
v -36.078272285846815 -2.484724289298237 98.78551344033426
v -35.73982030960115 -2.373963333407157 99.02872464376821
v -35.50947347393619 -2.12893279923328 99.07007371274489
v -35.4261947253366 -1.8113956197488215 98.95718001988399
v -35.49512487047044 -1.4896807033778765 98.7654221331512
v -35.676010564447466 -1.1762433225703979 98.5339012490936
v -35.92276759275633 -0.8763617924936451 98.297058743209
v -36.18931174088576 -0.5953144283148802 98.08933599099548
v -36.431785489810146 -0.33804954730126585 97.94338187954803
v -36.638609417306824 -0.10473182915812286 97.86586144924459
v -36.82253051927399 0.1080792393726764 97.84385698986063
v -36.99689216650215 0.30391255474463535 97.8639707097747
v -37.17503772978181 0.486297013411254 97.9128048173657
v -39.3981805999881 -1.5896930228150297 94.91929644075111
v -39.20329122577407 -1.5343090149588554 94.94444112208689
v -38.991428060806754 -1.489501124629559 95.007093299947
v -38.76218485337709 -1.454752698823722 95.10686977297995
v -38.51279322699516 -1.4307006670567088 95.24603205671934
v -38.24515880730712 -1.4143338392276363 95.41999281893725
v -37.965774556423355 -1.3987731221214164 95.6170794414757
v -37.65505561135653 -1.391609866330012 95.8565313523231
v -37.28746127853258 -1.3991088934688662 96.1587772709131
v -36.93703621690771 -1.3387366629799664 96.38369682411145
v -36.705749126123266 -1.127697076708472 96.37629245416795
v -36.635688734428236 -0.8307006351388079 96.19323415836024
v -36.73150464553789 -0.5208402447200033 95.921396157805
v -36.948683809072456 -0.21337494694791795 95.60345412489615
v -37.236398241639606 0.08386496498166125 95.27640643734968
v -37.543819959847056 0.363049197872947 94.97725147288185
v -37.82255331977922 0.6168111637436419 94.74108688523293
v -38.059461782141376 0.8445061285269249 94.57545750249538
v -38.2679818651151 1.050555289703698 94.46714293970703
v -38.46220153931579 1.239504038722364 94.40241374182219
v -38.6562087753589 1.4158977670313218 94.36754045379526
v -40.491026935616006 -0.12753450023962895 92.22644601085148
v -40.27890173861753 -0.14785099981708552 92.31296424570907
v -40.057099151613706 -0.17245358195863025 92.42191309497589
v -39.825140799594465 -0.20092858458700802 92.55302186166996
v -39.580361216997794 -0.233939822406681 92.70847064898143
v -39.324394996959136 -0.2688352959388263 92.88412946872101
v -39.06309544687286 -0.2994466357325875 93.06934322441954
v -38.77826632599385 -0.3328184191284018 93.28201326731535
v -38.44621500045213 -0.37477246619986443 93.54116952933983
v -38.13505739096839 -0.3499721792114044 93.71774799232425
v -37.93850669781233 -0.1825147211044271 93.66924181219296
v -37.89451312032669 0.06993685066684105 93.44946425179053
v -38.00681201934562 0.3416035071630268 93.13955907690523
v -38.23474414875097 0.6179519346975951 92.77821665940459
v -38.531947784106826 0.8910313213825459 92.39867424126113
v -38.85206120097726 1.1528908553298802 92.03416906444741
v -39.15092752570165 1.3960421774982898 91.71624589249635
v -39.41635132129463 1.6197006284983733 91.45191538301505
v -39.660224917687486 1.8281337985105772 91.22969804152352
v -39.89503116904448 2.025733136261989 91.03766107777051
v -40.13325292952988 2.2168900904796924 90.86387170150498
v -41.454970533725714 1.1601911338332072 89.39473555714636
v -41.244355703911296 1.0910537276076426 89.51738027753915
v -41.036753662876244 1.0253367534817575 89.64325618540691
v -40.83182536232863 0.9632809085341727 89.7722198310872
v -40.62784024336473 0.9044365494105395 89.90568792541194
v -40.425794092017675 0.8504480887770857 90.04107278698011
v -40.229356925099516 0.8051802134913354 90.17164686503837
v -40.02693087515254 0.7641222086520275 90.30883081217992
v -39.80342715144523 0.7235362721142532 90.46477294350146
v -39.60202937776529 0.7311106403336227 90.55758176962253
v -39.482123172168876 0.8349130146444066 90.49692875550507
v -39.467528150908166 0.9984563052240842 90.31752867770358
v -39.56044247958127 1.1801158101558897 90.07126396445744
v -39.7351782025192 1.3707088696845082 89.78246433229245
v -39.962465397395064 1.5652199978333934 89.47192035746649
v -40.213034141882 1.7586337086260007 89.16042261623743
v -40.45900179251735 1.9462259803816806 88.86770828130918
v -40.69259564981615 2.1274978472561146 88.59824442576641
v -40.92119889255268 2.305134560723795 88.34498979770336
v -41.15256625380159 2.481899435015979 88.1006210125943
v -41.39445246663753 2.6605557843639227 87.85781468591352
v -41.78659499735627 2.116817583942395 86.16054119540165
v -41.78594020440658 2.123487621290078 86.16101635556107
v -41.78532987683441 2.129930973705722 86.1614414988616
v -41.78476407140806 2.1361466402883393 86.16181662530327
v -41.78424311823043 2.1421280457766976 86.162141734886
v -41.78376648389083 2.147886168036262 86.16241682760989
v -41.78333282882303 2.1534484539882572 86.16264190347488
v -41.7829458249097 2.1587416217774176 86.16281696248099
v -41.782609685960196 2.163681640680298 86.16294200462819
v -41.78230521146264 2.168656221400957 86.16301702991653
v -41.782027828217466 2.1737677712346657 86.16304203834598
v -41.78186813407646 2.1772372182007897 86.16301702991655
v -41.781892994812075 2.177747387915389 86.16294200462819
v -41.78206975155111 2.1759331280301497 86.162816962481
v -41.78235296149969 2.1726800230339136 86.16264190347489
v -41.782697181863966 2.1688736574155234 86.1624168276099
v -41.78305924186891 2.1653553735443607 86.16214173488603
v -41.78342890584197 2.1623251816346456 86.16181662530325
v -41.78382075968171 2.1594997513165515 86.1614414988616
v -41.78424999780047 2.156583902872463 86.16101635556107
v -41.78473181461061 2.153282456584762 86.16054119540165
v 1.1046497811241252 -0.7690675269847389 12.0
v 0.9137651842094509 -0.9821030597794015 11.999999999999998
v 0.6737606920881068 -1.1527619017196093 12.000000000000004
v 0.39982224508085473 -1.2732610956212784 12.0
v 0.10713578350845726 -1.3358176843003262 12.0
v -0.18911275230832364 -1.3326487105726694 12.0
v -0.4743990109090445 -1.258955011503594 12.0
v -0.7368447751546953 -1.12187160389585 12.0
v -0.9652333062112819 -0.9315168001923848 12.000000000000002
v -1.148347865244811 -0.6980089128361434 12.000000000000002
v -1.2749717134212881 -0.4314662542700724 12.0
v -1.3362192428525712 -0.14279649441165035 12.0
v -1.3325278112523862 0.15393579454820147 11.999999999999998
v -1.266665128254639 0.4438769467343307 12.000000000000002
v -1.1413989034932355 0.712173296271585 12.000000000000004
v -0.959496846602081 0.9439711772848128 12.0
v -0.726063759376749 1.1263870563680152 12.000000000000002
v -0.4555520311437753 1.2544172715233741 12.0
v -0.16475075284982582 1.325027964001761 12.000000000000002
v 0.12955098455843336 1.335185275054049 12.000000000000002
v 0.41056409013433415 1.2818553459311102 12.0
v -1.1081418170779294 -1.6558385536511337 13.781986300954188
v -1.2686056149095004 -1.7441320090227586 13.812272726559849
v -1.4551155473724788 -1.8061283742694239 13.842547650240244
v -1.6581531672418852 -1.8384521582210633 13.87208622777649
v -1.868200027292744 -1.837727869707611 13.900163614949747
v -2.0757376803000755 -1.800580017559001 13.926054967541141
v -2.27166744080595 -1.7245069576371899 13.949362232399146
v -2.4485695301255532 -1.610502141870294 13.970994411419667
v -2.5994438611965145 -1.4604327231935887 13.992187242957279
v -2.7172903469564615 -1.2761658545423484 14.014176465366559
v -2.7951089003430227 -1.0595686888518496 14.038197817002068
v -2.827335702567281 -0.8144765529539543 14.065068837003134
v -2.814151047899377 -0.5525961536941788 14.09393454718195
v -2.757171018905642 -0.2876017140832396 14.123521909890792
v -2.6580116981524053 -0.033167457131852845 14.152557887481906
v -2.518289168205998 0.1970323941492654 14.179769442307554
v -2.341134457095949 0.39153580576871866 14.204212044231664
v -2.135737868371236 0.5477287604424935 14.22625508336928
v -1.9128043978879417 0.6652090602363919 14.246596402451612
v -1.6830390415021463 0.7435745072162163 14.26593384420988
v -1.457146795069932 0.782422903447768 14.284965251375285
v -3.3230350797187227 -2.5565448882305266 15.612207937020656
v -3.444765128891504 -2.539368213087727 15.658009027997558
v -3.575702382238796 -2.5086773542676957 15.704422339719457
v -3.7108545143462814 -2.4643953453027274 15.750279402986926
v -3.845229199799647 -2.406445219725119 15.794411748600565
v -3.9738341131845805 -2.3347500110671673 15.835650907360966
v -4.091892300777598 -2.248571812015653 15.87337001299636
v -4.195488223635858 -2.14452917277856 15.909108429928093
v -4.280921678517503 -2.0185798131653723 15.944947035000196
v -4.344492462180676 -1.8666814529855735 15.98296670505669
v -4.382500371383518 -1.6847918120486494 16.025248316941603
v -4.391990214688126 -1.4715611396405224 16.073164949965562
v -4.372986349889369 -1.2364080032042517 16.125258966413668
v -4.326257897615363 -0.9914425998602113 16.179365167571948
v -4.252573978494223 -0.7487751267287753 16.2333183547264
v -4.152703713154065 -0.5205157809303177 16.284953329163045
v -4.028256287433732 -0.31651143172729007 16.33265559675099
v -3.8842008672438046 -0.13755639341225484 16.377013297632246
v -3.7263465433258647 0.017817969365049452 16.419165184506014
v -3.5605024064214956 0.1510802919548848 16.460250010071487
v -3.3924775472722803 0.2636992097075122 16.501406527027875
v -5.568913488621731 -3.484763980417294 17.536233955558206
v -5.637657638787587 -3.381186498608033 17.573361676532276
v -5.706350402308183 -3.273362675988384 17.61280454459878
v -5.773243266046615 -3.16317221818049 17.653311725858625
v -5.836587716865985 -3.0524948308064954 17.693632386412734
v -5.894635241629396 -2.9432102194885457 17.732515692362025
v -5.9456792430446646 -2.83570053860227 17.769337415820683
v -5.98818077318915 -2.724358238056999 17.805979543528235
v -6.020642792980551 -2.602078466764971 17.844950563528037
v -6.041568263336563 -2.4617563736384236 17.88875896386342
v -6.0494601451748835 -2.2962871075895976 17.93991323257772
v -6.043123251383492 -2.1014080434879694 18.000064263008863
v -6.022569600966677 -1.8842235602227724 18.067433142909117
v -5.98811296402504 -1.6546793128152513 18.139383651919402
v -5.940067110659181 -1.4227209562866492 18.213279569680623
v -5.878745810969701 -1.1982941456582092 18.286484675833698
v -5.804783219066226 -0.9892855761259394 18.357011985685006
v -5.720094918014013 -0.7953467917417023 18.425471240211664
v -5.626916821349327 -0.6140707207961508 18.493121307565225
v -5.527484842608443 -0.44305029157993686 18.561221055897253
v -5.424034895327628 -0.2798784323837135 18.63102935335931
v -7.6957345657591905 -4.385032195685405 19.452823268521293
v -7.73601236658089 -4.229558113453868 19.474773646670236
v -7.77215173477529 -4.074190145500119 19.499856888361332
v -7.8042247217015275 -3.9211899056227764 19.52718109631924
v -7.832303378718743 -3.772819007620461 19.555854373268648
v -7.856459757186084 -3.6313390652917925 19.584984821934246
v -7.876658799904425 -3.4974987264011386 19.614244515797196
v -7.892437051240016 -3.365995280247634 19.645561222871244
v -7.903223964899297 -3.230013302921484 19.681426587683877
v -7.908448994588713 -3.082737370512894 19.72433225476258
v -7.907541594014698 -2.917352059112069 19.776769868634823
v -7.9000824960890705 -2.7293390098913464 19.84037468334584
v -7.8862574494266084 -2.5233665889404553 19.91335696344286
v -7.86640343129244 -2.306399459789839 19.99307086918252
v -7.8408574189516855 -2.085402285969939 20.07687056082143
v -7.809956389669473 -1.8673397310111965 20.162110198616194
v -7.774001155173796 -1.6576419626825187 20.246750688033373
v -7.733147877131557 -1.45560167857422 20.33117971258954
v -7.687516557716007 -1.2589773369381436 20.416391599620596
v -7.63722719910039 -1.065527396026133 20.50338067646243
v -7.582399803457948 -0.873010314090032 20.593141270450936
v -9.595194726224069 -5.231433664474114 21.28920674658977
v -9.665539418649947 -5.067511404531854 21.290327600577367
v -9.730272358677226 -4.902553978340036 21.2941492949631
v -9.789821128418257 -4.737561089443477 21.300603901321992
v -9.844613309985418 -4.573532441387003 21.309623491229104
v -9.895076485491067 -4.411467737715437 21.321140136259487
v -9.94140460755598 -4.251695969696717 21.33543431896067
v -9.982857188919496 -4.0918635036603686 21.354180049322473
v -10.018460151870201 -3.9289461057389143 21.37939969008572
v -10.04723941869667 -3.7599195420648726 21.413115603991233
v -10.068220911687487 -3.581759578770766 21.457350153779856
v -10.080737037350142 -3.3924633919581733 21.51342483802516
v -10.085345934206654 -3.1941131148709876 21.579858167105357
v -10.082912122575959 -2.989811949383727 21.654468021448732
v -10.074300122776988 -2.7826630973709103 21.735072281483536
v -10.060374455128677 -2.5757697607070535 21.81948882763803
v -10.041772408414058 -2.3715643552641454 21.905953627911273
v -10.01822242121911 -2.169796377097819 21.99437486084998
v -9.989225738565608 -1.9695446483533732 22.08507872270685
v -9.954283605475322 -1.7698879911761085 22.17839140973454
v -9.912897266970019 -1.5699052277113266 22.27463911818574
v -11.485166458644771 -6.187888022131437 23.026908351535088
v -11.623709340091157 -6.021938623949929 22.92949830951116
v -11.75595726028566 -5.853166440496404 22.84038774182937
v -11.881815964385405 -5.6806366099769265 22.76046397637981
v -12.001191197547527 -5.503414270597565 22.69061434105254
v -12.113988704929172 -5.320564560564394 22.631726163737664
v -12.219803699210175 -5.131668883031874 22.584741042406268
v -12.316989366949135 -4.938373528399184 22.550817637215278
v -12.40358841411913 -4.742840965743061 22.531168869333783
v -12.477643546693226 -4.54723366414024 22.5270076599309
v -12.537197470644502 -4.353714092667457 22.53954693017572
v -12.580874848517889 -4.163961168127157 22.569561884130714
v -12.609627780152557 -3.977719921442067 22.616077150011808
v -12.62499012747922 -3.794251992855856 22.677679785206184
v -12.628495752428575 -3.612819022612188 22.752956847101004
v -12.621678516931334 -3.43268265095473 22.84049539308342
v -12.605786392584006 -3.2533673720747105 22.93903811020596
v -12.580923885198155 -3.0754490081011396 23.047950152167243
v -12.546909658025065 -2.8997661911861847 23.166752276324647
v -12.50356237431602 -2.727157553482011 23.294965240035527
v -12.450700697322317 -2.558461727140788 23.43210980065726
v -13.804607454942268 -7.268877369415329 23.990450119825432
v -13.958681767511484 -7.083217016679171 23.861203313124395
v -14.107687804953137 -6.89526332873889 23.743722882964942
v -14.250961178230591 -6.702843207881635 23.639512278823663
v -14.387837498307231 -6.503783556394567 23.550074950177162
v -14.517652376146426 -6.29591127656484 23.476914346502042
v -14.639441684026663 -6.07837801180767 23.421320537644316
v -14.751042439667195 -5.855633927288332 23.383730146244627
v -14.849991972190448 -5.633453707928301 23.36436645096999
v -14.933827610718847 -5.417612038649052 23.36345273048742
v -15.000086684374823 -5.213883604372065 23.381212263463937
v -15.047022757607252 -5.026532003223907 23.41773510255009
v -15.075753857422681 -4.853777496196667 23.47257848538185
v -15.088114006800028 -4.692329762467917 23.545166468100675
v -15.08593722871822 -4.538898481215224 23.63492310684801
v -15.07105754615617 -4.3901933316161585 23.74127245776532
v -15.045050091985246 -4.24381064736816 23.863560091531543
v -15.008454525174267 -4.100893083905639 24.000817663207442
v -14.961551657846526 -3.9634698030178104 24.15199835550664
v -14.904622302125306 -3.8335699664938887 24.316055351142786
v -14.837947270133903 -3.7132227361230874 24.491941832829493
v -16.500030517255535 -8.436762459693856 24.166525803654046
v -16.620800505561302 -8.20887831095819 24.091379699273375
v -16.736563225521127 -7.98252179613229 24.02808667090693
v -16.846499200045734 -7.755657352460473 23.978196411570444
v -16.94978895204587 -7.526249417187068 23.943258614279667
v -17.045613004432287 -7.292262427556405 23.924822972050354
v -17.132958596790967 -7.0530443377822545 23.92405789033042
v -17.210039900009164 -6.8134767075496105 23.940606751732474
v -17.274877833948132 -6.579824382319281 23.97373171501663
v -17.325493318469125 -6.358352207552068 24.022694938943022
v -17.3599072734334 -6.155325028708776 24.08675858227176
v -17.376723301812 -5.9753160105082985 24.165330415106
v -17.376875349536206 -5.8161327254601725 24.258400555590924
v -17.361879850923994 -5.673891630663948 24.366104684553843
v -17.333253240293292 -5.544709183219169 24.488578482822057
v -17.29251195196207 -5.4247018402253815 24.625957631222867
v -17.240993587001622 -5.310987967296667 24.77815438093347
v -17.17932047326729 -5.204693229241926 24.944187339206604
v -17.107936135251833 -5.10794503195992 25.122851720981274
v -17.027284097448 -5.0228707813494164 25.312942741196498
v -16.937807884348533 -4.95159788330918 25.513255614791262
v -19.297462945530107 -9.533667572329078 23.986110514005258
v -19.38426687795769 -9.268986951933789 23.996305138740727
v -19.46449166310876 -9.010425239519282 24.017087826130883
v -19.537423529087025 -8.756975425443487 24.049658548386862
v -19.60234870399622 -8.507630500064355 24.095217277719804
v -19.658553415940045 -8.26138345373982 24.15496398634086
v -19.705289873221915 -8.01814304197233 24.2296686686719
v -19.741674216314298 -7.781480774770357 24.318381551687214
v -19.766788571574256 -7.555883774257254 24.41972295642362
v -19.77971506535885 -7.345839162556377 24.532313203917894
v -19.779535824025142 -7.155834061791079 24.65477261520683
v -19.765615259498517 -6.989130379085759 24.786052169227883
v -19.73844673729145 -6.844089980530827 24.92642525550165
v -19.698805814149544 -6.717849926664467 25.076495810948963
v -19.64746804681838 -6.6075472780248585 25.23686777249063
v -19.585208992043558 -6.51031909515018 25.40814507704748
v -19.512749789069673 -6.424018068459139 25.590643509379376
v -19.430593925325013 -6.349359168710798 25.783526341910108
v -19.339190479830346 -6.2877728769588765 25.985668743054426
v -19.238988531606427 -6.240689674257095 26.19594588122705
v -19.130437159674024 -6.209540041659174 26.41323292484271
v -22.220596598406456 -10.485434196533637 24.04837808469068
v -22.271552389251003 -10.210388435053295 24.065962674941392
v -22.3156846627176 -9.943519050180797 24.097156197309452
v -22.352432577860096 -9.685142075298163 24.142625713094347
v -22.381235293732352 -9.435573543787427 24.203038283595596
v -22.40153196938825 -9.19512948903063 24.27906097011269
v -22.41289209198359 -8.964327695088075 24.371015658773487
v -22.415406417523 -8.744492881302987 24.47784365038558
v -22.40929600833448 -8.537151483983175 24.598141128265688
v -22.394781926746038 -8.343829939436445 24.73050427573051
v -22.372085235085674 -8.166054683970602 24.873529276096765
v -22.34136487558465 -8.00498585649348 25.026166035482714
v -22.30253135160978 -7.860318651154582 25.188779114776356
v -22.255433067190673 -7.731382087114023 25.36208667945894
v -22.199918426356913 -7.6175051835319065 25.546806895011663
v -22.135835833138103 -7.518016959568343 25.743657926915763
v -22.0631416435349 -7.432410661723396 25.953069625128503
v -21.982223985351965 -7.360836390967969 26.174318673873792
v -21.893578920325595 -7.303608448169593 26.40639349003076
v -21.79770251019212 -7.261041134195795 26.64828249047854
v -21.695090816687845 -7.233448749914103 26.898974092096278
v -25.059238779727508 -11.260304926165162 24.381466955099047
v -25.092745780514306 -10.997000912757823 24.353439918394525
v -25.121279418269147 -10.74239549678565 24.343575840271637
v -25.144327571740536 -10.497965374266752 24.35199571160015
v -25.161378119677018 -10.265187241219232 24.378820523249814
v -25.17191894082711 -10.045537793661211 24.424171266090394
v -25.175701682033637 -9.83996099824812 24.488038329428896
v -25.173532974358604 -9.647270082236478 24.569889739971753
v -25.166483172881165 -9.465745632542271 24.66906294468689
v -25.155622632680455 -9.29366823608148 24.784895390542253
v -25.142021708835614 -9.129318479770095 24.91672452450579
v -25.126393961995163 -8.971637714359465 25.064070454015127
v -25.10802601357462 -8.822209904272654 25.227183806292132
v -25.085847809793734 -8.683279556951668 25.40649780798627
v -25.058789296872234 -8.55709117983851 25.602445685746964
v -25.025780421029868 -8.44588928037518 25.815460666223654
v -24.986048504144506 -8.35139302761121 26.04573581348278
v -24.940010271336092 -8.273220412607616 26.29250362152718
v -24.888379773689525 -8.210464175820022 26.55475646190926
v -24.831871062289707 -8.162217057704028 26.83148670618141
v -24.771198188221543 -8.127571798715255 27.12168672589601
v -27.991025066109252 -11.951089294836075 24.916251419803018
v -27.99992472843502 -11.710331327893977 24.804881976254954
v -28.007411758300613 -11.477506813802089 24.71706856701283
v -28.012936036880077 -11.255013586520723 24.652426764823158
v -28.01594744534748 -11.045249480010218 24.610572142432467
v -28.015895864876896 -10.850612328230884 24.591120272587272
v -28.01259338214331 -10.67228999039921 24.593847815970616
v -28.00730078476715 -10.50663083116072 24.619175731172007
v -28.00164100534317 -10.348773442610835 24.66768603779876
v -27.997236976466095 -10.19385641684498 24.739960755458192
v -27.995711630730675 -10.037018345958582 24.836581903757622
v -27.99810078680695 -9.875111866325028 24.95801483372249
v -28.00309220010655 -9.711844645722959 25.104258300034697
v -28.00878670832026 -9.552637823403536 25.275194427783028
v -28.013285149138824 -9.402912538617912 25.47070534205621
v -28.01468836025303 -9.268089930617261 25.69067316794302
v -28.011587913383945 -9.152339343186732 25.93481851648971
v -28.004538152358133 -9.05482335662938 26.202215996554596
v -27.99458407302796 -8.973452964964473 26.491778729943405
v -27.98277067124582 -8.906139162211279 26.80241983846187
v -27.970142942864086 -8.850792942389063 27.133052443915723
v -30.96119436028948 -12.468126734721187 25.257531501701045
v -30.938244997862657 -12.274347160835504 25.082534777987718
v -30.91845589021634 -12.085276154488206 24.932882925773388
v -30.901198137329327 -11.903979945741344 24.807760998295194
v -30.88584283918044 -11.733524764656973 24.706354048790285
v -30.871761095748514 -11.576976841297157 24.627847130495834
v -30.858750922645566 -11.43562518827905 24.57189429692393
v -30.84831785533044 -11.303650542431578 24.54002544593467
v -30.842394273555147 -11.173456720122024 24.53423939729048
v -30.84291255707169 -11.037447537717666 24.55653497075376
v -30.851805085632076 -10.88802681158579 24.60891098608694
v -30.87025246468847 -10.720263846966118 24.692904358611987
v -30.896428704996815 -10.539888122914022 24.808204694636554
v -30.92775629424387 -10.35529371659472 24.954039850388746
v -30.96165772011635 -10.174874705173426 25.129637682096647
v -30.995555470300996 -10.007025165815355 25.334226045988355
v -31.02753488279284 -9.858220978916172 25.566962342051166
v -31.058332475278633 -9.727265878903529 25.826722168857454
v -31.08934750498731 -9.611045723977234 26.11231068051243
v -31.121979229147808 -9.506446372337098 26.42253303112131
v -31.15762690498909 -9.410353682182931 26.756194374789317
v -33.590787540710856 -12.413219214277362 24.2383860266179
v -33.56865418897185 -12.299794188157666 24.11576772838002
v -33.55043249693428 -12.185683425060871 24.009483437301178
v -33.53541993340924 -12.07435559216367 23.918396832030385
v -33.52291396720788 -11.969279356642765 23.84137159121667
v -33.512212067141306 -11.873923385674843 23.777271393509075
v -33.503070875823205 -11.789574656991105 23.725692159957898
v -33.49708357760975 -11.708794119716915 23.6891585364846
v -33.49630245392911 -11.621961398105013 23.670927289050006
v -33.50277978620942 -11.519456116408112 23.674255183614953
v -33.518567855878864 -11.391657898878943 23.702398986140263
v -33.544869473088546 -11.232333412333597 23.75784477539334
v -33.57949013068783 -11.048795229864503 23.83999639651296
v -33.619386134128426 -10.851741835233469 23.94748726499547
v -33.66151378886198 -10.651871712202299 24.078950796337214
v -33.70282940034021 -10.4598833445328 24.233020406034537
v -33.741077821727565 -10.284047620794695 24.40834443406758
v -33.777157833486896 -10.122925860153503 24.603630913363425
v -33.81275663202295 -9.972652192247764 24.817602798838998
v -33.84956141374051 -9.829360746716022 25.048983045411205
v -33.88925937504431 -9.689185653196823 25.296494607996948
v -35.49610846780677 -11.943102898422099 22.335377929669928
v -35.51164891312595 -11.892621766358436 22.268323402971138
v -35.52794405560202 -11.838221923458887 22.209350874474044
v -35.54426822709793 -11.78349546749379 22.157145599992855
v -35.55989575947667 -11.73203449623349 22.110392835341823
v -35.57410098460123 -11.687431107448328 22.06777783633516
v -35.58661847328904 -11.650906099022997 22.028876561478484
v -35.59902359835175 -11.614195861848444 21.99682748234737
v -35.613351894646875 -11.566665883187806 21.975659624367243
v -35.63163889703193 -11.497681650304227 21.969402012963524
v -35.6559201403644 -11.39660865046084 21.98208367356161
v -35.687352242187266 -11.256564664518372 22.0167719177523
v -35.72357673827379 -11.085674139608482 22.072687844619427
v -35.7613565408024 -10.895812562505537 22.148091160801147
v -35.79745456195153 -10.698855419983895 22.241241572935625
v -35.82863371389962 -10.506678198817912 22.35039878766103
v -35.852499881377604 -10.328472098058576 22.47389928550638
v -35.87003055758357 -10.162692063020678 22.610386616904282
v -35.883046067402525 -10.005109199855546 22.758581093348873
v -35.89336673571952 -9.85149461471451 22.917203026334253
v -35.90281288741952 -9.697619413748898 23.084972727354526
v -36.872304885616344 -11.239998942822044 19.90821860891387
v -36.916228359078445 -11.22621016843797 19.876102529700105
v -36.95788391073454 -11.207668416508774 19.84743575111949
v -36.996594509999746 -11.187804085597435 19.820883923638554
v -37.031683126289224 -11.170047574266947 19.79511269772384
v -37.062472729018154 -11.157829281080287 19.76878772384188
v -37.08871698952076 -11.152258002364587 19.741490822885822
v -37.111892242856236 -11.145156901442135 19.71646819124786
v -37.13390545403008 -11.126027927352444 19.69788204264944
v -37.156663588047785 -11.084373029135026 19.689894590812017
v -37.18207360991486 -11.0096941558294 19.69666804945705
v -37.21120297647466 -10.89519517271334 19.721367803893493
v -37.24176167306843 -10.74888513557172 19.763172592083333
v -37.27062045742511 -10.582473779308085 19.82026465669975
v -37.29465008727359 -10.407670838825974 19.890826240415905
v -37.31072132034282 -10.236186049028927 19.973039585904985
v -37.316519375214085 -10.07708578441047 20.06519364872655
v -37.31298704166454 -9.928863861302407 20.166004200319612
v -37.30188143422258 -9.787371177347257 20.27429370717725
v -37.28495966741661 -9.64845863018753 20.388884635792532
v -37.26397885577504 -9.507977117465744 20.508599452658537
v -37.83155445093075 -10.41817955881788 17.2301281671877
v -37.88627566394427 -10.421470480845178 17.217098729370527
v -37.93719149473844 -10.420617969855043 17.20515628216977
v -37.98373466386414 -10.418608663020368 17.193097739834457
v -38.02533789187231 -10.418429197514067 17.17972001661363
v -38.06143389931385 -10.42306621050904 17.163820026756323
v -38.09182567344426 -10.433461495549706 17.145017463020565
v -38.117797144585 -10.442378155105356 17.126222857206812
v -38.14100244788837 -10.440534789721934 17.1111693821335
v -38.163095718506725 -10.418649999945362 17.103590210619057
v -38.18573109159241 -10.367442386321594 17.107218515481915
v -38.20983115576282 -10.280896180671219 17.124892323385332
v -38.23339280247811 -10.166055957090471 17.1558696747081
v -38.253681621134334 -10.033230829629916 17.198513762816997
v -38.26796320112752 -9.892729912340116 17.251187781078784
v -38.27350313185374 -9.754862319271634 17.312254922860237
v -38.26827585869668 -9.627609850395983 17.380187320726222
v -38.25309101407293 -9.509645827216055 17.453892827623786
v -38.22946696793273 -9.397316646063251 17.532388217493704
v -38.198922090226404 -9.286968703268968 17.61469026427676
v -38.16297475090424 -9.17494839516462 17.699815741913746
v -38.470802039918134 -9.53245013604338 14.427843702482456
v -38.51912850286404 -9.540065697379154 14.423512568646718
v -38.56379449601703 -9.544832124882163 14.419212599748528
v -38.60439073910578 -9.549013934139058 14.414013250911848
v -38.64050795185903 -9.554875640736507 14.40698397726064
v -38.67173685400549 -9.564681760261164 14.397194233918883
v -38.697946741383234 -9.579141004457462 14.384341058465115
v -38.7201211211607 -9.592739389690175 14.370631608542228
v -38.73952203006398 -9.598407388465622 14.358900519375076
v -38.75741150481921 -9.589075473290123 14.351982426188503
v -38.775051582152514 -9.557674116669991 14.35271196420735
v -38.79314890104198 -9.499613096719699 14.363244033431007
v -38.81018888071422 -9.420217756761408 14.383015047307621
v -38.82410172825263 -9.32729191718223 14.41078191121625
v -38.83281765074059 -9.22863939836927 14.445301530535922
v -38.8342668552615 -9.132064020709635 14.485330810645689
v -38.82691275861354 -9.043606301973208 14.529715175547537
v -38.81135143824189 -8.962254138801605 14.57765409415009
v -38.78871209220407 -8.885232419877218 14.628435539192946
v -38.760123918557625 -8.809766033882436 14.6813474834157
v -38.726716115360105 -8.733079869499665 14.735677899557961
v -38.881096964857704 -8.592624244709658 11.511916707111812
v -38.91027446314805 -8.598112617026047 11.511276556610483
v -38.9371215882845 -8.60218867483342 11.510420706608892
v -38.96142244167405 -8.606120153922575 11.508822838160569
v -38.982961124723786 -8.61117479008433 11.505956632319066
v -39.001521738840694 -8.618620319109487 11.501295770137922
v -39.01704365836369 -8.628855214133067 11.494661570450234
v -39.030087297462856 -8.638801188196638 11.487265787017925
v -39.04136831729318 -8.64451083694477 11.480667753290193
v -39.05160237900956 -8.642036756022028 11.476426802716237
v -39.061505143767 -8.627431541072985 11.47610226874527
v -39.07148084560387 -8.598126593882267 11.480879821040334
v -39.08068821825746 -8.55706761916902 11.49045072388537
v -39.08797467242229 -8.50857866701809 11.504132702650475
v -39.092187618792906 -8.456983787514318 11.521243482705724
v -39.09217446806384 -8.406607030742547 11.541100789421217
v -39.08707720471988 -8.360793966876379 11.563072865124955
v -39.0772160099528 -8.318976573477332 11.586730003092583
v -39.063205589519605 -8.279608511705307 11.611693005115981
v -39.04566064917734 -8.241143442720196 11.637582672987035
v -39.025195894683016 -8.202035027681895 11.664019808497656
v -39.114344201323526 -7.610143238478205 8.513770290093667
v -39.114476989834124 -7.609460554071796 8.513770290093667
v -39.114609769378724 -7.6087778680799 8.51377029009367
v -39.11474254000161 -7.6080951802744226 8.513770290093667
v -39.11487530174715 -7.607412490427279 8.513770290093666
v -39.11500805465966 -7.606729798310381 8.513770290093667
v -39.11514079875392 -7.60604710384776 8.513770290093667
v -39.11527353392642 -7.60536440757192 8.513770290093667
v -39.115406260044104 -7.604681710167452 8.513770290093667
v -39.11553897697394 -7.603999012318958 8.51377029009367
v -39.11567168458284 -7.6033163147110345 8.513770290093667
v -39.11580438278213 -7.60263361780005 8.513770290093667
v -39.11593707166055 -7.601950921129605 8.513770290093667
v -39.11606975135116 -7.6012682240151515 8.513770290093667
v -39.11620242198706 -7.600585525772135 8.513770290093667
v -39.11633508370132 -7.599902825716006 8.51377029009367
v -39.11646773659744 -7.599220123314368 8.513770290093667
v -39.11660038066063 -7.598537418643403 8.513770290093667
v -39.11673301584648 -7.597854711931418 8.513770290093667
v -39.11686564211062 -7.597172003406723 8.51377029009367
v -39.11699825940867 -7.59648929329763 8.513770290093667
v 1.1433857814308692 -0.7102006440589308 104.0
v 0.9697587065692791 -0.9333818016410482 104.00000000000001
v 0.7531912258194122 -1.1155350413919576 103.99999999999999
v 0.5034124944545437 -1.2482936841347314 103.99999999999997
v 0.23120446827236746 -1.3259929140559934 104.0
v -0.05125272444584322 -1.3450154051276024 104.0
v -0.33092506361380125 -1.3046391557869534 104.0
v -0.5959260603297981 -1.2069847361221249 104.0
v -0.835044000586124 -1.0555328717228485 104.00000000000001
v -1.0372790314266118 -0.8573927899170298 103.99999999999999
v -1.1931000567677534 -0.6249744528670481 104.00000000000001
v -1.2989294219239467 -0.34800473365299045 103.99999999999997
v -1.3453501379941932 -0.036326237471579904 104.0
v -1.3182123744368173 0.2748948636539198 104.00000000000001
v -1.2194456112901408 0.5692511647789955 104.00000000000001
v -1.056124597984552 0.8343218013760642 104.00000000000001
v -0.8359850685358314 1.0548630859242576 104.0
v -0.5710294639237589 1.2188709679854897 103.99999999999999
v -0.27566116060253865 1.3174821613496683 104.00000000000001
v 0.034912351673857804 1.3454090802056098 103.99999999999999
v 0.3429143010233511 1.3015858719860425 104.0
v -0.02425987267959343 -1.7277560638993996 106.60232375393147
v -0.2480464474649768 -1.8229110557627692 106.5850693044764
v -0.49027060152077107 -1.889849965004091 106.56913441840037
v -0.7443040097027243 -1.9233308012851555 106.55488064317609
v -1.0027699336624145 -1.9197095334600165 106.5427166375978
v -1.2573742706052304 -1.8764853238690669 106.53310031491354
v -1.4989118311503595 -1.7931090902733566 106.52658909172943
v -1.7187211088611967 -1.6715272623709172 106.5236019677848
v -1.9085121947819894 -1.5134394132957039 106.52485671330722
v -2.0602410876104336 -1.324789255267077 106.53053385233397
v -2.1670897550137194 -1.1194508759562083 106.539546665779
v -2.2260221250059447 -0.8661845442834228 106.55886133757788
v -2.2303290673382725 -0.5700915264684445 106.58896458094739
v -2.1709060392936963 -0.2822450847960423 106.622049501386
v -2.0515888227818286 -0.013110342501147426 106.6570462584309
v -1.8795935400463506 0.23451104335219233 106.69417367378695
v -1.6614140287116708 0.4500172857837 106.73236415799167
v -1.405778441481873 0.6263698101126 106.77109208639108
v -1.1225718038301518 0.7592643572590487 106.81015809149945
v -0.8217575589795842 0.8459959165208027 106.84935980829576
v -0.5147169743951664 0.886288531361871 106.88852126775778
v -1.2437454040833715 -2.7286626791543664 109.21102690653596
v -1.492891569738962 -2.708837884509191 109.1724725544657
v -1.7419080081260974 -2.6713261334276814 109.13751634159458
v -1.9867288731369301 -2.613407526452302 109.10676404644886
v -2.2227945287166566 -2.5330747431549803 109.08090183343118
v -2.4450200233696076 -2.4287492956178838 109.06069986915993
v -2.64740456218174 -2.300057340261228 109.04709237220766
v -2.8240118318481824 -2.148650720327409 109.04079074650342
v -2.969058595213313 -1.9750492523654026 109.0429874681279
v -3.0769783630658907 -1.7840144269081952 109.05399558360963
v -3.143042261010628 -1.5890761985145214 109.07209476583407
v -3.1647729018739206 -1.3503474205142207 109.10881947478511
v -3.13779517615298 -1.069670741318009 109.16497158862535
v -3.0570933760425416 -0.8018311834541517 109.22763585822621
v -2.9277960020638822 -0.5525881844036613 109.29496519693059
v -2.7569668724854877 -0.31860260207342966 109.36724864546805
v -2.549926063417049 -0.10624699061793808 109.44268965196981
v -2.312641398976218 0.0814528986779988 109.52039102506632
v -2.0512748955464346 0.24362604222631887 109.59999792241356
v -1.7715261671778733 0.3795940440314469 109.68115770790659
v -1.4796064274715193 0.4896789751414011 109.7635616510502
v -2.5211345687762257 -3.707919959884883 111.77354469146493
v -2.7699215868855407 -3.5877809195581576 111.71630445365307
v -3.0064160629801684 -3.4580259020837656 111.66567684524723
v -3.228518523960586 -3.3177446800872183 111.62234530180251
v -3.4338426531674777 -3.166111890141391 111.58708777207192
v -3.6197694772423796 -3.0022379013655405 111.56077873754464
v -3.7828313909520253 -2.825924497501252 111.54446484280021
v -3.9193999584838752 -2.638354684017971 111.5389751991839
v -4.025700434244947 -2.439521617755089 111.54556052903789
v -4.098390811198676 -2.2328677555812173 111.56453814363783
v -4.135423246653774 -2.029069735940024 111.59409900318907
v -4.132888929109853 -1.7929800682146555 111.64484541400864
v -4.0875000089026114 -1.5252989807412922 111.71774175514315
v -3.9986563824660015 -1.2718695790404013 111.80111290724912
v -3.871818467689494 -1.0349891016740984 111.89276997656849
v -3.713104985447391 -0.808842458766485 111.99244402833143
v -3.526801125305041 -0.5962047565097326 112.09820876542949
v -3.3167046980097568 -0.3972606028470065 112.20901962632075
v -3.0861390910996636 -0.210769129940251 112.32437489688022
v -2.8376932151775875 -0.03607553697521942 112.44384042138331
v -2.5738588013618986 0.12749441499292524 112.56702514134139
v -3.830066521162708 -4.630668284556749 114.17226504987768
v -4.061393661064353 -4.432388933837154 114.1332758287737
v -4.274126141305509 -4.229426596541039 114.10139613634485
v -4.467486675255394 -4.021876873628377 114.07717948459641
v -4.64057213981162 -3.8095827646276725 114.06126445790011
v -4.792431173237464 -3.5920772410425266 114.0543700676724
v -4.921419220761234 -3.3693364953283464 114.05732127792726
v -5.025867067099177 -3.1418556514322136 114.07085016677648
v -5.103441142046963 -2.9097973440229037 114.09570489313192
v -5.152958459264595 -2.675048197563105 114.1320119626438
v -5.176656208089938 -2.4423388375627204 114.17849492785703
v -5.165533056602624 -2.1955375050294728 114.23674068765416
v -5.115414952808438 -1.9368455700211542 114.30773917885345
v -5.031512438730291 -1.6901289734753233 114.39044244529113
v -4.91836799225001 -1.4554719784709376 114.4828741423499
v -4.779946932915104 -1.228403611053234 114.58317990894832
v -4.619697329266535 -1.00891572755013 114.69011985904073
v -4.439900859249095 -0.7957058113808577 114.80278464727107
v -4.242000785501001 -0.5869052431435243 114.92050491254872
v -4.026772385705408 -0.38133387535115126 115.04284759824911
v -3.7946258911282476 -0.1782561081150225 115.16939576689722
v -5.2265284255901205 -5.486730852955439 116.48208061106259
v -5.392581890684928 -5.227031162863279 116.48665630377793
v -5.54265506105439 -4.9650862790093955 116.496826396959
v -5.676715186210933 -4.7013203053546055 116.5128636454007
v -5.794716342446916 -4.435812436523966 116.53509898516957
v -5.89665279245239 -4.168297329373283 116.56390792036524
v -5.982046772111974 -3.8989265906844244 116.59965612457005
v -6.050744616401138 -3.627350405138175 116.64281931672906
v -6.101382288093355 -3.3545374609509877 116.6932820415128
v -6.134610793490782 -3.0807201181170805 116.75087738722702
v -6.157155722985183 -2.8023977879664588 116.81537706425486
v -6.153574523377036 -2.5355002706508634 116.87484355124539
v -6.117839123686467 -2.2856438470088 116.93013364424067
v -6.060887424676998 -2.0422100818981654 116.9960086877555
v -5.985494117164935 -1.8043115477558096 117.07109467906372
v -5.8928378196471485 -1.5724266596755683 117.1514768907596
v -5.785645749475327 -1.3443257896713157 117.23711779294746
v -5.665249367449951 -1.1183209859651415 117.32744504007218
v -5.532067739173926 -0.8931747324965299 117.42164150399947
v -5.386160381929374 -0.6678310281914756 117.51933865572379
v -5.227234660710328 -0.44172151889829253 117.62014180320296
v -6.7256329982046585 -6.259167185214123 118.83091932499605
v -6.790063671332611 -5.949013102417704 118.88597819463702
v -6.847844035329292 -5.637523402201397 118.94358286500443
v -6.899249742640487 -5.325042460571684 119.00369519610155
v -6.944602477650714 -5.011626686266589 119.06630390009926
v -6.984282592884377 -4.69708793389356 119.13140553805677
v -7.018437452208352 -4.381758960908967 119.19887412390605
v -7.047783185013661 -4.064419794175513 119.26888755408604
v -7.071657134953442 -3.7473550680274057 119.34053057910765
v -7.091667195921197 -3.4293387406002394 119.41343691024929
v -7.116251699529447 -3.098071285204521 119.4887170818699
v -7.127096447028204 -2.8119732511094258 119.54400225942102
v -7.117490458009092 -2.5804373891980807 119.57981112757905
v -7.100871421287942 -2.34697676654368 119.62295299746465
v -7.07824718296981 -2.1109566650367833 119.67269598783088
v -7.048599347962066 -1.8809533198607964 119.72376521046846
v -7.01387721756891 -1.6525404807676858 119.77720291188174
v -6.9748408568964555 -1.4242097658047945 119.83280366906786
v -6.931522891395865 -1.1961344543777075 119.88970893687662
v -6.883941272503068 -0.9676953723425062 119.94763732644417
v -6.831927518185967 -0.7385877230458063 120.00624680985949
v -8.21959107289304 -6.93203833624837 121.26949423891847
v -8.222735366516726 -6.5807499881511 121.37105539449082
v -8.226360931394419 -6.228277769505497 121.47114145374117
v -8.23075850380916 -5.87474965802501 121.56949504655334
v -8.236265437920785 -5.520115069702547 121.66586301937627
v -8.243252582969074 -5.1642358824996775 121.75998155461241
v -8.252066415537936 -4.80763651498769 121.85140775899275
v -8.26344316591082 -4.4483346651519104 121.94009918591013
v -8.277358761814808 -4.09031296182074 122.02483337661337
v -8.29494374292639 -3.731379815750987 122.10533716001378
v -8.320567190720654 -3.3516022564047345 122.18412360003012
v -8.341576189000174 -3.0596801532291007 122.23915744887802
v -8.353906486861842 -2.8675778506867227 122.27036761315571
v -8.367094889423829 -2.6626891792208136 122.3038245984255
v -8.38124192729353 -2.4458394907782943 122.33912520349094
v -8.39495607505815 -2.236390242649182 122.37152050054945
v -8.40917672981812 -2.0272016001808923 122.40236555586682
v -8.424282573516724 -1.8169681532762025 122.4316783557829
v -8.440337377828602 -1.607570114645434 122.45875255075953
v -8.457564161944804 -1.3987979181510508 122.48337531452432
v -8.476188946197208 -1.1905731290025374 122.50526983400275
v -9.883546971614184 -7.581255405341452 124.16398987231108
v -9.844602152427306 -7.184165437099218 124.24136466593386
v -9.810270498422001 -6.786175204580427 124.31515829531024
v -9.78070141250848 -6.387301094071338 124.38508910112589
v -9.756031016943606 -5.987454824319017 124.45087700771965
v -9.736385389817848 -5.58660306321221 124.51224663279616
v -9.722003593862384 -5.185471484715469 124.56878623753964
v -9.712653188346701 -4.781526081810762 124.6204145588633
v -9.709071780838062 -4.38068735063139 124.66643831088903
v -9.71007659252229 -3.9804927618568784 124.70712670362212
v -9.707950150253131 -3.5558678424663115 124.74623771741685
v -9.708769965927644 -3.2704862591480306 124.77857602744781
v -9.71614090654806 -3.1365683529701767 124.80318095638945
v -9.7261158140391 -2.9773525283229025 124.82580176025036
v -9.739402476374343 -2.7961557809885953 124.84579370249054
v -9.75713478758936 -2.625080944900682 124.86171184559089
v -9.778841229905007 -2.4533570794892654 124.87395265787175
v -9.804533586490935 -2.279432838504864 124.8824730002652
v -9.834523133498212 -2.1067319892057186 124.88697375405434
v -9.869098191533327 -1.9351299201714085 124.88725896353635
v -9.90865091620141 -1.7646202234078296 124.8831140789323
v -11.573921340710559 -8.157633439651027 127.198591151543
v -11.539144319565342 -7.710611256558111 127.21737612366165
v -11.50762624967316 -7.264311576162767 127.23221536804498
v -11.479311328612038 -6.818759775851381 127.24296216154126
v -11.454032952486514 -6.373893083014612 127.2494863716104
v -11.431570354854157 -5.929804332457434 127.25170192584352
v -11.411896966066763 -5.487386440378724 127.24949593188879
v -11.393170432565846 -5.04364014299022 127.24292212854655
v -11.377053010555063 -4.606413979501112 127.23235911082885
v -11.358976915566712 -4.173156307318219 127.21891175528037
v -11.314670086857491 -3.714417731374976 127.20724635494526
v -11.283341236969445 -3.4470438906174428 127.21677273149899
v -11.27948496336506 -3.3835038199602963 127.24528185249203
v -11.27283483390564 -3.285170336647587 127.26855248513542
v -11.26534842247889 -3.157516861475539 127.28559496458607
v -11.263461386244703 -3.044585191417446 127.29973248717022
v -11.264765530086924 -2.9317150419485567 127.30967676640468
v -11.268844333998898 -2.8167077847272832 127.31514117150554
v -11.276413824460066 -2.7040881895768147 127.31635640698524
v -11.287610268727118 -2.5935131074177202 127.31311916861574
v -11.30269967073689 -2.4848994836226437 127.30527646520459
v -13.631625526693508 -8.646769158090327 129.9177334242163
v -13.613278911057396 -8.161092673141862 129.86577074507343
v -13.593772665666899 -7.6782968828928055 129.8109846512373
v -13.572854313423482 -7.1984500214835565 129.7534237484369
v -13.550059523707507 -6.721499469480323 129.69317730847303
v -13.524839486380909 -6.2475998436563405 129.63042058727444
v -13.4969051759854 -5.7777142954635945 129.5654116641104
v -13.462731586478442 -5.308237508125655 129.4984546410258
v -13.425042156104945 -4.84863771646001 129.4309595479434
v -13.376106172663272 -4.3956187366930894 129.36486221501917
v -13.276805043753935 -3.913011625355728 129.30524087507888
v -13.213755856819612 -3.660990901875083 129.28855798778636
v -13.212174889878984 -3.656127883234613 129.3109335127561
v -13.199357187123258 -3.6142291419625616 129.3260563852908
v -13.177587132034198 -3.540681668996812 129.33328403153664
v -13.16071277487114 -3.486984623143158 129.33985637310354
v -13.14375883257099 -3.435470702871205 129.34309615822653
v -13.125788435631822 -3.3831762911710164 129.34250350068942
v -13.108085029983263 -3.335087330315527 129.33874104231293
v -13.09047811965395 -3.290504478286177 129.33162889730693
v -13.072948794090415 -3.249180786791049 129.3210852351595
v -16.65154915178096 -8.857489483024155 131.02468645967878
v -16.589839825597693 -8.406104693946762 130.9812891084489
v -16.52468175483709 -7.954733857182194 130.93212733544036
v -16.45570620123964 -7.503435197546322 130.87740680416331
v -16.382261957254848 -7.052072510146325 130.81739841797614
v -16.303611078380822 -6.600712432728853 130.75248215628702
v -16.2193657488395 -6.150228779588712 130.68316409057368
v -16.12481220216864 -5.696043651438661 130.61005543879835
v -16.023844358628956 -5.24863954733391 130.53497614874507
v -15.90707942653692 -4.802488365219496 130.46039122863692
v -15.72841196850423 -4.309266406058563 130.39113640685326
v -15.635973169220561 -4.054632877029119 130.35793045676482
v -15.662154759796458 -4.066950015078164 130.35473753867558
v -15.672473983315756 -4.046688920056187 130.33848529223638
v -15.667061736481859 -3.9950131090714485 130.31036083787953
v -15.668618751071435 -3.962741497384942 130.27836404135095
v -15.668870392076228 -3.931217570507227 130.23974211576694
v -15.666237522337859 -3.8968785005614075 130.1940239465265
v -15.662738895375401 -3.8643367781243207 130.14198676537708
v -15.65780583584596 -3.832565048904231 130.08355958131764
v -15.651109745067343 -3.80112673165512 130.01875157040809
v -19.861189639295148 -8.81115186582557 130.53173885297738
v -19.732099501887532 -8.44634017405094 130.51343350994074
v -19.59817957543114 -8.076269606768129 130.4907171025611
v -19.459060557499075 -7.700892268932375 130.46385774383555
v -19.314068764988495 -7.319863480795946 130.43320810484335
v -19.162474633648728 -6.932983356452233 130.39922335502894
v -19.004030838312623 -6.540860126706516 130.3624301915741
v -18.833635435856735 -6.13752808355443 130.32375401864311
v -18.656394160069393 -5.733728537024656 130.28453055004738
v -18.463404098310715 -5.3199873634331585 130.24729893027325
v -18.212300030972965 -4.829707573465982 130.2159797763413
v -18.123117343394462 -4.55237136887985 130.18683839446956
v -18.230108084542707 -4.5367199155623235 130.1512906203452
v -18.320048904046022 -4.503621702158244 130.10179554091857
v -18.38789755930752 -4.445396465972389 130.04307782680766
v -18.46581065582724 -4.402816631403429 129.97976201190244
v -18.541615429183242 -4.358735020637043 129.91076644314953
v -18.612986179906002 -4.309322162457661 129.83598342627764
v -18.68280403512226 -4.257968880466783 129.75589526629787
v -18.750069418511348 -4.203450506441771 129.6706438632671
v -18.814207607173127 -4.145159333019392 129.58035046406187
v -22.904609484367572 -8.642683066043901 129.1621682847605
v -22.726325294320397 -8.38062017119717 129.1493994677043
v -22.53823963350827 -8.108025488519122 129.13902888693644
v -22.340069080760507 -7.8246823284592315 129.13131079324393
v -22.131243212865026 -7.529964780328614 129.12659727030797
v -21.911188518187704 -7.223298894720941 129.12531442110992
v -21.679963402625006 -6.904915318386309 129.12783777547622
v -21.43272667415923 -6.567308777279471 129.13538005125247
v -21.17569741578812 -6.22083322910412 129.1481698019471
v -20.902028389452305 -5.851194877950674 129.16846555383773
v -20.580897963668097 -5.370966249397797 129.19882874142874
v -20.504670841359573 -5.05535021551084 129.1829000249254
v -20.705212943516994 -4.977777820651618 129.10951891513645
v -20.88584225204505 -4.90588658560461 129.02744721996226
v -21.034579334255767 -4.820536762876827 128.94588342977133
v -21.192508729811546 -4.746139521956927 128.86330263599453
v -21.34350922468416 -4.668881840349201 128.7814437616074
v -21.484505633659364 -4.584961195125432 128.70077967427574
v -21.61924651783751 -4.496004448387024 128.62122051839327
v -21.746319263166797 -4.40071118600547 128.54317978900477
v -21.86497442726367 -4.298334890360271 128.4668971719934
v -25.79323982867579 -8.414918577987573 127.32229067618673
v -25.58395011871865 -8.22392949071274 127.344459552048
v -25.35833429366469 -8.021366541280024 127.37412544742837
v -25.116245431475647 -7.806822820435452 127.41147834082182
v -24.85729404157815 -7.579379050233537 127.45681299314946
v -24.581149444508476 -7.3380608509186604 127.51045746829887
v -24.288251727597036 -7.082681775922625 127.57253620874864
v -23.974471017100225 -6.804340505693191 127.64449003452742
v -23.646894166028282 -6.512493195576659 127.7251440561649
v -23.301629281930325 -6.188101922752873 127.81624755113508
v -22.923687902394434 -5.724345394887453 127.91881237404495
v -22.867587381787978 -5.368355885523259 127.91789839031026
v -23.159918901514775 -5.217760740858766 127.80013305322653
v -23.429073970504955 -5.1024624011389665 127.67794704682984
v -23.65581041912539 -4.991504037748733 127.56507578880543
v -23.888451688305278 -4.890108419703742 127.45267038906954
v -24.107468536087236 -4.788830128890701 127.34573755993637
v -24.3091432730052 -4.684127239333725 127.24540895385418
v -24.497966676425932 -4.5756588354127645 127.15090047466578
v -24.672180716307373 -4.462149818119643 127.06290412166807
v -24.830932273903827 -4.342757882986659 126.98176807024352
v -28.63089466902442 -8.156073852802743 125.35212099546546
v -28.38278919049946 -8.013413356918996 125.42838873724172
v -28.114627285799312 -7.860835686050721 125.5144589909832
v -27.82641332234682 -7.697763535490291 125.61043295442231
v -27.517968352260187 -7.523032743490941 125.71651695011428
v -27.189230414988554 -7.3353233060951 125.83290731409149
v -26.841007939584063 -7.1340646654556705 125.95944935455852
v -26.470134577147032 -6.90939825490499 126.09772044325175
v -26.08417225662461 -6.669507690665614 126.24517260870088
v -25.68240797769347 -6.391635664233239 126.40294337285818
v -25.26646223856546 -5.954997594579399 126.57055828682877
v -25.232226595829097 -5.5691749433322855 126.58075530254466
v -25.59948671391762 -5.3506932557181655 126.41870635078088
v -25.943490092552818 -5.196340022739024 126.25447202843009
v -26.23884478223909 -5.065241847003117 126.10551462606101
v -26.53826299894234 -4.944093569974898 125.95608630456866
v -26.819938636322874 -4.8280594574076146 125.81420655002577
v -27.079728387082096 -4.71403188598164 125.68160510374695
v -27.322609749072996 -4.599836824437513 125.55683670303779
v -27.546596656498167 -4.484305042914748 125.44082696604569
v -27.750802995758026 -4.366552181058626 125.33400629044814
v -31.473550871019835 -7.854372374561667 123.42765742173708
v -31.153417720821174 -7.747859361968521 123.56715288428371
v -30.81677079203839 -7.6343797003959715 123.7154903177321
v -30.463744704336815 -7.513246763380009 123.87268353219905
v -30.094352599883877 -7.383160608598708 124.0388449160248
v -29.708766230972543 -7.242591587036737 124.2140406724934
v -29.308059738582163 -7.090690502910059 124.39788080167659
v -28.89008414462811 -6.917375618684808 124.59195533756558
v -28.46233664504022 -6.729318987959504 124.79270023132322
v -28.02683055363292 -6.502017853683554 125.00066486653932
v -27.599057331398022 -6.110148737377997 125.21420544098864
v -27.58490250484343 -5.720573130803129 125.23221190450852
v -27.99717327827272 -5.458612149232868 125.039549467973
v -28.393005874982727 -5.281682709698255 124.84446455938776
v -28.743410026634773 -5.143153467046357 124.66646312577234
v -29.101475504666848 -5.0153394265969 124.48492298304281
v -29.444841243773478 -4.897465247874093 124.30991914656013
v -29.769265110169375 -4.786971372957458 124.14357983182798
v -30.079825548340374 -4.680323795333547 123.98398683757564
v -30.374475595462883 -4.576519201318117 123.83220272073375
v -30.652366462978463 -4.4746956131797 123.68869751637311
v -34.35219243525221 -7.470683060422448 121.60155489976928
v -33.897506305341565 -7.399360069301135 121.82972701498711
v -33.442056578526476 -7.323700121757557 122.05924757702417
v -32.98605126194868 -7.24300959271606 122.29007030314143
v -32.52962907248742 -7.15602248227645 122.52223377137189
v -32.07309957639893 -7.061216648506744 122.7557109312271
v -31.617610706712835 -6.957642222330436 122.98999217385351
v -31.161886341532142 -6.836023649454345 123.22652396706734
v -30.712672019936452 -6.701418110618714 123.46140983295199
v -30.27357866737924 -6.530500533275977 123.69476075777119
v -29.8677169203927 -6.206826794764875 123.924334209917
v -29.86898426002281 -5.853680314463553 123.94586107860447
v -30.28439432150936 -5.590270622542153 123.74544092505312
v -30.70125505352481 -5.41751268130842 123.53665680817329
v -31.090967833843553 -5.289433927533582 123.33850195300373
v -31.501827676476506 -5.171605240283843 123.12910400607196
v -31.913231204438663 -5.065971013179117 122.91893403866771
v -32.321274153730286 -4.970573573479904 122.7101802070445
v -32.73061986354363 -4.881330558107616 122.50079475326368
v -33.139377371252245 -4.797444109583945 122.29182869830593
v -33.54680517162069 -4.718149778861082 122.08373281203654
v -36.40276834395687 -7.135873817433283 120.40423544454298
v -36.07133500402548 -7.094513673747603 120.57828957129048
v -35.736445387186215 -7.049939762570148 120.75511069342903
v -35.39829587398988 -7.001586192585539 120.93464008073119
v -35.05704647837079 -6.948438257584638 121.11688275398475
v -34.71300083887055 -6.889262251571039 121.30178301004383
v -34.367118606478066 -6.823242552421741 121.48888380019781
v -34.018696151164185 -6.7431711396844864 121.67930638928699
v -33.67292484481897 -6.652493639394503 121.86976215885016
v -33.333353298610334 -6.532731569113666 122.06017253297371
v -33.021698792543845 -6.292876347761812 122.24846618324914
v -33.0295590450379 -6.015162367615715 122.26750109156046
v -33.360405848420804 -5.794005556388309 122.10646043998429
v -33.69041246595324 -5.6481425816646516 121.9408824672451
v -33.996492102850695 -5.540450562422569 121.7860052644021
v -34.316060444817595 -5.4401321440028525 121.62358724956873
v -34.6330485897217 -5.349889024263395 121.46228434325926
v -34.94441319068634 -5.2683721389168685 121.30389696212887
v -35.25378407166624 -5.192028325606313 121.14671307619142
v -35.55968226214492 -5.120288610970604 120.99158300125805
v -35.861543214376404 -5.052569633507744 120.83886651875817
v -38.052007366259744 -6.79157597930255 119.56645016414987
v -37.944349261124785 -6.773860741784108 119.62662629785159
v -37.82694405179228 -6.753647425949565 119.69240308623131
v -37.69990796597801 -6.730613623636173 119.76374507702761
v -37.56334015544813 -6.704185376400442 119.84065219664357
v -37.4174226121996 -6.6736609872524255 119.92308845276808
v -37.262705722350645 -6.638560640799604 120.01078844994461
v -37.09884926888971 -6.594869314276561 120.10438149562127
v -36.9287556483876 -6.544361941974947 120.20197679804542
v -36.754562384035886 -6.476638717586233 120.30349701211591
v -36.58919791174867 -6.340844813637055 120.4076952046336
v -36.5965274065673 -6.178710694560985 120.4192212513882
v -36.7781076692829 -6.043387709320438 120.33201070441672
v -36.9515730983509 -5.950762909436342 120.24634456142844
v -37.10380690880826 -5.879714815651096 120.17086519631391
v -37.25579522187072 -5.811848731449043 120.09510661754756
v -37.39850853761435 -5.749025417038595 120.02402155362373
v -37.530236895418966 -5.690538725582968 119.95863893161066
v -37.653018147976006 -5.634286485151085 119.89797633230937
v -37.76601840995222 -5.579961471723086 119.84251803302666
v -37.868919931671854 -5.52724004259456 119.79246861292376
v -39.90820431480889 -6.327978826684307 118.70686616300375
v -39.9083097291553 -6.327314489017331 118.70686616300377
v -39.908415040064284 -6.326650351344641 118.70686616300375
v -39.90852037253093 -6.325985731803206 118.70686616300374
v -39.9086255581512 -6.325321754991083 118.70686616300375
v -39.908730590609615 -6.324658499083906 118.70686616300375
v -39.90883679573191 -6.323987602154365 118.70686616300375
v -39.90893865093863 -6.323344020252338 118.70686616300374
v -39.90904853421533 -6.322649460990998 118.70686616300377
v -39.90915887633112 -6.321951819568444 118.70686616300374
v -39.90920871032407 -6.321636797170731 118.70686616300374
v -39.909537605962306 -6.319556183137608 118.70686616300377
v -39.910179607010086 -6.3154943083748645 118.70686616300372
v -39.91077820114384 -6.311706116980859 118.70686616300375
v -39.91133682944109 -6.308170055576492 118.70686616300377
v -39.911917541772844 -6.304493844896585 118.70686616300374
v -39.91249803308233 -6.300818621955144 118.70686616300377
v -39.913074266591586 -6.29716996977069 118.70686616300374
v -39.91365212362569 -6.293510733625604 118.70686616300374
v -39.91423065397379 -6.289846950146105 118.70686616300375
v -39.91480907540945 -6.286183590789166 118.70686616300375
v -1.1046497811241252 0.7690675269847389 22.0
v -0.9269514236464297 0.9750502516110735 22.0
v -0.7098478276470782 1.1428781507826564 22.0
v -0.4632743805106156 1.2639476929938187 22.000000000000004
v -0.1976901424332685 1.331915746310343 22.0
v 0.07553711485156686 1.3443615729406346 22.0
v 0.3450162945103449 1.2995849178861663 22.000000000000004
v 0.600437449293467 1.2011613668021226 22.000000000000004
v 0.8323617214477401 1.056917285667145 22.0
v 1.0312183428778365 0.8735530803328793 22.0
v 1.1865186989090575 0.6504650880568151 22.0
v 1.287448189779543 0.3844189027827928 22.000000000000004
v 1.325693183128558 0.07940340662036137 22.0
v 1.2990957535399514 -0.24280775944488944 22.0
v 1.2064279074406465 -0.5577542421213486 22.000000000000004
v 1.046461651257569 -0.8409756881174053 22.0
v 0.8187813709497221 -1.068744992448607 21.999999999999996
v 0.5360032470478289 -1.229097460348412 22.0
v 0.22124326467884123 -1.3195454501291193 21.999999999999996
v -0.10208402982572068 -1.337870799440196 22.0
v -0.4105640901343343 -1.2818553459311102 22.0
v 0.6815775707615517 2.28938340589054 24.80195997041605
v 0.9132435453268799 2.2473814910034426 24.72673350699587
v 1.143064523043481 2.190476807730336 24.658085965980398
v 1.3685111257821003 2.1167106970458853 24.596246278386822
v 1.5868952645654337 2.0245890039555268 24.541460193184033
v 1.7952534449044213 1.9134236114380394 24.494002642957938
v 1.9906017179296724 1.7826748682870543 24.454153377665797
v 2.1700690829695444 1.6328938535007236 24.42222268704001
v 2.3308755424755137 1.4655104547440823 24.39854546691531
v 2.4701833901206633 1.2818638382371441 24.383445435910488
v 2.5848016965200893 1.0826153267855225 24.37717673655381
v 2.6714135982342526 0.8681839795494863 24.379968022097316
v 2.727497657686421 0.6403098457854213 24.39196793017704
v 2.7524903203213738 0.40398461088878895 24.413128278180704
v 2.7461238055353006 0.16469117921902027 24.443371150206602
v 2.708130332724393 -0.07208754486445336 24.48261863035304
v 2.6384297156370624 -0.30100652271528755 24.530782147640362
v 2.539951064741361 -0.5189322899335098 24.58760220754729
v 2.418048101126264 -0.7245132623743309 24.65268160130465
v 2.2781434895130728 -0.9164485235325843 24.725619204248282
v 2.1256598946230896 -1.0934371569031023 24.806013891714077
v 2.483218919401944 3.3568134272823213 27.550187557764115
v 2.7607448206820155 3.198157616775082 27.434705443369815
v 3.013780636924948 3.0353209771522582 27.328203875364615
v 3.2436095257022206 2.8697192820591733 27.23108157097671
v 3.4515336141883264 2.702316651187638 27.143769254193785
v 3.6388879468617197 2.533293464556124 27.066753189239726
v 3.8069867403591147 2.362680024935168 27.000529332101845
v 3.9567573835707024 2.1893543439041063 26.945660160507835
v 4.08881559566778 2.011266024274087 26.902761749199357
v 4.203730013419149 1.8268877630358158 26.8724343387054
v 4.301845376164828 1.63791124866002 26.855176483119912
v 4.383425260253619 1.447191229095466 26.851449312240803
v 4.44877431800932 1.255666322130701 26.86153766356588
v 4.498298566307794 1.0595557476760205 26.88529267056509
v 4.532419334989852 0.8543657744881571 26.92249994780215
v 4.55155795389631 0.6356026713238436 26.97294510984081
v 4.5559937109092665 0.3989516134215411 27.036399404894777
v 4.543727326377419 0.14296770617597807 27.112403623227124
v 4.510923663452037 -0.13148162297530328 27.200312873579023
v 4.4536953828142165 -0.4234631958802472 27.299476984850635
v 4.368155145145048 -0.7320438343867957 27.409245785942115
v 4.290258917184835 4.062944400916673 30.276173702264252
v 4.592718979285638 3.8975195613478517 30.132528204053127
v 4.866966174301136 3.7278860465884334 29.998830813975697
v 5.11479103330455 3.5558224499235207 29.875594243190694
v 5.338008842045492 3.3825473151940146 29.763377464085128
v 5.538477842217715 3.208307351576153 29.66281972457478
v 5.718032007539663 3.033152522310764 29.574575062186277
v 5.878047221965694 2.855533101051724 29.499406199300125
v 6.019530283444098 2.6726104807860755 29.438163426415134
v 6.143395005514203 2.4822885352913957 29.39168295879996
v 6.250071969511513 2.287035365725025 29.36070397086486
v 6.339816768162173 2.0909682950653097 29.34592957846469
v 6.413037178927842 1.8955268178241984 29.34777551931272
v 6.470516094455871 1.6955548972596453 29.36595045363805
v 6.513093075386271 1.4849001213001207 29.400056224715346
v 6.541607682359056 1.2574100778740942 29.449694675819316
v 6.556700484287542 1.007170321221687 29.514455415141825
v 6.55581992226616 0.7320837446049504 29.593731781669177
v 6.533842518521227 0.4331288970282994 29.68675897896766
v 6.4855716629470965 0.11137178355067553 29.792767714034056
v 6.405810745438118 -0.2321215907689776 29.91098869386515
v 6.2911265501115095 4.607957599560954 32.911197734569164
v 6.578494315214826 4.48930991920229 32.723668023418384
v 6.847377004984468 4.3613275225986055 32.54869114185539
v 7.098300989221216 4.224516998447365 32.386855835928266
v 7.3317331262500005 4.079141392849906 32.238814128949734
v 7.548037006165106 3.925041140761903 32.10532784710771
v 7.747546388511708 3.761950241496428 31.98717981282735
v 7.930281891880891 3.58857212598707 31.885313808421817
v 8.096011835089447 3.4027798892878782 31.800803302669404
v 8.244346606542415 3.203157655459356 31.7347153095918
v 8.374013448126798 2.9925931459716706 31.688057428046765
v 8.483420934974523 2.7755307211968074 31.66181451640594
v 8.571650350987856 2.554441259876785 31.65656588311319
v 8.639439539939941 2.3269337424298357 31.671892906558654
v 8.687776599195898 2.0898826708284526 31.707226209590907
v 8.717649626120837 1.8401625470451268 31.76199641505854
v 8.72994397827803 1.5747983506732661 31.835624026517696
v 8.723896911648794 1.2932289496010458 31.927367218791396
v 8.697417795677408 0.9968380977622835 32.03635337734983
v 8.648378241447956 0.6870648517885947 32.16170616867716
v 8.574649860044504 0.36534826831159845 32.30254925925754
v 8.572416278377741 5.130583698457247 35.291888331186044
v 8.836905210159644 5.074730438671822 35.054974257474335
v 9.094588472457232 5.003165028533996 34.83342489083027
v 9.344512863915229 4.914884279620174 34.62788514271046
v 9.585574403842775 4.80899439657083 34.43908671807165
v 9.816407469319863 4.684791410072727 34.267911931665736
v 10.035609881181514 4.54157562324357 34.115272305560005
v 10.24161206806649 4.378411865295418 33.982306686718346
v 10.432709589594369 4.194175242529712 33.870337079303845
v 10.606994125027605 3.988315298574505 33.78069193854858
v 10.76138546638035 3.763678295707133 33.7147070013526
v 10.89238126622915 3.524341219802192 33.673719138221124
v 10.997619095900966 3.2735537184751533 33.65854229897751
v 11.077543192400398 3.0125251908916684 33.66870358544152
v 11.133021790789451 2.7421568194652965 33.7035356975638
v 11.164923126130136 2.463349786609601 33.76237133529505
v 11.174140902296427 2.1770345139466327 33.844529239008196
v 11.161977381370052 1.8846104641604746 33.94910421636754
v 11.13006400353049 1.5878550094757435 34.07501065094683
v 11.080041569113265 1.2885562679482387 34.22115779597351
v 11.013550878453891 0.9885023576337606 34.386454904675034
v 11.084468170680791 5.648848540384201 37.449696381820125
v 11.329349815547257 5.645293092227573 37.160900498345065
v 11.574330952221343 5.621606873994772 36.89015004161194
v 11.81778786227071 5.575970930143629 36.63813716651782
v 12.05790331947709 5.506809855340702 36.40567120731151
v 12.29252431017314 5.412970868608094 36.19376483556692
v 12.519454231986774 5.2933597526390015 36.00347025516411
v 12.736335024103509 5.147144898629784 35.836148179146285
v 12.94067853755511 4.97370628321528 35.69340788846582
v 13.129791886952127 4.7728527788424655 35.57688046658206
v 13.299804488369315 4.546870530890919 35.48828331321486
v 13.446421826321966 4.298945225443522 35.429363358594635
v 13.56659928421397 4.032337047424518 35.40124242178206
v 13.66036956506134 3.75048639349924 35.40350389697841
v 13.728230257152282 3.456860884604426 35.435498771241804
v 13.770678948775023 3.1549281416768156 35.496578031630364
v 13.788317698663281 2.8481050693246965 35.58606560835224
v 13.783424429270712 2.5389950056549258 35.70285139888067
v 13.759627317729416 2.2295457927684867 35.845475597592994
v 13.720592935568238 1.9216866337835783 36.0124684550837
v 13.669987854316018 1.6173467318184023 36.202360221947245
v 13.761075667044981 6.1633767249853015 39.418649354358415
v 13.99607927194781 6.205603297900636 39.0786107573468
v 14.233217800150474 6.224589951404522 38.759071789235215
v 14.470885181697358 6.218325430095995 38.46075848785546
v 14.707283929814482 6.184989294291474 38.18454443700581
v 14.940284398663298 6.123092220301935 37.931559251958774
v 15.167706649028863 6.0312101767094015 37.70298293492724
v 15.387095919265498 5.908436229945664 37.50039373129785
v 15.595776021445408 5.754280075660378 37.325690753662684
v 15.790910639819286 5.568515348431902 37.18080499797669
v 15.968762296709288 5.352392465482859 37.067800787946425
v 16.12526937053744 5.1077001971076035 36.98878887506466
v 16.2574111037477 4.8370017050144085 36.94519625488036
v 16.36472930286487 4.544763966068152 36.93676712181835
v 16.447152896471422 4.235741563147678 36.9629914524914
v 16.50461081314981 3.9146890791318265 37.02335922351233
v 16.53717142978069 3.5862653811084284 37.117313386129
v 16.54714008454618 3.253593910325012 37.24354253371726
v 16.53862445040473 2.9185610050954707 37.400127468438335
v 16.51578344957729 2.5830178267988617 37.585131709953004
v 16.48277600428482 2.2488155368142477 37.796618777922056
v 16.661971266566734 6.805703215031755 41.05774422229591
v 16.881893853690595 6.872790791081418 40.6861667879902
v 17.103748184658265 6.915747154762663 40.33598326309125
v 17.326364281347896 6.932791427437128 40.0079337699705
v 17.54841623848485 6.922163113603931 39.70292849230976
v 17.768307575734017 6.882137087924209 39.422172715372014
v 17.98438574822963 6.811032669779261 39.166931691276716
v 18.194532182650462 6.70782549297261 38.93896002009378
v 18.396252823412137 6.572019988255059 38.740406572830324
v 18.586980588035487 6.4031758280796165 38.57344856426113
v 18.763783140555674 6.2010882124420235 38.440363574366415
v 18.92359726624611 5.965641914357673 38.343463688055955
v 19.063955237783343 5.698131068904475 38.28439231813181
v 19.18385520383733 5.403317768678917 38.26314723711884
v 19.2825167603913 5.086488004532547 38.27947761355377
v 19.359159503428483 4.7529277673169155 38.33313261597337
v 19.41314983490897 4.407800389596408 38.42379067249261
v 19.44620914637168 4.054301579767522 38.54999542802723
v 19.46195626030933 3.6940417181916905 38.70937622503174
v 19.464063952530253 3.3285861065392743 38.89953640783451
v 19.45620499884279 2.9595000464806325 39.11807932076391
v 19.79935338458102 7.6947546400413405 42.17693108730548
v 19.997907555954296 7.754403276019382 41.80209788551802
v 20.19733767011973 7.792010611277842 41.447660642588176
v 20.397058561949464 7.806248029923977 41.11434732914264
v 20.59638660680667 7.7955883620815145 40.80306280915738
v 20.794467326632798 7.75815989393078 40.51501890359323
v 20.990385946931127 7.692106919159908 40.25149390110353
v 21.182534072394088 7.596382309965632 40.014340734857015
v 21.3687444527584 7.470590415691158 39.80587533297604
v 21.54690343178302 7.3141140648382 39.62841645743539
v 21.715304403960545 7.124929873294961 39.48422234789595
v 21.872388525337062 6.900510069813839 39.3755276854567
v 22.016593394243632 6.640443316538316 39.30401747445138
v 22.146347341270626 6.349528310160759 39.27002411341577
v 22.26007729694709 6.033350818147702 39.27367566510196
v 22.35621019180206 5.697496607965691 39.315100192262065
v 22.433315903452854 5.347403004156381 39.39433068032845
v 22.49225739669534 4.986126082563935 39.50987493093741
v 22.535745192098606 4.614803330930057 39.65901189487549
v 22.56654234535012 4.2345176820788195 39.83898558064187
v 22.58741191213734 3.8463520688343 40.047039996735705
v 23.106654173602127 8.790194131178636 42.87018378734142
v 23.276484892650117 8.822131564321168 42.50626513826025
v 23.44641498582254 8.835490332367836 42.16135161254696
v 23.61632967475062 8.829419308729896 41.836126686400306
v 23.786083873034908 8.802669081663346 41.531434379980084
v 23.955479901785825 8.753299108802928 41.2483972998963
v 24.124257680400284 8.679368286240774 40.98820620147142
v 24.291240338457577 8.580033361373772 40.75269888661243
v 24.454512341810553 8.455335627784086 40.544234487014315
v 24.612374546007143 8.304727345383869 40.36511959725445
v 24.76451848349506 8.124062808389494 40.217266203387155
v 24.911138598044847 7.907898879003306 40.102442174938396
v 25.05175508910329 7.653819132807895 40.02211697630025
v 25.18422717822614 7.366860019410165 39.97702623318817
v 25.306163165954633 7.053183881013928 39.96779471159685
v 25.415171352830015 6.718953059822997 39.99504717752098
v 25.509003879199845 6.370140493271542 40.05929143510738
v 25.587720293135682 6.00968078024455 40.15915904382466
v 25.653239236642207 5.638060509808565 40.29176986017611
v 25.70753221492924 5.255696662043263 40.454200755497645
v 25.75257073320655 4.8630062170283255 40.64352860112518
v 26.514582866754928 10.046474409389653 43.21760477909505
v 26.64838512588706 10.038465448790733 42.87076554485935
v 26.78234738245889 10.015740035800672 42.54193634307113
v 26.91660193412413 9.977850029882296 42.231725484096636
v 27.05132128149637 9.923801394021826 41.94086262781682
v 27.186747688011792 9.851652815701923 41.67028800777912
v 27.323061193737146 9.759464773843238 41.42100661955031
v 27.459331955388365 9.6468435651051 41.19472510142063
v 27.59373588919566 9.514640961902952 40.99371540994495
v 27.724852177077928 9.362677233955365 40.82011461435767
v 27.85377133268236 9.184522532387513 40.67517543165887
v 27.982491662536937 8.971489956868131 40.559829736595354
v 28.111661765097747 8.719025143778993 40.475080253537726
v 28.238605622284254 8.432751229246513 40.42210517226305
v 28.3601449720314 8.11982884641909 40.402109189799305
v 28.473101552274127 7.787418628445113 40.41629700317448
v 28.574452336798615 7.442432563570913 40.46573880498678
v 28.663664516886403 7.087794000303559 40.54934713364832
v 28.74221166881532 6.723212613266868 40.664296091071584
v 28.811624420279294 6.348306696494013 40.807710346849525
v 28.873433398972278 5.962694544018171 40.97671457057508
v 29.908176073386816 11.397484477372634 43.26582816408353
v 30.011873018431896 11.344877168815172 42.941304535327006
v 30.11605326434399 11.28142089932115 42.634082879212734
v 30.22091996188143 11.206994285057636 42.344675204012766
v 30.32678401367412 11.120832285965983 42.07366108568503
v 30.43414330049294 11.02105294733162 41.82173734808412
v 30.543435663522924 10.905791893352836 41.58965838416188
v 30.653836369144248 10.775255501348644 41.378914307318084
v 30.763503418719203 10.631318568364511 41.19158800586908
v 30.871188095025282 10.474361663060796 41.02953192512673
v 30.97928663790638 10.295734086867158 40.89314980911603
v 31.09151280533862 10.083521778271393 40.78232092472725
v 31.209601940010995 9.831096602753346 40.697425202547606
v 31.330416174755193 9.544849769707135 40.6400764651064
v 31.45008145514364 9.233139297959273 40.61207493682282
v 31.564723726748763 8.90432320633629 40.615220842116024
v 31.670641492421694 8.566443629896023 40.651167392154385
v 31.766901334364803 8.22247545099073 40.719209483540986
v 31.8548000949441 7.871310832362873 40.81674190296103
v 31.93569803381637 7.511725844910228 40.94110540760794
v 32.01095541063841 7.142496559530563 41.08964075467523
v 33.26620252977952 12.772373304887632 43.01201364890228
v 33.34224271508166 12.676927311458785 42.71949916259303
v 33.41944438211815 12.574096086883303 42.443232316125446
v 33.49795931635294 12.464011394632685 42.18361756328683
v 33.578106453521286 12.346109605319626 41.94106716529092
v 33.660494779513094 12.218620398089262 41.716006931311746
v 33.74567713237747 12.079814209274783 41.50891056888836
v 33.83284113296891 11.930547822199772 41.320998450347325
v 33.92007443745961 11.773761857365251 41.15409254085989
v 34.006229806019824 11.610476149363432 41.009689858189304
v 34.09482528672355 11.43011124764163 40.88728363301679
v 34.19106532350747 11.217895092285564 40.78564235038309
v 34.29764484816162 10.965388309009393 40.70446619594534
v 34.41107733820248 10.679750036767171 40.645750671434776
v 34.526942449699646 10.370495854528203 40.61183802795297
v 34.64081983872271 10.047141341261806 40.60507051660157
v 34.748479929409534 9.718821827494734 40.62763653887064
v 34.848753353815766 9.388572884473858 40.679256516134366
v 34.94293637411294 9.05451546634013 40.75766240157685
v 35.03239536249142 8.714630780443064 40.86052960642919
v 35.11849669114153 8.366900034132172 40.98553354192246
v 36.5610282487291 13.836679726850875 42.14932132037614
v 36.61238161276205 13.730394358973188 41.92274377382528
v 36.66562965430167 13.61795927533249 41.70894283575382
v 36.720804579637296 13.499688397252351 41.50821403694499
v 36.77815180478443 13.375190711224324 41.32080358586999
v 36.838286721311576 13.242851954412329 41.14687210367724
v 36.9017738751753 13.10112314654981 40.986617289756516
v 36.967769648796775 12.951461596257488 40.84096870426942
v 37.03429585775911 12.797746799346218 40.71144557252725
v 37.10027171820586 12.641603501184859 40.599162976071995
v 37.1700625055109 12.471044401268992 40.50277025542474
v 37.25000222990557 12.269161165487414 40.42002537886815
v 37.34353275679356 12.026164073762063 40.3499909385977
v 37.44697190537277 11.749798520443301 40.294943139755134
v 37.55556127768556 11.450458898838999 40.25764366234917
v 37.664542475774304 11.138539602257044 40.24085418638855
v 37.769361933880774 10.824004158008519 40.247182017069235
v 37.86875190406798 10.509904352110688 40.276758054449566
v 37.96409204393257 10.193723134101282 40.32771794230115
v 38.05683728986119 9.872785104044747 40.39814058942359
v 38.14844257824045 9.54441486200552 40.48610490461639
v 39.63258611024801 14.452790774451584 40.598854508305116
v 39.67193016033207 14.355761085692212 40.440619240669655
v 39.713045853311264 14.253056042891458 40.291660432799986
v 39.75583160693891 14.145103355720103 40.15217320782722
v 39.80042658077152 14.031654623247382 40.022257476304596
v 39.84738768539108 13.911288212917164 39.90184792965236
v 39.897227401002354 13.782667603536654 39.79090569643601
v 39.94907644096803 13.647700542263916 39.690080598651505
v 40.000952219806294 13.510908705102672 39.60057734322694
v 40.051840990260956 13.374374070897963 39.52314686176395
v 40.10659001111184 13.225451195541705 39.455789391359346
v 40.17216538504074 13.04616975635715 39.39551108771357
v 40.25245775522204 12.826048944284777 39.34087820364403
v 40.34378208275584 12.573057204451723 39.294299649670556
v 40.44130888374876 12.297950078431318 39.258764839867084
v 40.54020867430742 12.011483107796911 39.237263188307594
v 40.63586168419015 11.723954970617365 39.23263615891069
v 40.727012266843076 11.43833556438246 39.245351871664816
v 40.81511527280973 11.151689938743429 39.27396622738023
v 40.90170262542777 10.860915239418889 39.316980753049485
v 40.988306248034874 10.562908612127456 39.37289697566512
v 42.33901906008555 14.62213304100815 38.45076904423826
v 42.37248533167679 14.544694990870804 38.35423697033538
v 42.40734413155211 14.46210648185372 38.26364712095139
v 42.443399884086205 14.37484326241748 38.179112610788266
v 42.48070157172312 14.282768332399133 38.100625300128804
v 42.51972255016856 14.184681409885796 38.02796664060524
v 42.560898975513716 14.079476412840034 37.960935387345124
v 42.60339062372004 13.969261234145137 37.89994484326893
v 42.64532888268798 13.858733287909498 37.845903456590214
v 42.68580322443513 13.750170787008578 37.79926009020473
v 42.72968698428954 13.631248654396158 37.757688828072894
v 42.783944529360966 13.484361425887569 37.717861156573264
v 42.852531624396086 13.299194823089898 37.67808734584402
v 42.93199297584198 13.08339560683159 37.640713991509536
v 43.017753714576905 12.847323880609455 37.60869744980052
v 43.1052389714792 12.601339747920301 37.584994076947666
v 43.19007425383174 12.355355944222266 37.57242629224163
v 43.271099409061186 12.112108746006092 37.57166796417981
v 43.34974410008194 11.868552308471722 37.58166185942472
v 43.427511631029496 11.621476372607221 37.6013015208801
v 43.50590530603933 11.367670679400648 37.62948049144969
v 44.61645508886231 14.406834363687704 35.84414771962296
v 44.65396676319778 14.350395650127817 35.785698494838485
v 44.691327185725 14.289816143480644 35.73147179866104
v 44.72832771579012 14.225555876953766 35.68152466475626
v 44.76498041943129 14.157557118866954 35.63579323606534
v 44.801680347468235 14.08486367782122 35.59400387798617
v 44.83879317081927 14.00660730727108 35.55589364501427
v 44.875599904746785 13.924769429865583 35.5217070237809
v 44.91050765015091 13.843627465903324 35.49209734240428
v 44.94277239772435 13.765308549666829 35.467307214093886
v 44.976768597946766 13.678960753403006 35.445105137275796
v 45.018721198530244 13.569038851135888 35.42236574930499
v 45.072202307219186 13.426403800232709 35.39745917704031
v 45.134249295857735 13.25769767728843 35.37243886588067
v 45.200912345207946 13.071946584879306 35.34991469369157
v 45.268241636031874 12.878176625581608 35.33249653833847
v 45.33246033380409 12.685019803868007 35.32268242899305
v 45.39256654003463 12.494786195452262 35.32117617286099
v 45.4497941408738 12.304692255497669 35.32723596043407
v 45.50544059685076 12.11180960242573 35.340078876194625
v 45.560803368494696 11.913209854657934 35.35892200462496
v 46.498630772475586 13.890370512303646 32.90718320612771
v 46.53850405406358 13.854006509343394 32.87041373774795
v 46.57669547534745 13.814892723544215 32.83698199073516
v 46.613046709811506 13.77340886744581 32.80691163327139
v 46.64757030463244 13.72954473827975 32.780129414500315
v 46.6805753182671 13.682613526566152 32.75639390326991
v 46.71234993460212 13.631996733067417 32.7354698307007
v 46.74237260924151 13.579255256965478 32.71749012412655
v 46.769469394261975 13.527705953417176 32.70288436904852
v 46.793114529273964 13.47901439039051 32.69177035402385
v 46.81668808013886 13.424880219935877 32.68238991181537
v 46.84498220068327 13.353399266458407 32.67230716505497
v 46.880764347072194 13.257551968651024 32.660235732565866
v 46.921814542233506 13.142351708656742 32.64772035442997
v 46.96515936631028 13.014629664264282 32.636733463248284
v 47.00782539944565 12.881217013262386 32.62924749162181
v 47.04696839685172 12.748644346499436 32.62715297918459
v 47.08181627693141 12.618620386346269 32.63102677870339
v 47.11326651391703 12.488968843288045 32.640387296594405
v 47.14226405574341 12.357402957770443 32.65472284242637
v 47.169753850345316 12.221635970239122 32.67352172576797
v 48.04312262056369 13.152106342891402 29.750819866720352
v 48.068851469722304 13.134956588083323 29.733321687029296
v 48.093073862604655 13.116565989545062 29.717684255748004
v 48.11571090233784 13.097167671483861 29.703914320215112
v 48.1367820429684 13.076767987221633 29.691963826379745
v 48.15647740353309 13.054979782311356 29.681689625212336
v 48.17497560818543 13.031455032824923 29.672951447875757
v 48.19199756245091 13.007103637892797 29.665807524650706
v 48.20689538487582 12.983849013720116 29.660476017893117
v 48.21939070618626 12.962656572512689 29.657003213202746
v 48.23143122980379 12.938710809638042 29.654401883009605
v 48.24576945234026 12.905105726225917 29.65131144639345
v 48.26400143028851 12.85775963473989 29.647009772822937
v 48.2848745698263 12.79954838631447 29.64234717566328
v 48.30670593652851 12.734398895238694 29.638411514619044
v 48.32781259597003 12.666238075801617 29.636290649394805
v 48.34658375634912 12.598819109315162 29.63702796470709
v 48.36256590249491 12.533108237762189 29.640953399296933
v 48.37623794480695 12.467826247350773 29.64782206368109
v 48.38810530714031 12.401630074912108 29.657372723176262
v 48.39867341334997 12.333176657277372 29.66934414309912
v 49.30748356998704 12.248042569644921 26.44494288013057
v 49.30649044088522 12.252032364331708 26.44494288013057
v 49.305514857717924 12.255951793700513 26.444942880130572
v 49.30455220388107 12.259819463652818 26.444942880130572
v 49.30360429310959 12.26362807755605 26.444942880130565
v 49.302684097485866 12.267325390995296 26.44494288013057
v 49.30180353699592 12.270863399852201 26.44494288013057
v 49.30093978409857 12.274334105527181 26.44494288013057
v 49.300042014936096 12.277942312809447 26.44494288013057
v 49.299085804701456 12.281786589521602 26.44494288013057
v 49.29820604054571 12.285324365711158 26.444942880130565
v 49.29759521276653 12.28778125180527 26.444942880130565
v 49.29736547850213 12.288705968894222 26.44494288013057
v 49.297431104929416 12.288443178298516 26.44494288013057
v 49.29767646433616 12.287457782632123 26.44494288013057
v 49.29798592901018 12.286214684509018 26.44494288013057
v 49.29824895387769 12.285158351656209 26.444942880130565
v 49.29843652706126 12.284405445352412 26.44494288013057
v 49.29858532852857 12.283808511014682 26.44494288013057
v 49.29873390619021 12.283212583944135 26.444942880130572
v 49.298920807956804 12.282462699441886 26.44494288013057
v -0.7749946620686712 1.1004995564583686 45.0
v -0.5162738148372207 1.2381281167904237 45.0
v -0.22462560302954726 1.3166816334858755 45.0
v 0.08151208382264673 1.3334851079981769 44.99999999999999
v 0.38370135618765855 1.2858635417807809 45.0
v 0.6635071785687275 1.171146350999998 45.0
v 0.9051868943453405 0.9908276098885679 45.0
v 1.1006919100858545 0.7583028165857357 45.0
v 1.2433391760316124 0.489079736015684 45.00000000000001
v 1.3264456424239575 0.19866613310259476 45.0
v 1.3433566855289476 -0.09743904362207814 45.00000000000001
v 1.2918066597861075 -0.3850980966510168 44.99999999999999
v 1.1786193903441957 -0.6529924473749178 45.0
v 1.0117465188865344 -0.890153311909362 45.0
v 0.7991396870964451 -1.0856119063699305 45.0
v 0.548752360658064 -1.2284026695809132 45.00000000000001
v 0.27025869240859735 -1.310600210872531 45.0
v -0.021749923857016802 -1.3329670936307765 45.0
v -0.311809381563409 -1.2978078208385526 45.00000000000001
v -0.5844555741352095 -1.207426895478764 45.0
v -0.8242243949970477 -1.0641288205343142 45.0
v 1.1574220024184807 1.6388315713650905 48.26554939266444
v 1.3869244331816417 1.5738897853618716 48.208812696909284
v 1.617681283609254 1.4871405392720132 48.15692238589572
v 1.8418070962030755 1.3768561977217058 48.11050843693506
v 2.051416413464865 1.2413091253371416 48.07020082733868
v 2.2386245868440278 1.0787740441442353 48.03662960246635
v 2.3963100956415238 0.8897495498586652 48.0104890017906
v 2.519532224379626 0.6810894450520474 47.99265671354149
v 2.603737307270593 0.4607754555141483 47.98404298446648
v 2.644371678526683 0.23678930703473458 47.98555806131297
v 2.6369014853848904 0.017105891929114637 47.998107737880645
v 2.579852006071955 -0.1913549859335674 48.02191027283445
v 2.478083907241724 -0.3838585860743272 48.0557600557242
v 2.3372439470653106 -0.5559412894798115 48.098274803201804
v 2.162978883713827 -0.7031394771366659 48.148072231919116
v 1.9609356230508739 -0.8209911215032076 48.203770332530645
v 1.7369003979420672 -0.9065355237862341 48.26424557847408
v 1.497057598721452 -0.9611023613947872 48.329113114436076
v 1.2476622807798239 -0.9867827684525067 48.39811918460494
v 0.9949694995079772 -0.9856678790830325 48.47101003316907
v 0.7452343102967076 -0.9598488274100049 48.54753190431683
v 3.0819166663845197 2.2806211583570843 51.48639386047569
v 3.3093767985259674 2.058571052287408 51.356838203088245
v 3.5179582202656796 1.8385279888833683 51.238960033517266
v 3.7057818336344353 1.6185797999882623 51.13414400633636
v 3.8709685406630205 1.3968143174453873 51.0437747761192
v 4.011638997492259 1.17132116662211 50.96923692486097
v 4.125681897814252 0.941881909535716 50.91184656703859
v 4.210323051744944 0.713113188292296 50.872724156177846
v 4.262670620707875 0.49048977585306147 50.85295541986487
v 4.2798327661265905 0.2794864451792262 50.85362608568573
v 4.258931542777314 0.08556449361009566 50.87581569653417
v 4.199234139068332 -0.08789541751742048 50.91964887879228
v 4.104450264775212 -0.24182157515753747 50.98327264917617
v 3.9788408552853864 -0.37767691820238597 51.064588643680445
v 3.826666845986273 -0.49692438554409607 51.161498498299615
v 3.6521882811479798 -0.6010268342091204 51.271904237289924
v 3.458824561708407 -0.6913698925190247 51.39407415490844
v 3.24759276589583 -0.7691184908317131 51.5273232422779
v 3.0190836072861886 -0.8353983899921141 51.67115225846281
v 2.7738877994554207 -0.8913353508451549 51.825061962527684
v 2.512596055979467 -0.9380551342357637 51.988553113537044
v 4.909222534378276 3.0138533818697875 54.516069847967586
v 5.197080419974535 2.6904987768368667 54.33973565611802
v 5.455608164759907 2.3776097544372123 54.17948305146719
v 5.683757074563812 2.0717259882249928 54.03761578560813
v 5.880478455215679 1.7693871517543756 53.916437610133926
v 6.044723464855788 1.4671358898463007 53.81825180851023
v 6.175303937781385 1.164317817871694 53.74492005212248
v 6.270633559848738 0.8682886543553979 53.69704200897303
v 6.329055353459562 0.5878257523232036 53.67499336648428
v 6.348912341015568 0.3317064648009024 53.67914981207862
v 6.3285583825378895 0.1086775491234951 53.709882380391825
v 6.26802066646841 -0.07723821198647897 53.766843715799034
v 6.1707918051054165 -0.23180127627249503 53.84819869331945
v 6.0407943986364225 -0.3619860005830645 53.95192758636759
v 5.881951047248939 -0.4747667417666986 54.07601066835781
v 5.698183126365691 -0.5771159772100716 54.21842851955439
v 5.492256618809215 -0.6742331775032695 54.3774511896868
v 5.263635719621663 -0.7662510574214413 54.552175950973876
v 5.011198621975647 -0.8524030830364417 54.741846891225826
v 4.733823519043775 -0.9319227204201253 54.945708098252794
v 4.430388603998657 -1.004043435644346 55.163003659864934
v 6.9458801557917385 3.7313772101234544 57.407336087698425
v 7.286949501415756 3.348513184992389 57.167076228833984
v 7.598989150987804 2.974117903597197 56.94856458369646
v 7.878943665519008 2.6026796861685777 56.755040937818414
v 8.1237576060205 2.228686852937233 56.5897450767324
v 8.330376032605836 1.8466326932461297 56.45591583909016
v 8.496214838039332 1.4556981520467351 56.35589881522791
v 8.620035422657924 1.0684601783884735 56.289486942494264
v 8.700837987716564 0.6998732464580371 56.2560201129415
v 8.73762273447019 0.3648918304421176 56.254838218621934
v 8.729399876506761 0.07841909064869225 56.285279280206815
v 8.676725531614569 -0.15256467541110746 56.34639237712609
v 8.583357348870779 -0.33748723298676037 56.436628198286044
v 8.453450221596903 -0.4878122507453983 56.554363184625295
v 8.291159043114448 -0.615003397354153 56.697973777082424
v 8.100637602253817 -0.7305208452244772 56.86583657976367
v 7.884997756477027 -0.8425265433302975 57.056482122372714
v 7.644373815822321 -0.9497570437360564 57.26888081077027
v 7.378371634693277 -1.0492760774233456 57.50208112011389
v 7.086597067493482 -1.1381473753737572 57.75513152556119
v 6.768655968626513 -1.2134346685688828 58.0270805022697
v 9.605624897458098 3.993507021775385 59.82594909965978
v 9.924582169398164 3.619731665947875 59.561697641784654
v 10.22444144999667 3.2451539832094483 59.31935565262973
v 10.500117666398175 2.862743070369687 59.102938430423904
v 10.746525745747247 2.4654680242381746 58.91646127339611
v 10.958581582360399 2.0463046198444763 58.76393817755344
v 11.132113460692565 1.604528589570231 58.648154676532286
v 11.265557020144117 1.1574191757717138 58.56838570329231
v 11.357810653924629 0.7254508868868429 58.523283128774445
v 11.407772755243675 0.3290982313535361 58.51149882391961
v 11.414352372421241 -0.011231634374290719 58.53168439570172
v 11.378103702808293 -0.28553070007198733 58.58245069458299
v 11.302988008757847 -0.5053273431012816 58.66232416524749
v 11.193389299377525 -0.6848221639699673 58.76982077935659
v 11.053691583774961 -0.8382157631858381 58.903456508571686
v 10.888278038440077 -0.9797041760612568 59.06174744227898
v 10.700746382647123 -1.1191768207872528 59.24332072659118
v 10.492449719393363 -1.2542160125114732 59.44712087657663
v 10.264342776788814 -1.3802197995928558 59.67214873400104
v 10.017380282943476 -1.492586230390338 59.91740514063008
v 9.752516965967374 -1.586713353262858 60.18189093822949
v 12.626505389102645 3.947841833478938 61.91921028230358
v 12.859514172255917 3.60143640379821 61.63111226835854
v 13.08657668886776 3.245261249875979 61.36418317589075
v 13.302596699098665 2.872019715655732 61.122933323851484
v 13.50247796310913 2.474415145080953 60.91187303119206
v 13.68112498703722 2.0451581882447942 60.73551122014546
v 13.834146001503427 1.5838518155635855 60.5970392065205
v 13.959160284192627 1.1097953145479107 60.49588295676324
v 14.054144033772475 0.645783678492016 60.430800162459946
v 14.117073448910606 0.2146119006901476 60.40054851519684
v 14.145936787421379 -0.16099799077156002 60.403884276655965
v 14.140584239350382 -0.46958979583033594 60.439342931310655
v 14.104722012661217 -0.7230385796488012 60.505002739220565
v 14.042534767903419 -0.9361143379675231 60.5988852282912
v 13.958207165626503 -1.1235870665270682 60.71901192642803
v 13.855923229748882 -1.3002219062583205 60.86340463537003
v 13.739266412639632 -1.4762041708285176 61.03034348009584
v 13.610103901735533 -1.6486313129535726 61.21884680090229
v 13.469998281474654 -1.8122779495113923 61.428063956669256
v 13.320512136295068 -1.9619186973798812 61.657144306276656
v 13.163208050634848 -2.0923281734369445 61.90523720860437
v 15.80023120841318 3.710079486260876 63.759897773948126
v 15.944500191050446 3.3949887513627273 63.46611250696243
v 16.09245545709332 3.062902205927603 63.190175315093235
v 16.24073904207852 2.707293683553924 62.93686291799884
v 16.385992981542792 2.3216370178401142 62.71095203533762
v 16.52485928397671 1.8994130486364207 62.51721808702138
v 16.6539544436355 1.4407120248574359 62.35921036565886
v 16.769822042250592 0.9645120315357718 62.23697423615023
v 16.868992721026014 0.49314337014341736 62.14993318569636
v 16.94799712116577 0.048936342152362755 62.09751070149811
v 17.003379567646107 -0.3458487326219367 62.079125765716434
v 17.033797159848366 -0.6797567020283969 62.09350178233298
v 17.042282503322284 -0.9637096623578106 62.13792162925821
v 17.032411114020405 -1.2114062666002705 62.20948944471872
v 17.007758507895232 -1.4365451677458674 62.30530936694099
v 16.97189968057959 -1.6528204798778914 62.42248609798078
v 16.92791877954922 -1.8696444995670578 62.5586562331585
v 16.877497246007778 -2.0841932906623066 62.71297636946432
v 16.822067568605778 -2.291471228300873 62.8848728740491
v 16.76306223599374 -2.486482687619993 63.0737721140637
v 16.70191373682216 -2.6642320437568996 63.27910045665902
v 19.075656585886236 3.3528673836847283 65.42423752540351
v 19.133484347072258 3.0696102483346737 65.12682582345874
v 19.201847773138375 2.7637323408754124 64.84355577129742
v 19.280177763673574 2.430122385298502 64.57932571128717
v 19.36790521826685 2.063669105595503 64.33903398579577
v 19.464459942593667 1.659267333592293 64.12757781803265
v 19.568239789435236 1.2175737801520505 63.9487986634597
v 19.674693579827377 0.7557109893053028 63.80352088962677
v 19.77874674013886 0.2937238640170177 63.69203339079633
v 19.875324696738428 -0.148342692747838 63.614625061230804
v 19.959367895220304 -0.5505054163417377 63.57157662828882
v 20.0281357495669 -0.9022979982377883 63.56190784938907
v 20.083690202824894 -1.2129635225013204 63.58202704282232
v 20.128689093210163 -1.49419060380806 63.62801850094628
v 20.16579025893858 -1.7576678568337314 63.6959665161186
v 20.197651092371586 -2.015080029559604 63.78195626893565
v 20.226508385168742 -2.2744641898605016 63.882910867693624
v 20.25339697022889 -2.533433359620046 63.99814798288338
v 20.279138356601003 -2.7877504992262874 64.1274102723106
v 20.30455405333401 -3.033178569067277 64.27044039378089
v 20.33046556947688 -3.2654805295310667 64.42698100509995
v 22.471294353295153 2.939900512463795 66.84919985181118
v 22.45965218320241 2.666978563834106 66.52099466697598
v 22.462027005401332 2.369447145657771 66.20682296349639
v 22.48099031852485 2.0438624312748437 65.91164377046934
v 22.51911362120593 1.6867805940253824 65.64041611699182
v 22.5789662154388 1.2947627474544634 65.39809806935581
v 22.66104518484384 0.8690303908109058 65.18873942335497
v 22.759925794515006 0.4241230977072286 65.01379439261275
v 22.86913230416418 -0.023055864089574836 64.87425652637752
v 22.982188973503245 -0.4556032268125094 64.77111937389765
v 23.092635617989195 -0.8566668948735776 64.70536539139684
v 23.19641386009495 -1.2172957570452794 64.67626427209049
v 23.294439408210128 -1.5449014551329334 64.67953861723356
v 23.388245152573592 -1.8489259123533675 64.71047090685822
v 23.47936398342419 -2.1388110519234047 64.76434362099654
v 23.569328415594462 -2.4239957096795535 64.83644038726895
v 23.65931682107028 -2.7110062141747417 64.92312742073979
v 23.74949553097493 -2.9980457655658204 65.02386466755055
v 23.83985125924344 -3.2818403737342674 65.13866114977247
v 23.930370719810792 -3.5591160485615587 65.26752588947673
v 24.02104062661199 -3.826598799929171 65.4104679087345
v 26.006058215740527 2.5161969416877352 67.91895947814241
v 25.927348135318155 2.2351023500784293 67.55276651408423
v 25.865516343598028 1.9304827186584619 67.20295507578946
v 25.825927819564452 1.6004223872889107 66.87456778512177
v 25.813947542201777 1.2430056958308546 66.57264726394496
v 25.834937413258288 0.8563208168171623 66.30223519558449
v 25.891356396928842 0.4420715073061021 66.0674878850699
v 25.977367676614975 0.012293850184426575 65.87003147475009
v 26.085662099100205 -0.41914228867597514 65.7110430532614
v 26.20893051116799 -0.838367043403213 65.5916997092401
v 26.339878543171427 -1.231552368354769 65.51316657039038
v 26.473494408587612 -1.5913272612404359 65.47476199651547
v 26.609493496930355 -1.9236931048900594 65.47197973447271
v 26.748177743120355 -2.236310520336389 65.49983897524513
v 26.889849082078346 -2.5368401286121736 65.55335890981573
v 27.034809177578754 -2.8329401005781096 65.62755997157234
v 27.1831039051415 -3.1299572158125826 65.71863462729777
v 27.33404816924458 -3.4266329463211207 65.82612468627681
v 27.486827141498278 -3.7205364529723592 65.95016639968395
v 27.640625993512863 -4.009236896634937 66.09089601869371
v 27.79462989689864 -4.2903034381774905 66.2484497944806
v 29.659008660576763 2.094937032479281 68.64501210830859
v 29.52131132328892 1.801217932689266 68.25218869291396
v 29.403055665452275 1.4864271287330215 67.87876106533031
v 29.311354498724953 1.1496461903822863 67.52996212844255
v 29.25332063476511 0.7899566874087997 67.21102478513575
v 29.23606340737815 0.4064433039666925 66.92718078415913
v 29.263411287515034 0.0011287041361916271 66.68257311023069
v 29.329816960891204 -0.41556852594320315 66.47823336603821
v 29.428069097227823 -0.831739690424613 66.31464094564552
v 29.55095636624601 -1.2354760934611582 66.19227524311646
v 29.691279631019942 -1.6149058569737855 66.11160620346378
v 29.843722408309933 -1.9638417661806349 66.07164483822206
v 30.006867146440744 -2.287869410467354 66.06838074195994
v 30.17978007102476 -2.5940351422962373 66.09742861348812
v 30.361527407674338 -2.889385314129576 66.15440315161713
v 30.55117528673077 -3.1809640742898373 66.2349201284394
v 30.74769996372389 -3.473736276473136 66.33560780584686
v 30.949820857196503 -3.7667247339055283 66.45598785741433
v 31.156211802218316 -4.057897665436948 66.59609547992544
v 31.365546633859005 -4.345223289917327 66.75596587016375
v 31.576499187188272 -4.626669826196598 66.93563422491286
v 33.49044405729347 1.676243066496298 69.04015086619285
v 33.360937887966315 1.3658879958761265 68.64847588548619
v 33.2449391327685 1.0382592084266111 68.27796326307998
v 33.14982390116643 0.6926632452651934 67.93417883448743
v 33.08296830262654 0.32840664750931464 67.62268843522172
v 33.05174519956353 -0.05520105726618421 67.34905624262916
v 33.06046431969293 -0.4560330407242599 67.1172821877789
v 33.10468181145528 -0.8639114196493461 66.92689602489921
v 33.1784002365189 -1.2672294082057207 66.77663414045529
v 33.275622156552075 -1.6543802205576592 66.66523292091216
v 33.39035774114492 -2.013795120449593 66.59142580045018
v 33.51779182299263 -2.33978022674462 66.553490380476
v 33.65554193449092 -2.6388083452684103 66.5487602434287
v 33.80152745607853 -2.9188619176842128 66.5744518383923
v 33.95366776819418 -3.1879233856552704 66.62778161445073
v 34.10988242076642 -3.4539727024435525 66.70596661519778
v 34.26825085341798 -3.7226423661524533 66.80678472031805
v 34.42730942564339 -3.992856506875811 66.9296165216399
v 34.58567559115536 -4.262348652386339 67.07412706062172
v 34.74196680366669 -4.528852330456751 67.23998137872191
v 34.89480051689013 -4.7901010688597605 67.42684451739889
v 37.341025783560355 1.2685926101990213 69.09100603078248
v 37.21557306276536 0.9433100321994139 68.72026977710489
v 37.10011644677902 0.6048611068596617 68.37233180770657
v 37.001098621535846 0.25218452367522454 68.05313566744164
v 36.92496227297036 -0.11578102785843641 67.76862490116426
v 36.87814755577927 -0.5000935665584831 67.52474072024178
v 36.86470675931491 -0.8987058691048498 67.32522302078189
v 36.88186832395034 -1.3006968016623675 67.16752095769834
v 36.92564959215496 -1.693570287214211 67.04796720406365
v 36.992067906398105 -2.0648302487435544 66.96289443295035
v 37.07714238895527 -2.402024229789289 66.90864144657446
v 37.17716696415416 -2.69943478762752 66.88249338689512
v 37.289004664918515 -2.965292534792595 66.88369524325199
v 37.409589138854095 -3.2095587508564094 66.91173518177158
v 37.535854033566615 -3.44219471539086 66.96610136858033
v 37.66473347959997 -3.6731585736353876 67.04628188047327
v 37.793617191353746 -3.909451670837388 67.15168052266225
v 37.92119681402395 -4.149625647718502 67.28146027582582
v 38.046395059710754 -4.390732489971493 67.43474137906254
v 38.16813464051429 -4.629824183289118 67.61064407147083
v 38.28533826853475 -4.863952713364136 67.80828859214925
v 41.17349873081067 0.864721943765024 68.81668793290288
v 41.053724106578876 0.5201981959857406 68.48959919338294
v 40.941671244089406 0.16755344469862876 68.18595380409
v 40.842066667579104 -0.1949818077416133 67.91199668406502
v 40.75963690128485 -0.5691770589802866 67.67397275234897
v 40.69910694091652 -0.956797996012991 67.47812389380368
v 40.663759832856954 -1.3560154960409478 67.32782967378598
v 40.652757937007785 -1.7547274787875442 67.21828995184227
v 40.66453227311729 -2.139008617696228 67.14325285190904
v 40.69751386093372 -2.4949335862104483 67.0964664979227
v 40.75012934315661 -2.808628037092582 67.07169506066698
v 40.820129546162086 -3.0740888298712443 67.0651803441092
v 40.903865696594316 -3.3016139084095757 67.07829527234581
v 40.99751535953118 -3.503523846164 67.11304943604131
v 41.09725610005051 -3.692139216590942 67.17145242586015
v 41.19926627812795 -3.879776673267472 67.25551298489768
v 41.30047412744658 -4.075055017228271 67.36644029442287
v 41.39995081028711 -4.276025624776184 67.50315861240911
v 41.49714781627046 -4.478864363834675 67.66418666824588
v 41.59151663501757 -4.679747102327196 67.84804319132263
v 41.68250875614933 -4.874849708177208 68.05324691102881
v 44.95708304826421 0.42861294531264876 68.2530602242944
v 44.843314465601146 0.05815033130830895 67.99026185067702
v 44.73600745254211 -0.3141412151279312 67.75015494262814
v 44.63780361663504 -0.6908272268520144 67.53908834635448
v 44.55134456542794 -1.074473236719883 67.36341090806272
v 44.47927146943335 -1.4676404536657333 67.2294678596321
v 44.423813217979834 -1.8688110771468989 67.14019482540247
v 44.386020516482226 -2.2648106423451755 67.0887837283024
v 44.36673496606949 -2.6403958576392976 67.06669717743915
v 44.36679816787052 -2.9803234314079967 67.06539778192001
v 44.38704177431688 -3.269407646524214 67.07637320329208
v 44.426761358967134 -3.5013522876800276 67.09497919976204
v 44.48207131211377 -3.6882710890389547 67.12458226686526
v 44.548691304576266 -3.844562081186006 67.16954286802617
v 44.62234100717413 -3.984623294706192 67.2342214666691
v 44.69874114591957 -4.122848137196545 67.3229769766879
v 44.77460787210849 -4.269268880028893 67.43870654873389
v 44.849501983122835 -4.421454891234059 67.58013002436786
v 44.92348914462671 -4.5747636205902396 67.74522585560666
v 44.996635022284146 -4.724552517875628 67.93197249446715
v 45.06900528175925 -4.866179032868421 68.13834839296615
v 48.64479052692636 -0.2753094852260982 67.51625425294596
v 48.53756501479563 -0.6509535850604556 67.32284013379696
v 48.43617402105113 -1.0232372106920542 67.15018291383116
v 48.341219464735076 -1.3953572908084555 67.00441680753298
v 48.25330326488986 -1.7705107540972203 66.8916760293869
v 48.17302788567862 -2.151889917165022 66.81809086586179
v 48.1015100358123 -2.5383362496906474 66.78608607553777
v 48.041335990592195 -2.91625772193585 66.78749705827727
v 47.995352844253645 -3.2698556045232943 66.81227981271566
v 47.96640769103198 -3.5833311680756443 66.85039033748838
v 47.95733360396784 -3.840946537921527 66.89181602876538
v 47.96879878365468 -4.036359805898889 66.93139206199913
v 47.99698803069644 -4.182687889794676 66.97399324967229
v 48.03752984788819 -4.2954621478347255 67.02574011691736
v 48.086052738024954 -4.390213938244871 67.09275318886685
v 48.13818641754889 -4.482469597646619 67.18115092611055
v 48.190705507520676 -4.583018288205383 67.29510418480255
v 48.24365644507338 -4.689111657020095 67.43321811423155
v 48.29766634982566 -4.795598710661119 67.59311006106381
v 48.353362341396185 -4.897328455698812 67.77239737196554
v 48.41137153940361 -4.989149898703534 67.96869739360298
v 52.15939329622808 -1.3901820039295034 66.59276293887245
v 52.063722824701514 -1.7393321718684414 66.46937983636636
v 51.973157545025614 -2.08182391782759 66.36332681994607
v 51.886718899094696 -2.4210684394982023 66.2800838016188
v 51.80342832880312 -2.760476934571535 66.22513069339189
v 51.72230849587097 -3.103456145034342 66.2039435779457
v 51.64353279534982 -3.4492094849827195 66.21838610888088
v 51.570563095189186 -3.784928437101622 66.25999863134791
v 51.507444902080486 -4.095672604399927 66.31848930791794
v 51.45822372271513 -4.366501589886508 66.38356630116212
v 51.42692938318925 -4.582533265148852 66.44497110739654
v 51.415170625701684 -4.737882170224636 66.4975919531014
v 51.41954218456655 -4.845294734198749 66.54697582204086
v 51.43601665875281 -4.919829220718272 66.59999223073014
v 51.460566647229335 -4.976543893430287 66.66351069568441
v 51.48916596904994 -5.030492122307456 66.74439847148622
v 51.51893942101479 -5.092110786671797 66.84738899870804
v 51.550300971291236 -5.158644131223858 66.97111787635501
v 51.58424835075302 -5.224994969576978 67.11313845745029
v 51.621779290273835 -5.286066115344501 67.2710040950171
v 51.6638915207274 -5.336760382139757 67.44226814207859
v 55.3569394672163 -3.036624601683662 65.4420063473283
v 55.30053546695425 -3.327226598873306 65.37920603902052
v 55.24577790836974 -3.609435066203411 65.3292476527795
v 55.19098095074128 -3.8862058560920985 65.29639601551348
v 55.13445875334743 -4.1604948209574895 65.28491595413075
v 55.07452686442996 -4.435254177847749 65.29906912319441
v 55.01081112286068 -4.710006685702649 65.3401245176293
v 54.94668181038779 -4.97447467469529 65.40079895103037
v 54.88617377313239 -5.216641093196674 65.47229139436249
v 54.83332185721561 -5.424488889577798 65.54580081859058
v 54.79214689580463 -5.586048276946244 65.61255530736399
v 54.764506121992525 -5.696647143664712 65.66827794274774
v 54.74777600393761 -5.7667266921420275 65.71800084294792
v 54.73877703894545 -5.808603376495119 65.76791118626338
v 54.734329724321555 -5.8345936508409055 65.82419615099293
v 54.73125558170153 -5.857009952152078 65.89304090440778
v 54.72734244342239 -5.8843751091768475 65.97873349320972
v 54.7231395866023 -5.9143823139442535 66.08014052595674
v 54.71968639005959 -5.942802712674815 66.19516641342211
v 54.71802223261248 -5.965407451589051 66.32171556637908
v 54.71918649307928 -5.977967676907481 66.45769239560092
v 58.07197781518887 -5.390076147352304 64.01119017179076
v 58.0198781461026 -5.555182064284586 64.00881247874204
v 57.97058402991702 -5.7151124624273315 64.01155630997225
v 57.92288918481481 -5.871506942024538 64.02181886641729
v 57.87558732897867 -6.02600510332021 64.0419973490131
v 57.82747308302545 -6.180244561722738 64.07448711217607
v 57.778192386694336 -6.333990520575863 64.11994157994877
v 57.729824010846535 -6.481657355051235 64.17403622825347
v 57.684878505633804 -6.616709774405833 64.23156304591416
v 57.64586642120788 -6.732612487896639 64.28731402175478
v 57.61528998188439 -6.822856114956149 64.33609855431817
v 57.59436590286818 -6.884931806075994 64.37541410269624
v 57.58164864019018 -6.924615717607094 64.4083250362414
v 57.5753623182249 -6.948712004878093 64.43858646347442
v 57.57373106134671 -6.964024823217622 64.46995349291598
v 57.57497958229775 -6.977356104175789 64.50618002026116
v 57.577887635566654 -6.9934099583329115 64.54987581147168
v 57.58282112917672 -7.010895512709297 64.60038103084146
v 57.59042748195641 -7.027457903600301 64.6564555531917
v 57.60135411273419 -7.040742267301294 64.71685925334364
v 57.61624844033848 -7.048393740107628 64.78035200611846
v 59.97159617509867 -8.417784686799703 62.365153416470946
v 59.971420441408405 -8.419037815987123 62.36515341647094
v 59.97121943359135 -8.420467755361372 62.365153416470946
v 59.97103294961209 -8.421793298748197 62.365153416470946
v 59.97090078743528 -8.422733239973335 62.36515341647094
v 59.9708627064129 -8.423006645979425 62.36515341647094
v 59.970922040320296 -8.422590230918154 62.365153416470946
v 59.97097802885784 -8.422196992353763 62.36515341647094
v 59.97091143709138 -8.42267060355863 62.365153416470925
v 59.970603030086814 -8.42485473780513 62.36515341647094
v 59.96993402573128 -8.429589863694407 62.36515341647094
v 59.968855557523376 -8.437221648596337 62.365153416470946
v 59.967463552550846 -8.447071038152655 62.365153416470925
v 59.9658719038104 -8.458331831095755 62.36515341647095
v 59.96419450429877 -8.470197826158019 62.36515341647095
v 59.96254521015444 -8.481863083041217 62.36515341647096
v 59.96100310697631 -8.492767849200671 62.365153416470946
v 59.95954791591984 -8.503055907596613 62.365153416470946
v 59.95814172292174 -8.512995904793058 62.365153416470946
v 59.956746613918746 -8.52285648735402 62.36515341647095
v 59.95532467484758 -8.532906301843507 62.365153416470946
v -0.7940829921712289 1.086806423216383 75.0
v -0.5506653224507317 1.2232022586352937 75.00000000000001
v -0.27592170123849213 1.3058737068427764 75.0
v 0.014684314250870314 1.3329799755142318 74.99999999999999
v 0.30568916680273617 1.302680272325062 75.00000000000001
v 0.5816292992024862 1.2131338049506672 75.0
v 0.8279318996612185 1.0639747635630736 75.00000000000001
v 1.0351266673260422 0.8632865698455326 75.0
v 1.1955569978474738 0.6221559397104633 75.00000000000001
v 1.3015684661788849 0.3516731977709009 75.0
v 1.3455066472736468 0.06292866863988009 75.00000000000001
v 1.3208073263529223 -0.23266703350349507 75.0
v 1.2300093809083894 -0.5210289246274923 75.0
v 1.080180170596203 -0.7867416116680456 75.00000000000001
v 0.8784199960088739 -1.0143800239433647 75.0
v 0.631829157738912 -1.18851909077166 75.0
v 0.34879987753620073 -1.2958610084561109 75.0
v 0.04512496731212317 -1.335293725526335 74.99999999999999
v -0.2607722082083562 -1.3100366376135097 75.0
v -0.550465123478577 -1.2233143449323916 75.0
v -0.805527252951877 -1.0783514476977358 75.0
v 0.9431288968597941 2.119416866935312 77.9657512854321
v 1.2179969608789087 2.0820089952146903 77.93304172215062
v 1.5041817657066692 2.0103581572764537 77.90407141184163
v 1.7901645178860504 1.901189731643718 77.88003212342359
v 2.064426423960028 1.7512290968396014 77.86211562581502
v 2.315448690471578 1.5572016313872186 77.85151368793437
v 2.532536358657046 1.3177315423164928 77.84909944604375
v 2.7097136918908027 1.0423202109227097 77.85392079367394
v 2.842682409371982 0.7443353292605864 77.86437683861064
v 2.9271462458983946 0.4371492350695309 77.87886590907104
v 2.958808936267851 0.1341342660889504 77.89578633327238
v 2.934001904315968 -0.15198381022446433 77.91374647497541
v 2.8542976832287197 -0.41387799132830555 77.93310846323696
v 2.7238760817760053 -0.646906978603405 77.95510686634974
v 2.5469358744862176 -0.8464490096899393 77.98098259887526
v 2.327675835887748 -1.0078823222280853 78.01197657537507
v 2.0712954277145594 -1.1270602784128656 78.04908044564647
v 1.7887264087885635 -1.2025579251845508 78.09185798105081
v 1.492938093032542 -1.2339177371220245 78.13936541104323
v 1.1969022426563174 -1.220683351246625 78.19065835522628
v 0.913590619869715 -1.1623984045796913 78.24479243320249
v 2.7847136589106407 3.051912513840894 80.89929508573782
v 3.0812513568233104 2.857368490868759 80.82799490201285
v 3.372758866623449 2.6459063355690335 80.76508367936013
v 3.6511693777683694 2.413357029736859 80.71256528809154
v 3.9084160797153875 2.1555515551673814 80.67244359851898
v 4.1364321619218165 1.8683208936557443 80.64672248095431
v 4.327841734316846 1.5496293175518907 80.63689938426529
v 4.479226748387853 1.2096613566118597 80.6415707927095
v 4.588575977378233 0.8629452526201592 80.65830203756195
v 4.6538798849413645 0.5240144666821768 80.68465721108413
v 4.673128934730622 0.20740245990329859 80.71820040553742
v 4.644634340005766 -0.07368156577698061 80.75680488710015
v 4.56938552514683 -0.317085773895652 80.8009254777993
v 4.449704234467607 -0.5261589953298121 80.85230123684966
v 4.2879219037998295 -0.704290073730413 80.9126805652219
v 4.086369968975235 -0.854867852748407 80.98381186388687
v 3.8480631345193363 -0.9805582821134643 81.06706501762264
v 3.579930114372252 -1.0798863145515967 81.16164163399121
v 3.290290864017437 -1.149904978106961 81.26597260259733
v 2.9874670106274444 -1.1876655321873093 81.37848788696579
v 2.6797801813748294 -1.1902192362003943 81.49761745062136
v 4.753930682281184 3.849792238444939 83.78261651354956
v 5.05894443447124 3.5235840025081964 83.66720357025987
v 5.347215267942497 3.194445279410399 83.56570103395185
v 5.613461449776949 2.857943434782843 83.48057919456083
v 5.8524012470566 2.509645834256823 83.41430834202203
v 6.058752926863438 2.145119843463631 83.36935876627061
v 6.227732704077945 1.762100568824809 83.34763918697419
v 6.35740921809379 1.3707407175368582 83.34784144684633
v 6.4468650076241465 0.9856068548729564 83.36751394401873
v 6.495183829664121 0.6212708497133033 83.40420370268211
v 6.501449441208819 0.29230457093809753 83.45545774702717
v 6.464938208222481 0.011599233238713256 83.51910874912562
v 6.386534752681932 -0.2219871591737733 83.59537449802596
v 6.26792374982638 -0.4165776522064132 83.68565929823403
v 6.110795694616231 -0.5803460730919369 83.79137608516747
v 5.916841082011879 -0.7214662490630748 83.913937794244
v 5.688088108179 -0.8467355737946987 84.05438352532109
v 5.428499443537334 -0.955066733301225 84.21161091338939
v 5.142725370789 -1.0425697803654153 84.38375640597924
v 4.835416998857821 -1.1053514001798124 84.5689555359928
v 4.511225436667615 -1.1395182779369595 84.76534383633215
v 6.907727559320909 4.45205742286914 86.60063060394666
v 7.211629496226721 4.032206801895531 86.44985934709786
v 7.491226603702526 3.618644699640679 86.31688050722504
v 7.743181431495991 3.2073968711086076 86.20431905204778
v 7.964156529354795 2.7944890713033415 86.11479994928563
v 8.150814447026606 2.3759470552289024 86.05094816665809
v 8.300068587953671 1.949788143581945 86.01490638643156
v 8.41026933598019 1.525438063359111 86.00605458591983
v 8.480277852166362 1.1163776796792722 86.02279073409309
v 8.508955911312471 0.7360927302373212 86.06351161995924
v 8.495165288218791 0.39806895272814996 86.1266140325261
v 8.438034210503144 0.11410840907753299 86.21062246686466
v 8.33891574685797 -0.1180452790114362 86.31512774452482
v 8.200269749563713 -0.3076420909018659 86.44025114860703
v 8.024564121829687 -0.4639828785802382 86.58611782087777
v 7.814266766865196 -0.5963684940330352 86.75285290310352
v 7.571807610851512 -0.7127045279492944 86.9403602141414
v 7.299399033861532 -0.8129040112773481 87.14727575543063
v 6.999176088820598 -0.8940390055219007 87.37178488047515
v 6.673273735739238 -0.9531781585333833 87.61207240128913
v 6.323826934627982 -0.9873901181622264 87.86632312988661
v 9.299041175334626 4.772622735815621 89.3051330676098
v 9.589734055314807 4.308813549205489 89.13331704731475
v 9.852755650820104 3.855036770110216 88.9809677479412
v 10.085863136835119 3.4085031978197318 88.85055480293826
v 10.286813688344452 2.9664236316239623 88.74454784575506
v 10.453364480332699 2.5260088708128356 88.66541650984067
v 10.583222628531129 2.086073939009003 88.61536195305993
v 10.673808491220267 1.6546234351786515 88.59504740833837
v 10.722440498239468 1.2429284090369002 88.6045894504719
v 10.726436956952826 0.8622638352032994 88.64410399740244
v 10.683116174724436 0.5239046882973992 88.713706967072
v 10.590339921753118 0.23779425400161325 88.81334902696463
v 10.450507801421056 0.002756415045988354 88.9416010280185
v 10.268276836460421 -0.18791647473676165 89.09634740885896
v 10.048320470449148 -0.34097229877990526 89.27546761503345
v 9.795312146965173 -0.46315894051671097 89.47684109208944
v 9.51348144359671 -0.5604495050630105 89.69842701576036
v 9.204515313517302 -0.6343788880040917 89.93864128502914
v 8.869196929571897 -0.6849044155269833 90.19606214196268
v 8.50830837864039 -0.7119815182416499 90.46926802369627
v 8.122631747602664 -0.7155656267580554 90.75683736736507
v 11.97487900283978 4.643820895138294 91.74910604479228
v 12.232181835396167 4.196082552431472 91.56965008908892
v 12.46237933908644 3.7579551747196125 91.41097320177317
v 12.66391881217054 3.3283277256567634 91.27499278415273
v 12.835247552908426 2.9060891688969726 91.16362623753527
v 12.974812859560034 2.490128468094282 91.0787909632284
v 13.080642040636612 2.0803674740984435 91.02247963009549
v 13.148356551951263 1.6826447879996134 90.99711606669482
v 13.172722684736168 1.3049021301868866 91.00527735805801
v 13.148505702674186 0.9550837481170786 91.0495407733667
v 13.070470869448165 0.6411338892470057 91.13248358180257
v 12.934347732669664 0.37028998399455326 91.25611991423871
v 12.743917466170672 0.14388764648230562 91.4177617811087
v 12.506966656960438 -0.039673464229134515 91.6123820461129
v 12.23131102809332 -0.18201504570712998 91.83493655760739
v 11.924766302623667 -0.2847587955190437 92.08038116394822
v 11.594273260028775 -0.34978043106998874 92.3441654534918
v 11.241760687536054 -0.38041078697664527 92.62456733532348
v 10.867375850895987 -0.38049792183262554 92.92087005011538
v 10.471263875217108 -0.35389051571793056 93.2323580465269
v 10.053569885607942 -0.30443724871256145 93.55831577321729
v 14.830059095748904 4.268676068951627 93.96326738101472
v 15.044849343612427 3.8657282241954647 93.78681673070601
v 15.235184835889996 3.470303442649765 93.6320949403145
v 15.400321048011765 3.0831878322403643 93.4999682882465
v 15.539513455407912 2.705167500893096 93.3913030529084
v 15.652017533508575 2.337028556533789 93.3069655127064
v 15.736211978609017 1.9798665560610351 93.24836549984425
v 15.78545298001744 1.6365496916539897 93.22002651864308
v 15.79131146808328 1.3105762418258722 93.22757883366467
v 15.745356228023137 1.005445242189527 93.27665403933274
v 15.639156045053591 0.7246557283578005 93.37288373007094
v 15.465738945167795 0.47180127351392875 93.52086885686549
v 15.230317396045397 0.25126482537900185 93.71660465253423
v 14.944165215204277 0.06782201895108517 93.95180529461389
v 14.618600311434413 -0.07374865429885234 94.21815381952942
v 14.264940593525775 -0.1686687028998417 94.50733326370573
v 13.893178655787644 -0.213579609182372 94.81200559933791
v 13.505715213372616 -0.21325697735014368 95.13044049564435
v 13.102252434609293 -0.1753676995599324 95.4629008876319
v 12.682489245304295 -0.10758214208454181 95.80965210537735
v 12.24612457126424 -0.017570671196776067 96.1709594789573
v 17.79844606899031 3.798206503052521 96.00499637412986
v 17.962533149955764 3.4423389320272664 95.84300865321327
v 18.105477343407312 3.092788859736821 95.7030477585033
v 18.227979397650653 2.7521846423977734 95.58432990407775
v 18.33074006099152 2.4231546362267173 95.4860713040147
v 18.414460081735644 2.10832719744024 95.40748817239202
v 18.478402458756324 1.809796912342398 95.34892727335298
v 18.51359424383108 1.5266007407399407 95.3172115694083
v 18.508135006829505 1.2566888037132689 95.32146599919022
v 18.45012080001523 0.9980099164182581 95.37081826734129
v 18.327647675651885 0.748512894010787 95.474396078504
v 18.130770301516456 0.5071223616881014 95.63979487629804
v 17.865897491248887 0.28091081218044134 95.8618159545492
v 17.54757369588073 0.0810040282106379 96.12889594797295
v 17.190402546430082 -0.0814427231894266 96.42942519369014
v 16.80898767391505 -0.19527417498787025 96.75179402882189
v 16.41614389865791 -0.2517876654132393 97.08588617529404
v 16.014439088401357 -0.2563299398554787 97.43014000159981
v 15.602798813537376 -0.2192416302366968 97.7860346404292
v 15.18014426794345 -0.15086936903706563 98.15505287819582
v 14.74539664549708 -0.06155978873675819 98.53867750131337
v 20.86509272862501 3.222852889504394 97.84755426364106
v 20.97271800209056 2.9157462347473295 97.71255595739142
v 21.06231634773678 2.6150950287432084 97.59941902583355
v 21.13678079145133 2.325071873896434 97.50523675533121
v 21.199004359121865 2.049849372611413 97.42710243224803
v 21.25188007663603 1.7936001272925468 97.36210934294763
v 21.29624121086247 1.559081858415683 97.30912963043632
v 21.321121986410905 1.3409473326671988 97.27722536989468
v 21.311362637528877 1.1309683966271573 97.2790806658506
v 21.25179835904573 0.9209134352173994 97.32738397499266
v 21.127264345790785 0.7025508333597663 97.43482375400953
v 20.924983529794044 0.4694704926332754 97.61207818434546
v 20.652116090694907 0.23047170558712546 97.85303995057384
v 20.325740318102994 0.0019199251140907686 98.14325151726108
v 19.96300664761798 -0.19976435837777506 98.4681946080773
v 19.581065514839576 -0.35816065448041867 98.81335094669261
v 19.19483984049949 -0.46000920226951064 99.16617855851071
v 18.80649253708715 -0.5101560388308461 99.52545643777523
v 18.413650949677624 -0.5198829390573817 99.89398763705275
v 18.01393697349543 -0.5004794109009147 100.27458004414099
v 17.60497250376504 -0.4632349623132437 100.67004154683758
v 24.0175294804595 2.5125158657653346 99.48004416678937
v 24.07137131402022 2.270255176698859 99.38668693750331
v 24.109198640299258 2.0332439643150293 99.31342481422013
v 24.136167577897012 1.8067170893189204 99.25531584885726
v 24.157434245413896 1.5959094124156092 99.2074180933323
v 24.1781547614503 1.4060557943101686 99.16478959956261
v 24.200901751816954 1.2402343332903267 99.12482041429459
v 24.213448664207185 1.0891684149468195 99.09825909140073
v 24.198308552374684 0.9391899204718347 99.10060248965083
v 24.13798814928489 0.7766254543102897 99.14735317328645
v 24.01499418790323 0.5878016209071018 99.25401370654923
v 23.814495819370904 0.36152484812199936 99.4337223591116
v 23.54389298739508 0.10730771750497765 99.6798758954946
v 23.221644707111146 -0.1550365745155408 99.97605034553668
v 22.86629043918894 -0.405619903116411 100.30575030141044
v 22.496369644298326 -0.6245541434744877 100.65248035528855
v 22.127879275952477 -0.7954566854123711 101.00207577741116
v 21.76225189002941 -0.9220257704750938 101.35372280226213
v 21.395743101603614 -1.015097414337159 101.71135328809136
v 21.024602305237043 -1.0855162092852608 102.0789047953991
v 20.64507889549161 -1.1441267476060926 102.46031488468564
v 27.178081980535826 1.5593444995105672 100.95534153326913
v 27.183124018084236 1.3589101328235944 100.90971895313639
v 27.17372422923623 1.1649930437357419 100.88203735883829
v 27.156607307986782 0.9832310817746847 100.8660170872533
v 27.138497948330894 0.8192620964680992 100.85537847525993
v 27.126120844263543 0.6787239373436604 100.84384185973666
v 27.123364228109033 0.5646829670127899 100.82774982801745
v 27.117868057122003 0.46547514394092926 100.8184661634368
v 27.091496810552258 0.3642004784831945 100.83269395991655
v 27.02610802794624 0.2439526895800978 100.88714272699148
v 26.903559248850392 0.08782549617215131 100.99852197419645
v 26.708405404399212 -0.11829260857870696 101.18105212298956
v 26.44772424104204 -0.3651771858085951 101.42817008260165
v 26.1397978481499 -0.631994948719087 101.72297366411524
v 25.802989817357457 -0.897828165811069 102.0484854702845
v 25.455663740299357 -1.1417591055854261 102.38772810386351
v 25.11355525851602 -1.3463354421467406 102.7261795652557
v 24.77734616796202 -1.5139559422687923 103.063383257836
v 24.442367348651832 -1.6540754785944976 103.40388215725041
v 24.103943251042207 -1.776157402247951 103.75222524653485
v 23.75739832558988 -1.8896650643532469 104.11296150872526
v 30.28756416338841 0.36427411400655696 102.27025873072145
v 30.253606492986496 0.17863961940775938 102.27968611074408
v 30.206593328305978 0.0022992360522511297 102.30392606654908
v 30.15340520320139 -0.1595249923402887 102.33662916928913
v 30.100922651527267 -0.30161102205018125 102.37144599011694
v 30.056026207138103 -0.41873680935774765 102.40202710018507
v 30.022937794959606 -0.5081652319411503 102.42451696997894
v 29.990649869473707 -0.5813936931258806 102.44934602447934
v 29.942741543057046 -0.6549792834616186 102.49202265636586
v 29.862785423518442 -0.7454851731209536 102.56806135990655
v 29.734354118666726 -0.8694745322764753 102.69297662936937
v 29.54343541494383 -1.0408875886048952 102.87999502376876
v 29.296183478247777 -1.251763393224938 103.12323918580343
v 29.00878456983219 -1.4832458987023662 103.4073282024861
v 28.69749792608951 -1.7163998048345834 103.71681203037667
v 28.378582783412202 -1.9322898114189928 104.03624062603501
v 28.06591174937475 -2.1150061106754476 104.35242158956497
v 27.75968596123904 -2.2659700061903765 104.66509511723156
v 27.455247008053618 -2.392763175624828 104.97859831939375
v 27.147930639727345 -2.502974698826931 105.29727382997436
v 26.833072606169065 -2.604193655644809 105.62546428289598
v 33.34416910363745 -1.043630596503751 103.43635717233074
v 33.26848624275824 -1.2315429355126848 103.50245163600471
v 33.18267737365633 -1.4071989199646835 103.57976081252852
v 33.09239532883638 -1.566488946470176 103.66307891109079
v 33.00329294080311 -1.7053034116395929 103.74720014088028
v 32.92102304206117 -1.819532712083363 103.82691871108564
v 32.849151362647135 -1.9070089454759447 103.89901025524563
v 32.77928795720374 -1.9766869732216124 103.97160071993252
v 32.69879321448772 -2.04147526269197 104.05685054048688
v 32.59502241693904 -2.1142870318355556 104.16692500001344
v 32.45533084699758 -2.2080354986009083 104.31398938161692
v 32.26893563591232 -2.333614213136506 104.50840984509244
v 32.04060007332297 -2.4850528022882443 104.74553014035932
v 31.78282113967529 -2.6479916583837384 105.01322087379748
v 31.508152071574866 -2.8080101490561677 105.29929829089127
v 31.229146105627326 -2.950687641938719 105.59157863712521
v 30.956498362363998 -3.0638797883288578 105.87965441433565
v 30.690260003542157 -3.148481613014091 106.16329316113048
v 30.426698777017055 -3.2100230090658157 106.4458791508678
v 30.162077884566486 -3.2540394387240634 106.73080100270457
v 29.892660527968253 -3.2860663642288657 107.02144733579767
v 36.332157874839616 -2.631009052465079 104.56096708390096
v 36.206551470888584 -2.8285862625316316 104.67290781032432
v 36.075859598779196 -3.0112098087873322 104.79293668540107
v 35.943750913634446 -3.1762316766821685 104.9176504836882
v 35.813894070577376 -3.3210038516661293 105.0436459797428
v 35.68995772473098 -3.4428783191892025 105.16751994812188
v 35.574293656932674 -3.5403685238788283 105.28714062238136
v 35.461710117343564 -3.6186411672679264 105.40765961161868
v 35.34433399485334 -3.6852278627802635 105.53681741360137
v 35.21428895647953 -3.7476630654722727 105.68235763685594
v 35.063698669239635 -3.8134812304003893 105.85202388990879
v 34.885869100624056 -3.889017525749628 106.05239084634412
v 34.6839782497983 -3.970593254149092 106.28027274824746
v 34.46611511957799 -4.049548156993538 106.52762835138756
v 34.240404436240304 -4.117185738968468 106.78638109191404
v 34.014970926062475 -4.164809504759387 107.04845440597639
v 33.796747911455974 -4.185115573393864 107.30692712199955
v 33.585843923956546 -4.178777460925483 107.56149657191138
v 33.37994161115706 -4.1493042632377986 107.81421264637225
v 33.17672070575492 -4.100208483392585 108.06712806283201
v 32.973860940447466 -4.035002624451612 108.32229553874049
v 39.14663593791267 -4.3229725137131645 105.94204955752767
v 39.001326166089335 -4.49517356954575 106.06128065148454
v 38.853992458265225 -4.65463072877116 106.18719437760373
v 38.70620661919161 -4.800152919999982 106.31828053075546
v 38.559540453619775 -4.930549071842812 106.45302890580994
v 38.41556576630095 -5.044628112910245 106.58992929763741
v 38.275307088878606 -5.141567700021841 106.72802639745497
v 38.13665397532808 -5.222657698114489 106.86954354280991
v 37.99638164628836 -5.289938760222331 107.01783392668867
v 37.85126398343695 -5.345452441512058 107.17625209969036
v 37.69807486845136 -5.391240297150354 107.3481526124139
v 37.53411238178244 -5.42896329460564 107.53634333919074
v 37.36105158504099 -5.457104551130881 107.7390674894854
v 37.18274494071731 -5.472566310403945 107.95229750555248
v 37.003060750079776 -5.472239316564025 108.17198931170633
v 36.82586731439671 -5.453014313750314 108.39409883226135
v 36.654494387463735 -5.412333726355921 108.61512414744162
v 36.4891867289918 -5.3508002021638585 108.83466900198403
v 36.32909253210831 -5.270139695929752 109.05344105454905
v 36.173358672327424 -5.172079512153297 109.27214929023899
v 36.02113202516321 -5.058346955334177 109.49150269415598
v 41.79527086126287 -6.038040709033387 107.5225146696407
v 41.65549215305111 -6.1701940930051205 107.62713451339364
v 41.51500567417532 -6.293454910955307 107.73769420217728
v 41.373808524762666 -6.407735532003615 107.85410646679337
v 41.23189780494035 -6.512948325269712 107.97628403804387
v 41.08927061483551 -6.6090056598732625 108.10413964673056
v 40.94594918883548 -6.695604812201358 108.23760598919397
v 40.80209973943117 -6.771210929922218 108.37673013157806
v 40.6579396563841 -6.833851198379787 108.52159979297504
v 40.51368639094944 -6.881552276670903 108.67230274132491
v 40.36955739438238 -6.912340823892399 108.82892674456764
v 40.22580326612271 -6.924464194069639 108.99148000081574
v 40.082951387982 -6.91801251079032 109.15930631205288
v 39.94166683169033 -6.893992613506176 109.33141896553978
v 39.80261567055731 -6.853418010013408 109.50682884431785
v 39.66646397789255 -6.797302208108209 109.68454683142848
v 39.533828346768914 -6.726586920008384 109.86366540891163
v 39.40504192962411 -6.641802586974494 110.04374448728964
v 39.28033712942268 -6.543333463280642 110.2245101253626
v 39.15994622807054 -6.431563627545461 110.40568858157123
v 39.04410150747358 -6.30687715838757 110.58700611435609
v 44.242916355867976 -7.6960985254113226 109.18657912352019
v 44.12900715087194 -7.795938383535221 109.27291831134156
v 44.01493379928554 -7.8897754901627435 109.36415461372913
v 43.89992565376088 -7.978115637604243 109.46090212708829
v 43.783212066950156 -8.061464618170074 109.56377494782457
v 43.664022391505455 -8.140328224170585 109.67338717234334
v 43.54189813820792 -8.214721574970312 109.79010401262255
v 43.418168972142624 -8.281849038399494 109.9128649809103
v 43.29480016099294 -8.337915895702634 110.04010282197319
v 43.17375773617013 -8.379126227640997 110.17024967165602
v 43.05700772908545 -8.401684114975849 110.30173766580342
v 42.94629064529827 -8.40230141007211 110.4331652732509
v 42.84146388332022 -8.381929782050214 110.56451981836773
v 42.74144805925692 -8.343630066233407 110.69647953442822
v 42.645156974902086 -8.290478440372505 110.82972768049358
v 42.55150443204949 -8.22555108221833 110.96494751562501
v 42.45961276274749 -8.151524745843604 111.10266109788442
v 42.36979883552361 -8.068788142490014 111.24246706789201
v 42.28280411900179 -7.976916694543162 111.38363583591132
v 42.19937059199729 -7.875484847156395 111.52543741781056
v 42.12024023332533 -7.764067045483052 111.66714182945793
v 46.58641577591532 -9.33871488078534 110.9434030007745
v 46.50776162323659 -9.40973723323288 111.00653241742185
v 46.429080312958966 -9.476874036725548 111.07320689782902
v 46.34947011687647 -9.540808070551842 111.14417069870952
v 46.26802930678316 -9.602222114000273 111.220168076777
v 46.18385615447305 -9.66179894635934 111.30194328874491
v 46.096415459409975 -9.719703944034363 111.389938445187
v 46.00727162369309 -9.773138613178208 111.4828648546564
v 45.918735356877995 -9.81825094703982 111.57881860907804
v 45.833118265269064 -9.851187672987304 111.67589506114449
v 45.75273195517061 -9.868095518388765 111.77218956354825
v 45.67959715105759 -9.86565972393493 111.86602799371009
v 45.613305757744406 -9.845062035816152 111.95766107596658
v 45.55224142397303 -9.809721060440419 112.04829708124056
v 45.49477900942872 -9.76307167551091 112.13915124580873
v 45.439293373796794 -9.708548758730807 112.23143880594795
v 45.384435080478575 -9.649109114195834 112.32614984362807
v 45.33043402315928 -9.58497096801987 112.4229846757751
v 45.2780814712565 -9.51537911394747 112.52118517005742
v 45.22816936872617 -9.439577176065571 112.61999264327967
v 45.181489659524146 -9.356808778461092 112.71864841224642
v 48.89776353703195 -10.997962873938278 112.79697422721571
v 48.85596003923514 -11.039091155034255 112.83071948405995
v 48.814145601953555 -11.078090577763197 112.86638176073242
v 48.77172333368446 -11.115514791398887 112.90444152859843
v 48.72809634292523 -11.151917445215119 112.94537925902338
v 48.68266773817311 -11.187852188485675 112.98967542337256
v 48.63509103122976 -11.223507374785703 113.03761114961372
v 48.586454134300766 -11.256978812229702 113.08832565486453
v 48.53835481974289 -11.285618509960875 113.14055226201874
v 48.492391472551105 -11.306777583387877 113.1930238062555
v 48.450162477720355 -11.317807147919373 113.2444731227539
v 48.41305725592005 -11.316439460973232 113.29379260833767
v 48.38072040703348 -11.303589258596048 113.34120697563831
v 48.35192854130092 -11.281754452889398 113.387603719581
v 48.32545195506087 -11.25344447224216 113.43387515627992
v 48.300060944651825 -11.221168745043217 113.48091360184942
v 48.27472526005732 -11.187073701564032 113.52945524169252
v 48.24955719364799 -11.151226387988954 113.57934188820845
v 48.225075156499216 -11.112954729764464 113.6300974473364
v 48.20179804767089 -11.071585764223771 113.6812454430252
v 48.18024476622282 -11.026446528700072 113.73230939922372
v 51.16641105684979 -12.662406585278454 114.71979152803519
v 51.164284173321015 -12.670970966262738 114.7197915280352
v 51.162197362260585 -12.679373787238045 114.7197915280352
v 51.160093737374886 -12.687843769690229 114.71979152803519
v 51.157916412370355 -12.69660963510516 114.71979152803522
v 51.15560850095334 -12.705900104968695 114.7197915280352
v 51.15313906228457 -12.715839536220594 114.7197915280352
v 51.15062578044099 -12.725954448054383 114.71979152803519
v 51.14823916848787 -12.735558857183213 114.71979152803519
v 51.14614980296885 -12.743966524981348 114.71979152803519
v 51.144528260427506 -12.750491212823054 114.71979152803519
v 51.14351929948952 -12.754550561669722 114.71979152803519
v 51.1430521030367 -12.7564295914597 114.71979152803517
v 51.142948612270615 -12.75684481399257 114.7197915280352
v 51.14302998829888 -12.756515879811863 114.7197915280352
v 51.14311739222914 -12.756162439461102 114.71979152803519
v 51.143059178708256 -12.7563946935249 114.71979152803519
v 51.14285947677967 -12.757195873763536 114.7197915280352
v 51.14257778577064 -12.758326354763916 114.7197915280352
v 51.14227367154027 -12.759546243332032 114.71979152803519
v 51.14200669994769 -12.76061564627389 114.71979152803519
v -1.1179036166706229 0.7496715973242825 93.0
v -0.849881958174066 1.0370683548000974 93.0
v -0.4992795145599969 1.2449365141559485 93.0
v -0.10722798441819448 1.344756622896142 93.0
v 0.28525968119945017 1.3084012405816268 93.00000000000001
v 0.6456339341544219 1.1356825038060596 93.0
v 0.9552972056278038 0.8724711387101735 93.0
v 1.196955120771449 0.5689400048327635 93.0
v 1.354455074322916 0.27320045689544425 93.0
v 1.4274039426627492 0.0049095557499929405 93.0
v 1.426896532999551 -0.23701749761389862 93.0
v 1.3642882552900801 -0.4541360295593621 93.0
v 1.2509345194910966 -0.6480013664495293 92.99999999999999
v 1.0981907355593585 -0.8201688346475322 93.0
v 0.9173804295473874 -0.9721628787169394 93.00000000000001
v 0.7175546902612636 -1.1033069282189119 93.0
v 0.5040184776990777 -1.2092960239790131 92.99999999999999
v 0.28172684218915367 -1.2854862947433432 93.00000000000001
v 0.055634834059816174 -1.3272338692580004 93.0
v -0.1693024963606106 -1.3298948762690852 93.0
v -0.3881300987438007 -1.288825444522697 93.0
v 1.1325944706604791 1.9865388617051163 96.41590093026667
v 1.45115460590756 1.996198635446098 96.18467305033286
v 1.7582789260442655 1.9699546541562114 95.9572379996872
v 2.037150151150427 1.9017937716907385 95.73876557059698
v 2.271008983457323 1.7857753365666462 95.53441240499114
v 2.447228642957968 1.6211255541621006 95.34839789073443
v 2.5599948342853884 1.4155882297867257 95.18339634576502
v 2.604129586762137 1.1777027608752337 95.04193776972991
v 2.5750602928155777 0.9158893212183 94.9263925497024
v 2.4765699788442816 0.6369224786514661 94.83692799127678
v 2.3185325406840485 0.3463772306302899 94.77210545587957
v 2.110960045033449 0.04980136245678283 94.73044987422809
v 1.8638645585910574 -0.24725734056704396 94.71048617704001
v 1.5872581480554455 -0.5392510931391796 94.71073929503267
v 1.2911014625633288 -0.8206704652243382 94.72973621811
v 0.9816905064885381 -1.0887396925282065 94.76615069899508
v 0.6592800914992358 -1.3451894779866298 94.81889842995277
v 0.3235607476136513 -1.5921714541246734 94.88691770177269
v -0.025776995149986458 -1.831837253467403 94.96914680524453
v -0.38904260677344826 -2.066338508539884 95.06452403115796
v -0.7665455572385022 -2.29782685186718 95.17198767030267
v 2.728750423625319 2.580587114764539 99.12650094279294
v 3.15082332878997 2.498621236884467 98.84779371830723
v 3.508053748268508 2.4014552397902906 98.5720642617342
v 3.798281186122734 2.2947025772890774 98.30707769075815
v 4.01935881463428 2.1838762516980372 98.06058253260078
v 4.170113970716521 2.067329862730667 97.83914487506541
v 4.250979908540373 1.9316146844768334 97.64738154624546
v 4.262539884053525 1.762179586898541 97.48972730232562
v 4.205701716690164 1.5454377636118501 97.37033715314475
v 4.085853072231152 1.2811126602435936 97.28950485889902
v 3.9116472165650857 0.9786302784987645 97.24470950796933
v 3.691811495445346 0.6476367217539248 97.2333663381423
v 3.435073254625318 0.29777809338563604 97.25289058720458
v 3.150159839858386 -0.0612995032295404 97.30069749294289
v 2.8457406940710803 -0.42002688537802346 97.37420702187868
v 2.526358396069853 -0.7743171782302557 97.47117616805451
v 2.189752360089235 -1.129121130121316 97.5899175177558
v 1.833026546221429 -1.4902336546296833 97.72879555273325
v 1.453284914558639 -1.863449665333836 97.88617475473762
v 1.0476314251930678 -2.2545640758122545 98.06041960551968
v 0.6131700382169228 -2.6693717996434128 98.24989458683018
v 4.123478618069084 2.8670563790299055 101.72329454313854
v 4.594901008970352 2.7969464371351727 101.43633027301556
v 4.990576974973765 2.7168016153091803 101.1525364892793
v 5.314038477258706 2.6338748501419857 100.87987269397073
v 5.568802475534612 2.5552806679576823 100.62628735058429
v 5.757316741158044 2.4782687855101084 100.3989421806844
v 5.880266480954407 2.383826711488026 100.20370195622215
v 5.938172268228832 2.2514229721464902 100.04631030670149
v 5.931833167173548 2.0617813970739323 99.93214847949481
v 5.865892162924038 1.812952367630936 99.86159587692298
v 5.74779428061337 1.5156165174133172 99.83138578836585
v 5.585048109417138 1.180740996230442 99.8381687914367
v 5.385162238510947 0.8192929538916782 99.87859546374881
v 5.1556452570703915 0.4422395402063922 99.94931638291553
v 4.903953311364548 0.060460741192468366 100.04699008549412
v 4.6338048242891015 -0.3213758157200069 100.16884235980402
v 4.342756555429903 -0.708843619993291 100.31303411269015
v 4.02778973008541 -1.1084727394705531 100.47781359636951
v 3.685885573554084 -1.5267932419949621 100.66142906305909
v 3.3140253111343876 -1.9703351954096884 100.86212876497585
v 2.9091901681247805 -2.445628667557896 101.07816095433677
v 5.508662514518036 3.0256364522981563 104.34146733862184
v 5.97720787575964 3.0264277351243196 104.03752520886952
v 6.38567690657657 3.011647781679656 103.7406122864173
v 6.737359241603405 2.984102236187407 103.45723977124769
v 7.035512961282971 2.9465047432430094 103.19391923055232
v 7.2811472081574875 2.895011927971268 102.95718840333359
v 7.4715637347983845 2.8149711227114875 102.75362817300844
v 7.603718002534338 2.6907200105722966 102.58982345292665
v 7.674941379468162 2.5076391163651635 102.47194298095084
v 7.68775375508256 2.26550297651135 102.4004111573512
v 7.648457210182414 1.9745786939681031 102.37146502684867
v 7.563439624265801 1.6453713946852717 102.3812466443544
v 7.4390888768308105 1.288386204612705 102.42589806477967
v 7.281792847375521 0.914128249700251 102.50156134303565
v 7.0978995569184855 0.5330233050759157 102.60439006666658
v 6.890916223394905 0.14984163512020074 102.7313597798024
v 6.659666980846245 -0.2399696450915286 102.8808010277942
v 6.4025385367270085 -0.6418342554876537 103.05117092078952
v 6.117917598491707 -1.0611759159965555 103.24092656893582
v 5.8041908735948535 -1.503418346546616 103.44852508238064
v 5.459745069490955 -1.9739852670662126 103.67242357127147
v 7.14331317430292 3.3867521158889544 106.76780521957907
v 7.573889409105274 3.4535849724499514 106.45120906436225
v 7.970719470758122 3.495942380417711 106.14832029454006
v 8.333958730109625 3.5100133855563533 105.86332070588679
v 8.663723025299566 3.491974973821694 105.6004065689999
v 8.957310609823919 3.4371446016285945 105.36480580753428
v 9.207374929046026 3.339422784889064 105.16344703247722
v 9.406135576915378 3.1925776892386373 105.00341770865498
v 9.546337319353274 2.9909948149850556 104.89135548091647
v 9.62797370360494 2.7375805361359338 104.82768927234669
v 9.656322302134416 2.4414525482306706 104.80832213596912
v 9.63678055507502 2.111869450117111 104.82905445582406
v 9.574745902560096 1.7580898406431016 104.8856866159519
v 9.47561578472297 1.3893723186564855 104.97401900039293
v 9.34476265030409 1.01491169000101 105.08986722485531
v 9.185777755515023 0.6393560902791282 105.23013250011138
v 8.99931604813663 0.25985843717340684 105.3935056480445
v 8.785758208094592 -0.1271284474822871 105.57884465036184
v 8.545484915314606 -0.5251517418540872 105.7850074887708
v 8.278876849722359 -0.937758624108127 106.01085214497868
v 7.986314691243541 -1.3684962724105374 106.2552366006928
v 9.023771641728418 3.994306902473112 109.00805559338174
v 9.410439446000467 4.09652046396595 108.69338306117746
v 9.785805524390895 4.167321124612495 108.39901291485639
v 10.147025391071411 4.1980062100981215 108.12667476236498
v 10.491212096361634 4.179923912530293 107.87812635471306
v 10.812452196761676 4.108047787813589 107.65713126204398
v 11.099843052391348 3.983327829609512 107.47075966147233
v 11.342016004141714 3.807272264750141 107.32639058595089
v 11.52823755393327 3.581656795243868 107.23093113548467
v 11.656541128912808 3.3119489976976757 107.18477447003296
v 11.731350837904097 3.0063076539863047 107.18356538952915
v 11.757235761809214 2.6729525957504707 107.22284097775722
v 11.738764981530247 2.3201036546308904 107.29813831850129
v 11.680507577969264 1.9559806622682794 107.40499449554541
v 11.58701997706602 1.5887527111788682 107.53896542891526
v 11.461956657259428 1.2229726028665144 107.69694953975286
v 11.30748523017987 0.8572316576277373 107.87805837174737
v 11.12563442566785 0.4895643596149998 108.08161018678123
v 10.918432973563876 0.11800519298076463 108.30692324673706
v 10.68790960370846 -0.25941135812250515 108.55331581349735
v 10.43609304594211 -0.6446508095423441 108.82010614894466
v 11.32644681266692 4.929288446804517 111.28944763032584
v 11.65650443832985 5.014142893125078 110.98117782032372
v 11.986168222437652 5.06587359637988 110.69736609864569
v 12.311491165019612 5.074722542382581 110.43767539358316
v 12.628483611291614 5.0310007271539865 110.20180768703696
v 12.930115802408652 4.929937658699018 109.99224839909398
v 13.20434634656667 4.7748710466748125 109.81607146729812
v 13.438665737029197 4.569895952743185 109.6807794227386
v 13.621218546675905 4.319259013871143 109.59338950009621
v 13.749177400834599 4.029299012647417 109.55422054241669
v 13.826295956137695 3.7078798087368146 109.55870857607044
v 13.85647715936123 3.36289985804981 109.60217886114069
v 13.843623957281277 3.0022576164968813 109.67995665771073
v 13.791639296673882 2.6338515399885014 109.78736722586376
v 13.704420646184262 2.2655344287342887 109.9197578242353
v 13.58547503580629 1.901905098915659 110.07404359753814
v 13.437665854666863 1.5421981511222187 110.24972436172784
v 13.263796372186677 1.1851471377942724 110.44654135570796
v 13.06666985778644 0.8294856113721248 110.66423581838222
v 12.849089580886869 0.4739471242960813 110.90254898865425
v 12.613858810908669 0.11726522900644884 111.16122210542773
v 13.769525564066186 6.055482000151871 113.35657063814679
v 14.05205093347701 6.087154332223314 113.08307054306034
v 14.335626846530976 6.088311155891929 112.83568943629629
v 14.616730018399068 6.051075835088154 112.61249504141352
v 14.891796811590226 5.967624804296085 112.41160136011024
v 15.154387564034852 5.833916955188876 112.23442074069605
v 15.393321466886686 5.652146586759789 112.08780287910324
v 15.596974861310064 5.425090420398127 111.9791053503597
v 15.754320656832455 5.155732895812929 111.91520289370351
v 15.862566005936548 4.849925522468578 111.89630581987312
v 15.92492044212453 4.5156097706400224 111.91776638048134
v 15.944729662409008 4.160774521188061 111.97482662247666
v 15.925339363802621 3.7934086549734944 112.06272859280777
v 15.870095243317973 3.421501052857122 112.1767143384233
v 15.782340597792974 3.0529946642715196 112.31205006086792
v 15.66524765823905 2.692558802914657 112.46572351383804
v 15.521706652447726 2.339466170916242 112.63756044187882
v 15.354581467510922 1.9924853962888085 112.82765167397099
v 15.166735990520555 1.6503851070448907 113.03608803909525
v 14.961034108568553 1.3119339311970242 113.26296036623232
v 14.740339708746841 0.9759004967577456 113.50835948436291
v 16.2361424930456 7.277510790753257 115.2357187509173
v 16.48450532966445 7.236056081821347 115.02077673730979
v 16.728837715560136 7.169479499032146 114.83172223160001
v 16.966989422897772 7.073532490772137 114.66554447188368
v 17.196774618020513 6.943983961133526 114.51928171861711
v 17.413469760614895 6.777846921440214 114.39346616565012
v 17.608167883068234 6.574185302551181 114.29438978064405
v 17.771571261939656 6.332254602837889 114.2288825267896
v 17.894865847635657 6.051663072738561 114.20331784116956
v 17.97591358650273 5.736887887026264 114.2177678765204
v 18.017442916140364 5.395955440380719 114.26771144168956
v 18.022292670094302 5.0369726412378 114.34852314590316
v 17.993301681910296 4.668046398033391 114.45557759838748
v 17.933308785134077 4.297283619203362 114.58424940836858
v 17.845150808714752 3.9327430370805616 114.7299379045955
v 17.731521709508893 3.579049765263066 114.88980423154592
v 17.594879918722253 3.235168572678032 115.06391389933792
v 17.4376618681294 2.8995355199683717 115.25260370230643
v 17.262303989504932 2.5705866677770093 115.45621043478678
v 17.071242714623448 2.246758076746863 115.67507089111412
v 16.866914475259538 1.9264858075208566 115.90952186562365
v 18.724875364603797 8.541230604452931 117.10809388042226
v 18.94384534367752 8.41799580759864 116.9556932957389
v 19.15032691133694 8.276363317146274 116.82787738123506
v 19.343915351162025 8.116269360628385 116.72111885315964
v 19.52417748401566 7.937626739484991 116.6319369197419
v 19.6886515291815 7.738678625087895 116.56016437672864
v 19.83153154195021 7.5149157918804566 116.51109649223109
v 19.946699213735403 7.261571924827886 116.49053876024936
v 20.02837267859645 6.974384233288515 116.50389833240469
v 20.075413881187654 6.65603991331624 116.55108416743577
v 20.090069888599654 6.314292378764724 116.6279972966037
v 20.074664559141862 5.957009970213866 116.73044783167049
v 20.031521751123705 5.592061028243577 116.8542458843983
v 19.962965322854604 5.227313893433761 116.99520156654917
v 19.871316257744596 4.870587906842546 117.14914809836642
v 19.758690638688055 4.526210103896273 117.31356569329259
v 19.62686676863594 4.192750429587187 117.48864964466102
v 19.477591399977406 3.8682410840205215 117.67484884966012
v 19.312611285101603 3.5507142673015015 117.87261220547833
v 19.133673176397696 3.2382021795353566 118.08238860930413
v 18.942523826254845 2.9287370208273193 118.304626958326
v 21.193108907999797 9.791046289485 119.05587049939842
v 21.379927195306035 9.586495653126722 118.9594154173772
v 21.546001987887593 9.370538477179073 118.88591676176922
v 21.69246964772834 9.146662451361456 118.83193793493996
v 21.820447565040727 8.918300098796287 118.7940802319605
v 21.92970096940673 8.68495209571504 118.77164564586997
v 22.017766044084297 8.439637441053229 118.76838828933181
v 22.08197076676686 8.174769708338319 118.78847812822423
v 22.11981903648304 7.883339354243406 118.83578486880617
v 22.131242938374108 7.56629936961449 118.91003382952218
v 22.117944592582038 7.230407063222902 119.00792926241279
v 22.08166627234443 6.88255141430571 119.12610688688032
v 22.024150250898927 6.529621402099986 119.26120242232719
v 21.947138801483124 6.178506005842801 119.4098515881557
v 21.85237060274909 5.836049193290327 119.56870884038945
v 21.741328139186585 5.505886863169871 119.73576403600386
v 21.615071557404285 5.186366389816766 119.91120844985025
v 21.474621555258228 4.875341169404236 120.09543898169058
v 21.320998830604474 4.570664598105513 120.28885253128688
v 21.155224081299085 4.270190072093828 120.49184599840116
v 20.978318005198133 3.971770987542413 120.70481628279545
v 23.571898115939312 10.972820905691588 121.07215114694033
v 23.726467385630134 10.697703559659534 121.03032136954386
v 23.854879809963904 10.417336399418044 121.00906357389792
v 23.95903158154821 10.136935402718922 121.00568427285039
v 24.04081171143665 9.861653187743093 121.01751240987699
v 24.101597365247553 9.592126594185894 121.04347560951675
v 24.14192192779385 9.321548169099707 121.08513693330318
v 24.16223996997727 9.042415120397786 121.14430560752695
v 24.163029217998368 8.747714345380523 121.22263660244884
v 24.145087003265505 8.437191767866155 121.31965574152001
v 24.109443634552903 8.115520328364282 121.4333367989665
v 24.05713470570679 7.787484736345261 121.56161834090774
v 23.989195810573417 7.45786970127947 121.70243893346318
v 23.906662542999015 7.131459932637264 121.8537371427523
v 23.810567749484004 6.813007317470668 122.0134625541937
v 23.701748467040822 6.504924415583524 122.18035012333243
v 23.580718939361656 6.205767389332659 122.35442949389957
v 23.447963259412475 5.9137321916890535 122.53585124084283
v 23.30396552015925 5.627014775623701 122.72476593911014
v 23.149209814567946 5.343811094107587 122.92132416364932
v 22.984180235604533 5.0623171001117 123.1256764894082
v 25.82774236504718 12.059087222981118 123.1427130294903
v 25.951632671511614 11.729614025679759 123.15903088347223
v 26.048473317359814 11.399662359597585 123.19236759672722
v 26.119787115389016 11.073641413054922 123.2413839608444
v 26.167103288790013 10.755920563880416 123.30474126604416
v 26.192407943852498 10.44803180702166 123.38113634111214
v 26.19844036187316 10.146829691760075 123.46932460040928
v 26.188010174964496 9.848731867432548 123.56806693052123
v 26.163822510951054 9.550355684002222 123.67616205260632
v 26.127140058281398 9.251074895519995 123.79293090636584
v 26.078174034032827 8.952272546710905 123.9180751045865
v 26.01711180274268 8.655377262890553 124.05130489559207
v 25.9441407289483 8.361817669374545 124.19233052770633
v 25.859448177187055 8.073022391478498 124.34086224925312
v 25.763222013786002 7.790409026731734 124.49661032084624
v 25.655685868750787 7.514609197643731 124.65928587904205
v 25.537122328763083 7.244958841367257 124.82860150439456
v 25.407819487392334 6.980672870696734 125.00426991233512
v 25.268065438208 6.720966198426574 125.18600381829516
v 25.11814827477955 6.465053737351195 125.37351593770623
v 24.958356090676443 6.212150400265017 125.56651898599962
v 28.001659587464584 13.079515231912268 125.33046507189454
v 28.08987696628859 12.70176367529195 125.39601521202061
v 28.154086268582574 12.32815470365445 125.47489391330527
v 28.194673724100568 11.960578380662731 125.56740850664939
v 28.21204542753556 11.600928500165397 125.67384262318899
v 28.208023292258826 11.251364714692803 125.79279075875739
v 28.186763218705977 10.914484946684956 125.92006285774296
v 28.15263911493721 10.592928055476225 126.05120877164168
v 28.10982332115971 10.289128887751644 126.18202088526598
v 28.059706000756645 10.002706368627972 126.31163919348556
v 28.001649239308282 9.731226747066362 126.44164394356211
v 27.93496911561986 9.472209707241378 126.5736707396783
v 27.858981708496657 9.22317493332759 126.70935518601694
v 27.773003096743903 8.98164210949957 126.85033288676065
v 27.676354480354775 8.745146323281777 126.99822727375977
v 27.568722057851925 8.512320493435455 127.15379422947436
v 27.45039373040498 8.28360732124888 127.31635947508391
v 27.321713601622186 8.05961855195912 127.48511514659582
v 27.183025775111798 7.840965930803242 127.65925338001743
v 27.03467435448209 7.628261203018319 127.83796631135623
v 26.877003443341305 7.422116113841414 128.02044607661946
v 30.113684111853182 13.95044164410005 127.64086691734606
v 30.168756116700624 13.557454370125226 127.73570342014737
v 30.20507582136866 13.171348291358251 127.8406186093103
v 30.221644289598743 12.790912148634932 127.95748409335626
v 30.217493539326885 12.414986199748968 128.08812628304887
v 30.193861763241344 12.046082431433666 128.23115024374547
v 30.155624048650125 11.69276570144327 128.37985063020994
v 30.107995189438462 11.36416624000281 128.52702607474865
v 30.055925057747245 11.068808199829771 128.66589523238505
v 30.000706895326186 10.806850238997294 128.79547419781989
v 29.940968430049033 10.572352958168151 128.91900513025934
v 29.875276922830576 10.35923862408376 129.03982605682833
v 29.802199634585676 10.161429503485552 129.16127500465237
v 29.720303826229117 9.972847863114941 129.28669000085645
v 29.628166464004178 9.787456194981273 129.4193860619546
v 29.525056234643397 9.602083936006721 129.56103818667196
v 29.41138213097846 9.41828670199731 129.7106177928567
v 29.28765965689578 9.238061560662397 129.8668437685747
v 29.154404316281788 9.063405579711345 130.02843500189192
v 29.012131613022902 8.89631582685352 130.19411038087426
v 28.86135705100555 8.738789369798287 130.36258879358763
v 32.211826245361806 14.629338852060826 130.031394143517
v 32.24179108953204 14.27355859743346 130.1320681593459
v 32.25866519415396 13.924101967474918 130.24017881981658
v 32.26033049425067 13.577204319080117 130.35870522711826
v 32.24470637511764 13.229188813465953 130.49056745489477
v 32.21238138682091 12.882636622478508 130.63447848017918
v 32.16834421635257 12.550445292568067 130.78221585160708
v 32.117994548440656 12.246475978062769 130.9249093094803
v 32.066440615503225 11.983698712274572 131.05421907939007
v 32.01476782662608 11.762783669180822 131.16912750627563
v 31.961129139357485 11.575434996056261 131.27395442031187
v 31.90361098882838 11.413153446611222 131.37314073207875
v 31.840299810169647 11.267439774556042 131.4711273521567
v 31.7692820385122 11.129794733601052 131.57235519112575
v 31.68865695767802 10.991776269702132 131.68123518097693
v 31.59743960647145 10.849018548214648 131.80004161253075
v 31.49615465223595 10.70387541088723 131.92752650858753
v 31.38546777017954 10.5593283553416 132.06211289214454
v 31.266044635510237 10.41835887919949 132.20222378619908
v 31.138550923436057 10.283948480082627 132.3462822137484
v 31.003652309165002 10.15907865561273 132.49271119778982
v 34.29243822078853 15.183585476256054 132.45197000780212
v 34.305557526535985 14.892761228882843 132.54142101090326
v 34.31012975601164 14.606835444968238 132.6363069005601
v 34.303645296392666 14.321051613815069 132.7399215937324
v 34.283631889920144 14.030751695453933 132.85549826979104
v 34.250279657877044 13.73829587916794 132.98194120412603
v 34.2081676721511 13.45761395460003 133.11101844342258
v 34.16228495750008 13.203716377661875 133.23383147014485
v 34.11734217164927 12.990657934737671 133.34201997698352
v 34.074207760904734 12.81930261035102 133.4346524008225
v 34.03094937773867 12.680898906564007 133.51621238834562
v 33.985571138849934 12.566477199024849 133.59130642981702
v 33.936077160937316 12.46706786338176 133.66454101550127
v 33.88047156069966 12.373701275282968 133.7405226356627
v 33.81677174555329 12.277468513105863 133.8238269679419
v 33.74394238211034 12.173787074656676 133.9168336053066
v 33.662509700439955 12.065206590645712 134.0183018796717
v 33.573145789491555 11.954942873432941 134.12665297004395
v 33.4765227382146 11.846211735378342 134.24030805543032
v 33.37331263555849 11.742228988841884 134.35768831483767
v 33.26418757047269 11.646210446183536 134.47721492727294
v 36.35740330694598 15.64429984478251 134.88588752358973
v 36.36075641668005 15.436426134677886 134.9515660591664
v 36.358920797558575 15.231930339181668 135.02110016522872
v 36.34974038935693 15.026664070386417 135.0972931444911
v 36.33108972457379 14.81656192052495 135.18289814386745
v 36.30302374759464 14.603472662225634 135.2770935940551
v 36.26919182715946 14.398994636158942 135.37316498088848
v 36.23357907162194 14.215636847926733 135.4638473557408
v 36.199945029423866 14.065112507809536 135.54231761197983
v 36.168935917441935 13.948150716933714 135.60785124718177
v 36.13892847831037 13.857473670549595 135.66416935839638
v 36.10824797183035 13.785621927918656 135.7150938907248
v 36.075219657803075 13.7251360483024 135.76444678926842
v 36.038168796029744 13.668556590962307 135.81604999912838
v 35.99543162987018 13.60847465925129 135.8737000386161
v 35.946127225501954 13.541083747090989 135.93938120180027
v 35.890665138031956 13.46851591463116 136.01209031832025
v 35.82957546154965 13.393457917776626 136.0905451716996
v 35.76338829014445 13.318596512432213 136.17346354546208
v 35.692633717905835 13.246618454502745 136.25956322313144
v 35.61784183892325 13.180210499893041 136.34756198823132
v 38.41589991087562 16.032715333784996 137.33821800548037
v 38.415951657196764 15.922213213367062 137.3735040996361
v 38.41339383215249 15.813454272222101 137.41087371955953
v 38.406965310635904 15.704050858797208 137.4519823833386
v 38.39542301272403 15.59166288712443 137.49845635971965
v 38.37880997914994 15.477340376976573 137.54983725137834
v 38.35928942960799 15.367721961320376 137.60223007428877
v 38.33922262052806 15.269968281280136 137.65141884774275
v 38.32083654481975 15.190782807975733 137.69344473380244
v 38.30450499881937 15.13055884068269 137.72789815422158
v 38.289250884555514 15.085089856213873 137.75695677637214
v 38.2740664591326 15.050064984795027 137.7828569590761
v 38.25794397965505 15.021173356651925 137.8078350611556
v 38.2398757032273 14.99410410201032 137.83412744143266
v 38.21886037055843 14.96457553986403 137.86395563850593
v 38.1943588233806 14.93038633806281 137.89848492047716
v 38.166593680217574 14.892764634199624 137.93713928609307
v 38.13585871386443 14.853258897785189 137.9791800896703
v 38.10244769711622 14.813417598330242 138.02386868552554
v 38.06665440276804 14.774789205345506 138.07046642797545
v 38.02877260361492 14.738922188341707 138.11823467133667
v 40.46676920316828 16.35785230491895 139.8066369036269
v 40.467169589628746 16.356861871848285 139.80663690362692
v 40.46757679595464 16.355854206688242 139.80663690362692
v 40.46796067770485 16.354904075463498 139.80663690362692
v 40.468291691826145 16.35408475382294 139.80663690362695
v 40.468583157524485 16.35336329499447 139.80663690362692
v 40.468919052742166 16.35253164379681 139.80663690362692
v 40.469389955347985 16.351365388930454 139.8066369036269
v 40.47008072298481 16.34965429093761 139.80663690362692
v 40.470997258839155 16.34738371977421 139.8066369036269
v 40.47208791196269 16.344681635581917 139.8066369036269
v 40.47329972579636 16.3416792331488 139.80663690362692
v 40.47457974378107 16.33850770726292 139.80663690362687
v 40.47587500935777 16.335298252712356 139.8066369036269
v 40.47713291763511 16.332181193129767 139.8066369036269
v 40.478325927867864 16.329224762950965 139.80663690362687
v 40.47946781773226 16.32639484213346 139.8066369036269
v 40.48057622427932 16.323647750146147 139.8066369036269
v 40.4816687845601 16.320939806457933 139.80663690362692
v 40.48276313562562 16.318227330537717 139.8066369036269
v 40.483876914526945 16.315466641854407 139.8066369036269
v -0.6557156327575022 1.1754799058075933 111.0
v -0.41125069401028885 1.2763242495141351 110.99999999999999
v -0.14419681571058318 1.3244842614849983 111.0
v 0.13242886385726993 1.3213461541485285 111.00000000000001
v 0.4056092064089255 1.268296139933072 111.0
v 0.6623270736600385 1.1667204312669752 111.0
v 0.8898202147270674 1.0181928836409573 111.0
v 1.0789313573539796 0.8269412664988056 111.00000000000001
v 1.2231752471520652 0.5991604359812511 111.0
v 1.3161296630414556 0.3410916521040913 111.00000000000001
v 1.351372383942284 0.05897617488312285 111.00000000000001
v 1.3224985258318782 -0.24089757213368038 111.0
v 1.2257212288036765 -0.545119122525449 111.00000000000003
v 1.0626452703135612 -0.8256106612345329 111.00000000000001
v 0.8374088799763728 -1.0554533467033105 111.0
v 0.563617149741224 -1.222757336065827 110.99999999999999
v 0.25791287598816837 -1.3205505947279321 110.99999999999999
v -0.06239193283802306 -1.3442719016972167 111.0
v -0.3794857345200372 -1.2912133859140742 111.0
v -0.6752262868148986 -1.163662992095153 111.0
v -0.9309409578505043 -0.9721445021170391 111.0
v 0.749115506799534 0.6715095885464881 112.11517995710226
v 0.9471161231736788 0.7411245509264066 112.13786080397752
v 1.1584079692117033 0.7719868837345498 112.1591734940649
v 1.374878599865805 0.7655938796991748 112.17795286680428
v 1.588415570088182 0.7234428315485373 112.19303376163555
v 1.7909064348310308 0.6470310320108951 112.20325101799857
v 1.9742061788955894 0.5379297662459324 112.20761965165136
v 2.1297091338780407 0.3987568251764787 112.2077029870312
v 2.2484681942339577 0.2329056720347767 112.20695316041787
v 2.3215281998647126 0.04378806828109969 112.20886686545035
v 2.3399339906716787 -0.16518422462427892 112.2169407957677
v 2.2947711216759794 -0.3905593361044179 112.23464781450178
v 2.1832734327081065 -0.6228286217294228 112.26186220160517
v 2.01533672568255 -0.8400099353928662 112.29104720693222
v 1.8021753326653513 -1.020956349000849 112.31516620436844
v 1.5537766694553348 -1.1565401140456517 112.33434335089437
v 1.2799045312381887 -1.2415490618809184 112.3508493478249
v 0.9926413446123824 -1.2724536200282244 112.36532273696496
v 0.7057866803409588 -1.2470208150509519 112.3771958682837
v 0.4330680636973048 -1.1667393493491274 112.38618043813638
v 0.1880258325751364 -1.0392365811942434 112.39250004661326
v 2.1526105096410912 0.20830953036027933 113.25065387903977
v 2.301762327791444 0.2538138781098379 113.29170663634545
v 2.456745728016918 0.2723415628891038 113.33055487286606
v 2.6136163150918246 0.26543119418355593 113.36510028478862
v 2.768429693790475 0.2346213814786728 113.39324456830018
v 2.917241468887181 0.18145073425993344 113.41288941958774
v 3.0558393741263066 0.10744062616322418 113.42226061243505
v 3.1762225317522343 0.013868657027799592 113.42416748499947
v 3.2675819370642754 -0.09816825896641643 113.42481672315316
v 3.3190423412190113 -0.22757747004174944 113.43049515671893
v 3.3197284953730186 -0.37326632442052504 113.44748961551954
v 3.2588243238046526 -0.5341091254601921 113.48204421850178
v 3.1344493306942818 -0.7039901570366404 113.53395342582346
v 2.963125221393143 -0.8665171072867922 113.58972907694842
v 2.761667865084302 -1.0058256444314557 113.63677587084817
v 2.536893077700253 -1.115142557828104 113.67531487853806
v 2.2927180318940428 -1.1906481240810265 113.70940638855042
v 2.036739580326946 -1.2296793805783792 113.74015171131562
v 1.7792762031526923 -1.2304652744806053 113.76646577101928
v 1.5302240600254282 -1.1938365429345281 113.78779408459891
v 1.298670171569205 -1.124915972089359 113.80455037675657
v 3.5624084644267144 -0.2044113704206606 114.41261026488884
v 3.6564401563412936 -0.17537101375383385 114.46116340318463
v 3.7512390670137026 -0.16393945728376802 114.50796886886599
v 3.8461871573305464 -0.16860608651660786 114.55027550667027
v 3.9406663881784283 -0.18786028695849802 114.58533216133486
v 4.034058720443953 -0.2201914441155832 114.61038767759713
v 4.125305737901003 -0.26417405403958444 114.62311533148069
v 4.207120587474834 -0.319586366662608 114.62719130739397
v 4.267599885380095 -0.38709885686691775 114.63074115827666
v 4.294731343168171 -0.4674030472573723 114.6419953983503
v 4.276502672390447 -0.5611904604388309 114.66918454183646
v 4.200973100890201 -0.6691263082545671 114.7204832872699
v 4.067001346571525 -0.7879026825677405 114.79563775084344
v 3.895686920977093 -0.906029312826102 114.87703597355565
v 3.707625609397014 -1.0122797617026242 114.94823005008725
v 3.5069746052225317 -1.1018730426619072 115.00950687151713
v 3.293025781018564 -1.1721178294786812 115.06616419139547
v 3.069700068821549 -1.2210819320841297 115.11960583189342
v 2.8443404517922457 -1.2474177434610154 115.16835866493186
v 2.623603703082059 -1.2514340659398855 115.21166682342438
v 2.412871102146579 -1.2361715440772156 115.2500801890762
v 4.974041798385877 -0.5500125441465918 115.6007215136483
v 5.006969913010704 -0.530499050876416 115.64472254318999
v 5.0381065274874794 -0.5217888511321238 115.68887384202294
v 5.0692132148098885 -0.5224681853664854 115.73009996973404
v 5.102051547971617 -0.5311232940322711 115.7653254859101
v 5.13838309996635 -0.5463404175822518 115.79147495013794
v 5.179429993511916 -0.5668344968906112 115.80594688684141
v 5.2187846814838235 -0.5931407364737699 115.81284330246002
v 5.244384489155775 -0.6271435241520886 115.82123483863766
v 5.2440333364792036 -0.6707590751857527 115.84030934788021
v 5.205535143405544 -0.725903604834947 115.87925468269339
v 5.116770379744942 -0.7944730815682849 115.94719637606309
v 4.977179111260075 -0.8753060582843532 116.04384925162374
v 4.810007582216312 -0.9609445545845643 116.14954743600453
v 4.637462817325005 -1.0439999410179854 116.24592460964064
v 4.461623265802351 -1.121366384133255 116.33329853867833
v 4.278565766352451 -1.1913202794122844 116.41758131138327
v 4.089410629102503 -1.2525535733295796 116.50033452107786
v 3.8990056466080296 -1.3040781321666706 116.57990551020876
v 3.71136881240034 -1.3458116072482622 116.65544449422583
v 3.5289918402602543 -1.3791655111143724 116.72756305209914
v 6.349184101882444 -0.7924675376387578 116.79643637357826
v 6.326988577237219 -0.7797137942589605 116.83770271729563
v 6.30180909455381 -0.7734000440109545 116.88089035938464
v 6.276735044632382 -0.772277790455295 116.92297641507662
v 6.2548558182731 -0.7750985371525372 116.96093799960289
v 6.239260806276134 -0.7806137876632372 116.99175222819488
v 6.2324849470457115 -0.7877221197899424 117.01286162178326
v 6.2292213279136845 -0.7974022435715101 117.02829112786702
v 6.218350639428649 -0.8121746675083465 117.0469446025934
v 6.188616456812966 -0.834596271361615 117.0778409963082
v 6.128762355289003 -0.8672239348924788 117.12999925935732
v 6.027604989129972 -0.9125993449224818 117.21237694513076
v 5.88499649085303 -0.9709699418004729 117.32466021168808
v 5.723515787754034 -1.0378583258997107 117.44744142755556
v 5.56446541160398 -1.1087582043557593 117.56259816839042
v 5.408491846851354 -1.1819670685131833 117.67044027938482
v 5.2500561083495265 -1.2566717327147612 117.77680004511515
v 5.088418828435309 -1.332110845302466 117.88326760576052
v 4.92638762821811 -1.4075662755842306 117.98829844635542
v 4.765950956257935 -1.4826900610628566 118.09109900261298
v 4.607595735547007 -1.5577481708849175 118.19224759889939
v 7.644060633222508 -0.892477676912539 117.97856525110403
v 7.586500523645923 -0.8884760104955329 118.03516629566181
v 7.524794214194648 -0.8888240902494546 118.09349231404292
v 7.462203786366142 -0.8925066465964223 118.15099730316548
v 7.401991321657859 -0.8985084099585537 118.20513525994765
v 7.347418901567259 -0.9058141107579675 118.2533601813076
v 7.30127368831763 -0.9135477954139195 118.29351766438725
v 7.259625863113244 -0.9228039144949984 118.32899187133008
v 7.213566966464015 -0.9361373863386379 118.36727216050183
v 7.154071091986871 -0.9561375819395895 118.41594473247301
v 7.072112333298739 -0.9853938722926051 118.48259578781416
v 6.958724712647001 -1.0264841447604027 118.57475929102607
v 6.8139919195900704 -1.0802521731669965 118.69208117298145
v 6.656634799888107 -1.1439704459198627 118.81796251158774
v 6.50419427841208 -1.2149066911514983 118.9369114770472
v 6.35659746151367 -1.292534399767376 119.04918740951258
v 6.208474604911377 -1.3769951846836437 119.15977880428827
v 6.058232179424824 -1.4680256853398663 119.2701903867317
v 5.907067780073419 -1.565063222916637 119.37935131177288
v 5.755558031803855 -1.6676145974303718 119.48671634664282
v 5.603137319554191 -1.775313902361428 119.59271545213484
v 8.851538238234435 -0.8046508841448866 119.19039742448307
v 8.769223451187749 -0.817565136436187 119.27132310777803
v 8.682469960415219 -0.8344927230356558 119.35274112836674
v 8.59368037316009 -0.8547200938088291 119.43295018523725
v 8.50525729666561 -0.8775336986212426 119.51024897737766
v 8.419603338175023 -0.9022199873384326 119.58293620377606
v 8.33880780201784 -0.92817192553046 119.64957162440498
v 8.260528818976454 -0.9562889747224511 119.71240729342763
v 8.179140124524825 -0.9885872144628034 119.77643200135682
v 8.088937974750896 -1.0271090654893125 119.84669909873304
v 7.984218625742588 -1.073896948539775 119.92826193609676
v 7.85931683067423 -1.1309845634379043 120.02613806096707
v 7.714380688055004 -1.1990886873531066 120.13993849931319
v 7.5615304740816 -1.2762139874544454 120.25813992451735
v 7.412094624033629 -1.360475776252957 120.37000078515742
v 7.265915144667065 -1.452243262019799 120.47569183991484
v 7.119355437168278 -1.5525362375344967 120.57867692475541
v 6.970896488676644 -1.6615064421960153 120.68024322659714
v 6.8205856123681965 -1.778661943209854 120.7800664527575
v 6.668195232069396 -1.9034908206571746 120.8779918663201
v 6.512979151295806 -2.035473167076076 120.97420994172809
v 9.932241032893378 -0.4424891669322621 120.51971894047263
v 9.820827135265791 -0.49487210979674523 120.61985907067509
v 9.706527122496007 -0.5507008931779682 120.719644182177
v 9.59042473045766 -0.6096346422913879 120.81832228841549
v 9.473603695024378 -0.6713324823524611 120.9151414028277
v 9.357147752069801 -0.7354535385766451 121.00934953885084
v 9.242013031698844 -0.8017106869354534 121.10030815017178
v 9.127350882502991 -0.8705770227215043 121.1889831231572
v 9.01097494515677 -0.9430891174138133 121.27752955310696
v 8.89066730360101 -1.0202968349805366 121.36813058894087
v 8.764210041776538 -1.1032500393898297 121.46296937957885
v 8.629400542318864 -1.1929935435299355 121.56421247567759
v 8.486346404134268 -1.2898094097902069 121.67151996715783
v 8.33991295478559 -1.392408869312592 121.77939006354772
v 8.194657515903577 -1.4996755895636404 121.88270739552195
v 8.05060650725899 -1.6123475361120982 121.9815370608809
v 7.906390198125859 -1.7316824422946648 122.07752452508888
v 7.761134850049272 -1.8580050413668157 122.1715227131996
v 7.614335112673108 -1.9909484625993188 122.2637952202465
v 7.4655197898539765 -2.130137189976253 122.35448731264121
v 7.314260034470744 -2.275208463066553 122.44357058535186
v 11.037569437227978 -0.11125649877884239 121.91808995744523
v 10.896409048325252 -0.18568431294783136 122.03496064505978
v 10.754422257810331 -0.26218564660560373 122.15032549887776
v 10.611540448870795 -0.340865948124175 122.26419882770604
v 10.467695004694207 -0.4218306658755606 122.3765949403514
v 10.322817308468142 -0.5051852482317764 122.48752814562076
v 10.17685753095463 -0.5910217132470755 122.59700482200098
v 10.030031563403119 -0.6792421284001191 122.70491918616179
v 9.882752249656521 -0.7696077693967638 122.8110823201942
v 9.735437079699462 -0.8618765906434817 122.91530334503186
v 9.588503543516572 -0.9558065465467448 123.01739138160842
v 9.442366583292992 -1.051157143097416 123.11715601100677
v 9.297056404612624 -1.147922187027702 123.21447630025605
v 9.151810874966952 -1.2465780110417088 123.3093744178266
v 9.005925422352533 -1.3476232289250694 123.4018778879314
v 8.859481779115805 -1.4513680360035686 123.49195201344668
v 8.712785031166682 -1.5580519470915553 123.5795532621153
v 8.56578634089525 -1.6677565944446466 123.66479112375528
v 8.418175980324591 -1.7804464073711155 123.74788682539015
v 8.26974830811432 -1.8960686583022528 123.82894089880669
v 8.120481025042839 -2.0145466842417 123.9078487635828
v 12.037449280327872 0.048865844510643484 123.18325522686605
v 11.879741347100904 -0.024498473104443766 123.33015569322619
v 11.722846453784694 -0.0962651519052338 123.47392334312038
v 11.566275374632855 -0.16705493370122232 123.61489574751212
v 11.409538883898996 -0.23748856030190496 123.75341047736502
v 11.252147755836722 -0.3081867735167776 123.88980510364269
v 11.0936818320995 -0.3796813837764874 124.0243534230811
v 10.934697803331913 -0.4512464079955889 124.15642724696178
v 10.776476402739593 -0.5212235838449392 124.28472983301921
v 10.620315443802573 -0.5879326563859091 124.40794866770759
v 10.467512740000872 -0.6496933706798693 124.52477123748116
v 10.319357441950341 -0.7048381115337676 124.63389579945624
v 10.175830543578748 -0.7536079590058754 124.7356470605375
v 10.034218981707156 -0.8001748173845519 124.83369928709024
v 9.891925257227294 -0.8482483379044256 124.93144829914355
v 9.748619410843288 -0.8967422333640525 125.02878799799599
v 9.60470082456986 -0.9431809986299511 125.12452117060788
v 9.460753760896294 -0.9868672526576515 125.2176637480128
v 9.317496140481879 -1.0284195255931807 125.30739448477358
v 9.175417449293917 -1.0683069242945005 125.39322642578354
v 9.03462201940658 -1.106698422599442 125.47522218669921
v 13.035467173006628 0.09781544966504047 124.44210548196307
v 12.866181052850038 0.04570206972549874 124.62376902133447
v 12.698286894850312 -9.26658270529086e-05 124.7994041839685
v 12.531598542174583 -0.04069947262911934 124.96922963177414
v 12.36592983798998 -0.07724906631720543 125.13346402666018
v 12.201094625463647 -0.11087216252781601 125.29232603053552
v 12.036935278666878 -0.14253799336667536 125.44598118483313
v 11.873697696126781 -0.17093186213280961 125.59384372597854
v 11.711926869560008 -0.19304621920994128 125.73477102151949
v 11.552174846337145 -0.20583358032344265 125.86760730238184
v 11.394993673828774 -0.20624646119868612 125.99119679949158
v 11.240931749751939 -0.19126267517846188 126.10439646520781
v 11.089986347093076 -0.16168016330836854 126.20798428258212
v 10.941019736043668 -0.12616415216627042 126.30669446287303
v 10.792804492188967 -0.09231537457321363 126.4048664460315
v 10.644367522701307 -0.05743005119140071 126.50236970427066
v 10.494930513375625 -0.015835902039383957 126.59763270067029
v 10.345333729270514 0.0340874891273889 126.68867320594441
v 10.197606304453828 0.09096213348197259 126.77321861768937
v 10.053016481110594 0.1537610729798892 126.84998489227391
v 9.911520418218899 0.22215878532795388 126.91934345191764
v 14.05439529334356 0.1058448700842392 125.68867686293144
v 13.879644372467162 0.09861449292865988 125.89771384049456
v 13.705681035929032 0.10126113794731639 126.09781665366927
v 13.533022370621111 0.11226202741246746 126.28878728580912
v 13.362185463435344 0.1300943835963719 126.47042772026766
v 13.193687401263679 0.15323542877128848 126.64253994039844
v 13.027981918852923 0.1803793569227468 126.80492985497138
v 12.864626735185556 0.2132890833094751 126.95745889155283
v 12.702515440443584 0.2560020659598166 127.10002962836009
v 12.540525957909363 0.31260941971280715 127.2325456143605
v 12.377536210865237 0.3872022594074822 127.35491039852141
v 12.212432169246547 0.4838375491089645 127.46703387543505
v 12.045314907220648 0.601415232940805 127.5697841760791
v 11.878787921043424 0.7282147335329634 127.66600285217439
v 11.71506932108548 0.853896659295535 127.7582510287331
v 11.552862534920491 0.9817494466208778 127.84643712810896
v 11.38996172405205 1.118997862774269 127.92954960316737
v 11.227003174778911 1.267655937942241 128.00541665233473
v 11.066714486701835 1.4258820869604334 128.0710254525128
v 10.910733796762717 1.592315181867653 128.1247106790345
v 10.758805306671803 1.7665444105210226 128.1670810297021
v 15.161493702154276 0.45219914994852306 126.65601794352565
v 14.98937355578527 0.500836240928167 126.86024882357424
v 14.81699574007302 0.560112711597421 127.05550078929909
v 14.645653981348692 0.6283446237969585 127.24100726848054
v 14.47664200594347 0.7038480393674525 127.41600168889893
v 14.311253540188524 0.7849390201495766 127.57971747833459
v 14.150615553343282 0.8701748792904042 127.73147510360178
v 13.993496499974983 0.9615250476042126 127.87182606080734
v 13.83691669851776 1.0634880248164256 128.00223428760216
v 13.677855228607841 1.1806219717736404 128.1241852462723
v 13.51329116988148 1.317485049322454 128.2391643991038
v 13.34022554294842 1.4786016190552935 128.34864890186657
v 13.158972618016392 1.6633921047091025 128.452861564834
v 12.976670070858255 1.8607657273669183 128.54944196155395
v 12.799858231994687 2.060638844178668 128.6361573725745
v 12.627791076217944 2.264592612138915 128.71303493378915
v 12.457614988588697 2.4776244943649295 128.7807114330791
v 12.289220475156245 2.700936346424009 128.8383500541194
v 12.124520927824898 2.9329219780144333 128.88403440217564
v 11.964621504459066 3.172370474538738 128.916762123486
v 11.809203824064815 3.418838472623343 128.93709336221667
v 16.232906679267177 1.49014387355837 126.83522831375856
v 16.065516769137236 1.563471816455393 127.00503048925226
v 15.897479959367216 1.6461690940208709 127.16954265206856
v 15.730620964683952 1.7367289732891484 127.32742238256141
v 15.566764499814292 1.8336447212945688 127.47732726108474
v 15.407735279485083 1.9354096050714762 127.61791486799245
v 15.255115276057868 2.04073776472841 127.74801880072886
v 15.107053255560208 2.151467240218903 127.86896213972778
v 14.95915328414361 2.271751512741509 127.98391317553842
v 14.806959398101565 2.4057986851067463 128.09608372749787
v 14.646015633727561 2.557816860125133 128.20868561494322
v 14.471899656510365 2.731995012956845 128.32489961476625
v 14.285267389641417 2.929633701811788 128.44321886457337
v 14.097233072489368 3.146084992427394 128.55248263707412
v 13.918353339039934 3.3762610690058934 128.64241603814912
v 13.749830168980674 3.616560051746686 128.71325919323345
v 13.589929453154081 3.863960359320195 128.7685162951525
v 13.437183759447933 4.117009221714107 128.8108795303233
v 13.290330488003406 4.375415627074494 128.84242777532097
v 13.148573909542591 4.638849214201673 128.86445859032395
v 13.011886711859477 4.9068686008857805 128.8769941888218
v 16.989574197323 2.9326581290263602 126.20016687192827
v 16.838897587622647 2.997940562131878 126.3373058199265
v 16.68721698324918 3.069802352546752 126.47360740967622
v 16.53651722570678 3.147221276001427 126.6072578952443
v 16.388783156499628 3.2291751082263516 126.73644353069776
v 16.2459996171319 3.3146416249519723 126.85935057010347
v 16.109876943170626 3.4027584217461464 126.97441896031229
v 15.978243018427861 3.4949234926754102 127.0836767308362
v 15.846048045172969 3.594210244006996 127.19181140572854
v 15.70817434072899 3.70373160523736 127.30357324692419
v 15.559504222418981 3.8266005058629693 127.42371251635804
v 15.394960744525445 3.965937721579728 127.5569213735051
v 15.215618544097456 4.1260488623457805 127.69911807582162
v 15.035221012179989 4.313679621324481 127.8281516438726
v 14.867257988163603 4.532809338542162 127.92374787668089
v 14.716024682842107 4.771880667383369 127.98642176085025
v 14.582607401628385 5.015146600216116 128.0233104264775
v 14.463785635734554 5.2570159604391105 128.04233262735247
v 14.353183729496184 5.499413554426777 128.05193625436584
v 14.246998555451926 5.7434962334154 128.0570521417408
v 14.14582914727167 5.988848787994992 128.05674114152174
v 17.429751910754074 4.372118687782917 125.1856417570767
v 17.311482689289257 4.426691290895231 125.29814863779673
v 17.191603400102714 4.483716163394072 125.41289393719651
v 17.0719660997737 4.542786641329722 125.52777456854152
v 16.954422844881456 4.60349606075247 125.64068744509721
v 16.840825692005236 4.665437757712608 125.74952948012914
v 16.732758247607773 4.728285413286673 125.85250366876696
v 16.628007316389155 4.792849061707712 125.95214204937645
v 16.521545505464264 4.860781004598278 126.0541853564273
v 16.408279034597886 4.933753412797043 126.16445001801925
v 16.28311412355482 5.013438457142681 126.28875246225218
v 16.141000009400404 5.101545936546827 126.43282712912139
v 15.983381860369237 5.205467767789005 126.59002764726706
v 15.825082760117088 5.344297791556057 126.72821023120254
v 15.681090397059563 5.531954519160944 126.81803274813078
v 15.558873233008715 5.748833962352595 126.860265339204
v 15.462867918241704 5.966088964155071 126.86537769882702
v 15.388223947943242 6.173908042198257 126.84649426196994
v 15.323275373924275 6.376566445666482 126.81861692779866
v 15.26112793207045 6.57680379744787 126.79040019330996
v 15.203090542845397 6.774253155637371 126.75986852246048
v 17.79150418141093 5.790152616951875 124.0610993959549
v 17.70837331733006 5.827321387839616 124.1557841962447
v 17.62303519573734 5.863476445024484 124.2540821768224
v 17.537003724991845 5.898774625007605 124.35385873715235
v 17.451792813452645 5.933372764290101 124.45297927669904
v 17.36891636947881 5.9674276993731 124.54930919492696
v 17.289656227884254 6.001101832039207 124.64103324174422
v 17.212011910713667 6.034636276163958 124.73085287333942
v 17.131550082768598 6.068330487194503 124.82481733825443
v 17.0437800173773 6.102485296864549 124.92905485996319
v 16.944210987868058 6.137401536907805 125.04969366193957
v 16.82839259133269 6.173440409577829 125.19276694337447
v 16.69796361198605 6.220079513011898 125.34995853254078
v 16.567103088579742 6.305571024372403 125.48340073299694
v 16.45052901970779 6.451325769765163 125.55857882863094
v 16.357859522123004 6.632376648571223 125.57641450701388
v 16.296188354756435 6.810886664477416 125.54931481677004
v 16.259690547016206 6.974193299430875 125.49381280269628
v 16.23305552707799 7.128263127567987 125.42938201662388
v 16.207272900114546 7.276984698888863 125.36720365346683
v 16.18418225275498 7.420059726254004 125.30455251154008
v 18.143583592280088 7.15306583710889 122.89586777850226
v 18.08620377913383 7.15850958415144 122.98017404690812
v 18.02720346114766 7.1623115650599765 123.0673441291736
v 17.96764058357223 7.164956945424722 123.15554557947738
v 17.908573091658205 7.166930890835891 123.2429459519983
v 17.851058930656237 7.168718566883703 123.32771280091508
v 17.79598317095214 7.170763736402224 123.40829334504123
v 17.7417858417448 7.172924585807942 123.48709021655009
v 17.685094702477063 7.174625271024489 123.56943780845576
v 17.62249476087194 7.175279709129998 123.66073967445742
v 17.55057102465244 7.174301817202604 123.76639936825427
v 17.46594101143509 7.171171738410149 123.89173090764606
v 17.370131473676608 7.175370246247315 124.02852772610224
v 17.27477938926002 7.216973712158542 124.14073856032626
v 17.192233345644276 7.319119548592481 124.19553543286399
v 17.13213390245601 7.456935775918505 124.1938040680656
v 17.10231552456551 7.592190901541217 124.14739882156186
v 17.097166755457632 7.712191811076978 124.0726880914618
v 17.10120097417055 7.823143543316978 123.98926737708214
v 17.10532540551392 7.929120327077751 123.90836025281311
v 17.111468320108 8.029911209801545 123.8271403228625
v 18.46831331103103 8.32820822439096 121.76679483765616
v 18.434000385094198 8.310373943072332 121.83009244332196
v 18.399313088344066 8.292065187154131 121.89416444743505
v 18.364822102185528 8.273679331655082 121.9578891729624
v 18.33109810802348 8.255613751593915 122.02014494287107
v 18.298711787262835 8.238265821989362 122.07981008012814
v 18.268135557176663 8.22199520232505 122.13593626167692
v 18.23845204451105 8.206628125569349 122.1900269819197
v 18.207713760301644 8.1915954478169 122.24540302760226
v 18.173948914997442 8.176318698161609 122.30542805567383
v 18.13518571904745 8.160219405697385 122.37346572308356
v 18.08947181386623 8.142764563183514 122.45282174825284
v 18.037789060667045 8.130286513767832 122.53805270254391
v 17.9871621408949 8.143256309036131 122.6056969015343
v 17.945142251342347 8.197492554981366 122.63440138686484
v 17.91817460405886 8.276418551343944 122.62474549968942
v 17.911709250554466 8.35443570125757 122.58445895220288
v 17.92206238773506 8.423074759187758 122.52441703717518
v 17.938841290649354 8.486542002747429 122.45774693207144
v 17.95595079099003 8.547610941647703 122.39195812692728
v 17.974706203790557 8.606174950455271 122.32512897893136
v 18.71721450137789 9.175140547779026 120.7202200200361
v 18.718866080020657 9.171763379257257 120.7202200200361
v 18.720474067518104 9.1684753130716 120.72022002003611
v 18.72209322899086 9.165164274970742 120.7202200200361
v 18.723778329559565 9.161718190703368 120.72022002003608
v 18.72558413434485 9.158024986018162 120.72022002003608
v 18.727556940290786 9.153989912876112 120.72022002003608
v 18.72962327539462 9.149763275072242 120.7202200200361
v 18.731620894654114 9.145677009344976 120.72022002003608
v 18.733385458898454 9.142067337181558 120.72022002003608
v 18.734752628956805 9.13927048006923 120.7202200200361
v 18.735559148207916 9.137620444861264 120.7202200200361
v 18.735805233036615 9.137116812268467 120.72022002003611
v 18.735827761037996 9.137070435776563 120.7202200200361
v 18.735942510440854 9.136835327782379 120.72022002003612
v 18.736148171393136 9.136414159295608 120.72022002003608
v 18.736348262524057 9.136004291366111 120.7202200200361
v 18.736516879859035 9.135658709687723 120.72022002003611
v 18.736680281657122 9.135323694520258 120.7202200200361
v 18.736852920268905 9.1349696243288 120.72022002003612
v 18.737027567147905 9.134611141697777 120.7202200200361
v 1.346 0.0 0.0
v 1.3459999999999999 0.0 5.9
v 1.346 0.0 11.8
v 1.346 0.0 17.700000000000003
v 1.3460000000000003 0.0 23.6
v 1.346 0.0 29.5
v 1.346 0.0 35.4
v 1.346 0.0 41.3
v 1.346 0.0 47.199999999999996
v 1.346 0.0 53.099999999999994
v 1.346 0.0 58.99999999999999
v 1.346 0.0 64.89999999999999
v 1.346 0.0 70.8
v 1.346 0.0 76.7
v 1.346 0.0 82.60000000000001
v 1.346 0.0 88.50000000000001
v 1.346 0.0 94.40000000000002
v 1.346 0.0 100.30000000000003
v 1.346 0.0 106.20000000000003
v 1.346 0.0 112.10000000000004
v 1.346 0.0 118.0
v 1.2865919292599874 0.39547086815979726 0.0
v 1.2865919292599872 0.39547086815979726 5.8999999999999995
v 1.2865919292599874 0.39547086815979726 11.799999999999999
v 1.2865919292599874 0.39547086815979726 17.700000000000006
v 1.2865919292599874 0.39547086815979726 23.599999999999998
v 1.2865919292599874 0.39547086815979726 29.5
v 1.2865919292599874 0.39547086815979726 35.4
v 1.2865919292599874 0.39547086815979726 41.29999999999999
v 1.2865919292599874 0.39547086815979726 47.19999999999999
v 1.2865919292599874 0.39547086815979726 53.099999999999994
v 1.2865919292599874 0.39547086815979726 58.99999999999999
v 1.2865919292599874 0.39547086815979726 64.89999999999999
v 1.2865919292599874 0.39547086815979726 70.8
v 1.2865919292599874 0.39547086815979726 76.69999999999999
v 1.2865919292599874 0.39547086815979726 82.60000000000001
v 1.2865919292599874 0.39547086815979726 88.50000000000001
v 1.2865919292599874 0.39547086815979726 94.4
v 1.2865919292599874 0.39547086815979726 100.30000000000003
v 1.2865919292599874 0.39547086815979726 106.20000000000002
v 1.2865919292599874 0.39547086815979726 112.10000000000005
v 1.2865919292599874 0.39547086815979726 118.0
v 1.0954098445247469 0.7821721501806809 0.0
v 1.0954098445247469 0.7821721501806808 5.900000000000001
v 1.0954098445247469 0.7821721501806809 11.800000000000002
v 1.0954098445247469 0.7821721501806809 17.700000000000003
v 1.0954098445247473 0.7821721501806809 23.600000000000005
v 1.0954098445247469 0.7821721501806809 29.5
v 1.0954098445247469 0.7821721501806809 35.4
v 1.0954098445247469 0.7821721501806809 41.3
v 1.0954098445247469 0.7821721501806809 47.19999999999999
v 1.0954098445247469 0.7821721501806809 53.099999999999994
v 1.0954098445247469 0.7821721501806809 58.999999999999986
v 1.0954098445247469 0.7821721501806809 64.89999999999999
v 1.0954098445247469 0.7821721501806809 70.8
v 1.0954098445247469 0.7821721501806809 76.69999999999999
v 1.0954098445247469 0.7821721501806809 82.60000000000001
v 1.0954098445247469 0.7821721501806809 88.50000000000001
v 1.0954098445247469 0.7821721501806809 94.40000000000003
v 1.0954098445247469 0.7821721501806809 100.30000000000003
v 1.0954098445247469 0.7821721501806809 106.20000000000002
v 1.0954098445247469 0.7821721501806809 112.10000000000004
v 1.0954098445247469 0.7821721501806809 118.0
v 0.7821721501806808 1.0954098445247473 0.0
v 0.7821721501806806 1.095409844524747 5.8999999999999995
v 0.7821721501806808 1.0954098445247473 11.799999999999999
v 0.7821721501806808 1.0954098445247473 17.700000000000003
v 0.7821721501806806 1.095409844524747 23.599999999999998
v 0.7821721501806808 1.0954098445247473 29.5
v 0.7821721501806806 1.0954098445247473 35.4
v 0.7821721501806806 1.0954098445247473 41.3
v 0.7821721501806806 1.095409844524747 47.199999999999996
v 0.7821721501806806 1.0954098445247473 53.1
v 0.7821721501806808 1.0954098445247473 58.99999999999999
v 0.7821721501806806 1.0954098445247473 64.89999999999999
v 0.7821721501806806 1.0954098445247473 70.8
v 0.7821721501806806 1.0954098445247473 76.69999999999999
v 0.7821721501806806 1.0954098445247473 82.60000000000001
v 0.7821721501806809 1.0954098445247473 88.50000000000003
v 0.7821721501806809 1.0954098445247473 94.40000000000005
v 0.7821721501806808 1.0954098445247473 100.30000000000003
v 0.7821721501806808 1.0954098445247473 106.20000000000003
v 0.7821721501806808 1.0954098445247473 112.10000000000004
v 0.7821721501806809 1.0954098445247469 118.0
v 0.3954708681597973 1.2865919292599874 0.0
v 0.3954708681597972 1.2865919292599874 5.900000000000001
v 0.3954708681597973 1.2865919292599874 11.800000000000002
v 0.3954708681597973 1.2865919292599874 17.700000000000003
v 0.39547086815979726 1.2865919292599874 23.6
v 0.3954708681597973 1.2865919292599874 29.500000000000004
v 0.3954708681597973 1.2865919292599874 35.4
v 0.3954708681597973 1.2865919292599874 41.300000000000004
v 0.39547086815979726 1.2865919292599872 47.199999999999996
v 0.3954708681597973 1.2865919292599874 53.1
v 0.3954708681597973 1.2865919292599874 58.99999999999999
v 0.3954708681597973 1.2865919292599874 64.89999999999999
v 0.3954708681597973 1.2865919292599874 70.8
v 0.3954708681597973 1.2865919292599874 76.7
v 0.3954708681597973 1.2865919292599874 82.60000000000002
v 0.3954708681597973 1.2865919292599874 88.50000000000001
v 0.3954708681597973 1.2865919292599874 94.40000000000003
v 0.3954708681597973 1.2865919292599874 100.30000000000004
v 0.3954708681597973 1.2865919292599874 106.20000000000003
v 0.3954708681597973 1.2865919292599874 112.10000000000004
v 0.3954708681597973 1.2865919292599874 118.00000000000001
v 8.241872958261687e-17 1.346 0.0
v 8.241872958261687e-17 1.3459999999999999 5.9
v 8.241872958261687e-17 1.346 11.8
v 8.241872958261687e-17 1.346 17.700000000000003
v 8.241872958261687e-17 1.3460000000000003 23.6
v 8.241872958261687e-17 1.346 29.5
v 8.241872958261687e-17 1.346 35.4
v 8.241872958261687e-17 1.346 41.3
v 8.241872958261687e-17 1.346 47.199999999999996
v 8.241872958261687e-17 1.346 53.099999999999994
v 8.241872958261687e-17 1.346 58.99999999999999
v 8.241872958261687e-17 1.346 64.89999999999999
v 8.241872958261687e-17 1.346 70.8
v 8.241872958261687e-17 1.346 76.7
v 8.241872958261687e-17 1.346 82.60000000000001
v 8.241872958261687e-17 1.346 88.50000000000001
v 8.241872958261687e-17 1.346 94.40000000000002
v 8.241872958261687e-17 1.346 100.30000000000003
v 8.241872958261687e-17 1.346 106.20000000000003
v 8.241872958261687e-17 1.346 112.10000000000004
v 8.241872958261687e-17 1.346 118.0
v -0.39547086815979715 1.2865919292599874 0.0
v -0.3954708681597971 1.2865919292599874 5.900000000000001
v -0.39547086815979715 1.2865919292599874 11.800000000000002
v -0.39547086815979715 1.2865919292599874 17.700000000000003
v -0.39547086815979715 1.2865919292599877 23.600000000000005
v -0.39547086815979715 1.2865919292599874 29.500000000000004
v -0.39547086815979715 1.2865919292599874 35.4
v -0.39547086815979715 1.2865919292599874 41.300000000000004
v -0.39547086815979715 1.2865919292599874 47.199999999999996
v -0.39547086815979715 1.2865919292599874 53.1
v -0.39547086815979715 1.2865919292599874 58.99999999999999
v -0.39547086815979715 1.2865919292599874 64.89999999999999
v -0.39547086815979715 1.2865919292599874 70.8
v -0.39547086815979715 1.2865919292599874 76.7
v -0.39547086815979715 1.2865919292599874 82.60000000000002
v -0.39547086815979715 1.2865919292599874 88.50000000000001
v -0.39547086815979715 1.2865919292599874 94.40000000000003
v -0.39547086815979715 1.2865919292599874 100.30000000000004
v -0.39547086815979715 1.2865919292599874 106.20000000000005
v -0.39547086815979715 1.2865919292599874 112.10000000000004
v -0.39547086815979715 1.2865919292599874 118.00000000000001
v -0.7821721501806806 1.0954098445247473 0.0
v -0.7821721501806805 1.0954098445247473 5.900000000000001
v -0.7821721501806806 1.0954098445247473 11.800000000000002
v -0.7821721501806806 1.0954098445247473 17.700000000000003
v -0.7821721501806805 1.095409844524747 23.6
v -0.7821721501806806 1.0954098445247473 29.5
v -0.7821721501806806 1.0954098445247473 35.4
v -0.7821721501806806 1.0954098445247473 41.3
v -0.7821721501806805 1.095409844524747 47.199999999999996
v -0.7821721501806806 1.0954098445247473 53.1
v -0.7821721501806808 1.0954098445247473 58.99999999999999
v -0.7821721501806806 1.0954098445247473 64.89999999999999
v -0.7821721501806806 1.0954098445247473 70.8
v -0.7821721501806806 1.0954098445247473 76.69999999999999
v -0.7821721501806806 1.0954098445247473 82.60000000000001
v -0.7821721501806808 1.0954098445247473 88.50000000000003
v -0.7821721501806808 1.0954098445247473 94.40000000000002
v -0.7821721501806806 1.0954098445247473 100.30000000000003
v -0.7821721501806806 1.0954098445247473 106.20000000000003
v -0.7821721501806806 1.0954098445247473 112.10000000000002
v -0.7821721501806806 1.0954098445247473 118.0
v -1.0954098445247469 0.7821721501806814 0.0
v -1.0954098445247469 0.7821721501806813 5.9
v -1.0954098445247469 0.7821721501806814 11.8
v -1.0954098445247469 0.7821721501806814 17.700000000000003
v -1.0954098445247469 0.7821721501806812 23.599999999999998
v -1.0954098445247469 0.7821721501806814 29.5
v -1.0954098445247469 0.7821721501806813 35.4
v -1.0954098445247469 0.7821721501806813 41.300000000000004
v -1.0954098445247467 0.7821721501806812 47.19999999999998
v -1.0954098445247469 0.7821721501806813 53.1
v -1.0954098445247469 0.7821721501806813 58.99999999999999
v -1.0954098445247469 0.7821721501806813 64.89999999999999
v -1.0954098445247469 0.7821721501806813 70.8
v -1.0954098445247469 0.7821721501806813 76.7
v -1.0954098445247469 0.7821721501806813 82.60000000000002
v -1.0954098445247469 0.7821721501806814 88.50000000000003
v -1.0954098445247469 0.7821721501806814 94.40000000000002
v -1.0954098445247469 0.7821721501806814 100.30000000000004
v -1.0954098445247469 0.7821721501806814 106.20000000000005
v -1.0954098445247469 0.7821721501806814 112.10000000000005
v -1.0954098445247473 0.7821721501806809 118.0
v -1.2865919292599874 0.3954708681597978 0.0
v -1.286591929259987 0.3954708681597978 5.9
v -1.2865919292599874 0.3954708681597978 11.8
v -1.2865919292599874 0.3954708681597978 17.700000000000003
v -1.2865919292599872 0.39547086815979776 23.6
v -1.2865919292599874 0.3954708681597978 29.5
v -1.2865919292599874 0.3954708681597978 35.4
v -1.2865919292599874 0.3954708681597978 41.3
v -1.2865919292599872 0.39547086815979776 47.19999999999998
v -1.2865919292599874 0.3954708681597978 53.099999999999994
v -1.2865919292599874 0.3954708681597978 58.999999999999986
v -1.2865919292599874 0.3954708681597978 64.89999999999999
v -1.2865919292599874 0.3954708681597978 70.8
v -1.2865919292599874 0.3954708681597978 76.7
v -1.2865919292599874 0.3954708681597978 82.60000000000001
v -1.2865919292599874 0.3954708681597978 88.50000000000001
v -1.2865919292599874 0.3954708681597978 94.40000000000003
v -1.2865919292599874 0.3954708681597978 100.30000000000003
v -1.2865919292599874 0.3954708681597978 106.20000000000005
v -1.2865919292599874 0.3954708681597978 112.10000000000004
v -1.2865919292599874 0.3954708681597974 118.00000000000001
v -1.346 5.87506349042906e-16 0.0
v -1.3459999999999999 5.87506349042906e-16 5.9
v -1.346 5.87506349042906e-16 11.8
v -1.346 5.87506349042906e-16 17.700000000000006
v -1.3460000000000003 5.87506349042906e-16 23.6
v -1.346 5.87506349042906e-16 29.5
v -1.346 5.8750634904290595e-16 35.400000000000006
v -1.346 5.8750634904290595e-16 41.3
v -1.346 5.87506349042906e-16 47.199999999999996
v -1.346 5.8750634904290595e-16 53.099999999999994
v -1.346 5.8750634904290595e-16 58.99999999999999
v -1.346 5.8750634904290595e-16 64.89999999999999
v -1.346 5.8750634904290595e-16 70.80000000000001
v -1.346 5.8750634904290595e-16 76.70000000000002
v -1.346 5.8750634904290595e-16 82.60000000000001
v -1.346 5.87506349042906e-16 88.50000000000001
v -1.346 5.87506349042906e-16 94.40000000000002
v -1.346 5.87506349042906e-16 100.30000000000003
v -1.346 5.87506349042906e-16 106.20000000000003
v -1.346 5.87506349042906e-16 112.10000000000002
v -1.346 1.6483745916523375e-16 118.0
v -1.2865919292599874 -0.39547086815979665 0.0
v -1.2865919292599874 -0.3954708681597966 5.9
v -1.2865919292599874 -0.39547086815979665 11.8
v -1.2865919292599874 -0.39547086815979665 17.700000000000003
v -1.2865919292599877 -0.39547086815979665 23.6
v -1.2865919292599874 -0.39547086815979665 29.5
v -1.2865919292599874 -0.39547086815979665 35.4
v -1.2865919292599874 -0.39547086815979665 41.3
v -1.2865919292599874 -0.39547086815979665 47.2
v -1.2865919292599874 -0.39547086815979665 53.1
v -1.2865919292599874 -0.39547086815979665 58.999999999999986
v -1.2865919292599874 -0.39547086815979665 64.89999999999999
v -1.2865919292599874 -0.39547086815979665 70.8
v -1.2865919292599874 -0.39547086815979665 76.70000000000002
v -1.2865919292599874 -0.39547086815979665 82.60000000000001
v -1.2865919292599874 -0.39547086815979665 88.50000000000001
v -1.2865919292599874 -0.39547086815979665 94.40000000000002
v -1.2865919292599874 -0.39547086815979665 100.30000000000001
v -1.2865919292599874 -0.39547086815979665 106.20000000000005
v -1.2865919292599874 -0.39547086815979665 112.10000000000004
v -1.2865919292599874 -0.3954708681597976 118.00000000000003
v -1.0954098445247473 -0.7821721501806806 0.0
v -1.0954098445247473 -0.7821721501806805 5.900000000000001
v -1.0954098445247473 -0.7821721501806806 11.800000000000002
v -1.0954098445247473 -0.7821721501806806 17.700000000000003
v -1.095409844524747 -0.7821721501806805 23.6
v -1.0954098445247473 -0.7821721501806806 29.5
v -1.0954098445247473 -0.7821721501806806 35.4
v -1.0954098445247473 -0.7821721501806806 41.3
v -1.095409844524747 -0.7821721501806805 47.199999999999996
v -1.0954098445247473 -0.7821721501806806 53.1
v -1.0954098445247473 -0.7821721501806808 58.99999999999999
v -1.0954098445247473 -0.7821721501806806 64.89999999999999
v -1.0954098445247473 -0.7821721501806806 70.8
v -1.0954098445247473 -0.7821721501806806 76.69999999999999
v -1.0954098445247473 -0.7821721501806806 82.60000000000001
v -1.0954098445247473 -0.7821721501806808 88.50000000000003
v -1.0954098445247473 -0.7821721501806808 94.40000000000002
v -1.0954098445247473 -0.7821721501806806 100.30000000000003
v -1.0954098445247473 -0.7821721501806806 106.20000000000003
v -1.0954098445247473 -0.7821721501806806 112.10000000000002
v -1.0954098445247473 -0.7821721501806806 118.0
v -0.7821721501806809 -1.0954098445247473 0.0
v -0.7821721501806808 -1.095409844524747 5.8999999999999995
v -0.7821721501806809 -1.0954098445247473 11.799999999999999
v -0.7821721501806809 -1.0954098445247473 17.700000000000003
v -0.7821721501806808 -1.095409844524747 23.599999999999998
v -0.7821721501806809 -1.0954098445247473 29.5
v -0.7821721501806808 -1.0954098445247473 35.4
v -0.7821721501806808 -1.0954098445247473 41.3
v -0.7821721501806808 -1.095409844524747 47.199999999999996
v -0.7821721501806808 -1.0954098445247473 53.1
v -0.7821721501806809 -1.0954098445247473 58.99999999999999
v -0.7821721501806808 -1.0954098445247473 64.89999999999999
v -0.7821721501806808 -1.0954098445247473 70.8
v -0.7821721501806808 -1.0954098445247473 76.69999999999999
v -0.7821721501806808 -1.0954098445247473 82.60000000000001
v -0.782172150180681 -1.0954098445247473 88.50000000000003
v -0.782172150180681 -1.0954098445247473 94.40000000000005
v -0.7821721501806809 -1.0954098445247473 100.30000000000003
v -0.7821721501806809 -1.0954098445247473 106.20000000000003
v -0.7821721501806809 -1.0954098445247473 112.10000000000004
v -0.7821721501806809 -1.0954098445247473 118.0
v -0.395470868159797 -1.2865919292599874 0.0
v -0.39547086815979693 -1.2865919292599874 5.9
v -0.395470868159797 -1.2865919292599874 11.8
v -0.395470868159797 -1.2865919292599874 17.700000000000003
v -0.395470868159797 -1.2865919292599874 23.6
v -0.395470868159797 -1.2865919292599874 29.5
v -0.39547086815979693 -1.2865919292599874 35.4
v -0.39547086815979693 -1.2865919292599874 41.3
v -0.395470868159797 -1.2865919292599874 47.199999999999996
v -0.39547086815979693 -1.2865919292599874 53.1
v -0.39547086815979693 -1.2865919292599874 58.999999999999986
v -0.39547086815979693 -1.2865919292599874 64.89999999999999
v -0.39547086815979693 -1.2865919292599874 70.8
v -0.39547086815979693 -1.2865919292599874 76.7
v -0.39547086815979693 -1.2865919292599874 82.60000000000001
v -0.395470868159797 -1.2865919292599874 88.50000000000001
v -0.395470868159797 -1.2865919292599874 94.40000000000002
v -0.395470868159797 -1.2865919292599874 100.30000000000004
v -0.395470868159797 -1.2865919292599874 106.20000000000005
v -0.395470868159797 -1.2865919292599874 112.10000000000002
v -0.3954708681597979 -1.2865919292599874 118.0
v 5.980815910074939e-16 -1.346 0.0
v 5.980815910074939e-16 -1.3459999999999999 5.8999999999999995
v 5.980815910074939e-16 -1.346 11.799999999999999
v 5.980815910074939e-16 -1.346 17.700000000000003
v 5.980815910074941e-16 -1.3460000000000003 23.599999999999998
v 5.980815910074939e-16 -1.346 29.5
v 5.980815910074939e-16 -1.346 35.4
v 5.980815910074939e-16 -1.346 41.3
v 5.980815910074941e-16 -1.346 47.19999999999999
v 5.980815910074939e-16 -1.346 53.099999999999994
v 5.98081591007494e-16 -1.346 58.99999999999999
v 5.980815910074939e-16 -1.346 64.89999999999999
v 5.980815910074939e-16 -1.346 70.8
v 5.980815910074939e-16 -1.346 76.69999999999999
v 5.980815910074939e-16 -1.346 82.60000000000001
v 5.980815910074939e-16 -1.346 88.5
v 5.980815910074939e-16 -1.346 94.4
v 5.980815910074939e-16 -1.346 100.30000000000003
v 5.980815910074939e-16 -1.346 106.20000000000003
v 5.980815910074939e-16 -1.346 112.10000000000004
v -2.472561887478506e-16 -1.346 118.0
v 0.39547086815979826 -1.286591929259987 0.0
v 0.3954708681597982 -1.2865919292599868 5.9
v 0.39547086815979826 -1.286591929259987 11.8
v 0.39547086815979826 -1.286591929259987 17.700000000000003
v 0.39547086815979826 -1.2865919292599872 23.6
v 0.39547086815979826 -1.286591929259987 29.499999999999996
v 0.39547086815979826 -1.286591929259987 35.4
v 0.39547086815979826 -1.286591929259987 41.29999999999999
v 0.39547086815979826 -1.286591929259987 47.199999999999996
v 0.39547086815979826 -1.286591929259987 53.099999999999994
v 0.39547086815979826 -1.286591929259987 58.999999999999986
v 0.39547086815979826 -1.286591929259987 64.89999999999999
v 0.39547086815979826 -1.286591929259987 70.8
v 0.39547086815979826 -1.286591929259987 76.7
v 0.39547086815979826 -1.286591929259987 82.60000000000001
v 0.39547086815979826 -1.286591929259987 88.50000000000001
v 0.39547086815979826 -1.286591929259987 94.40000000000002
v 0.39547086815979826 -1.286591929259987 100.30000000000004
v 0.39547086815979826 -1.286591929259987 106.20000000000003
v 0.39547086815979826 -1.286591929259987 112.10000000000002
v 0.39547086815979743 -1.2865919292599874 118.00000000000003
v 0.7821721501806821 -1.095409844524746 0.0
v 0.7821721501806819 -1.095409844524746 5.8999999999999995
v 0.7821721501806821 -1.095409844524746 11.799999999999999
v 0.7821721501806821 -1.095409844524746 17.700000000000003
v 0.7821721501806822 -1.0954098445247462 23.599999999999998
v 0.7821721501806821 -1.095409844524746 29.500000000000004
v 0.7821721501806821 -1.095409844524746 35.4
v 0.7821721501806821 -1.095409844524746 41.3
v 0.7821721501806821 -1.095409844524746 47.199999999999996
v 0.7821721501806821 -1.095409844524746 53.099999999999994
v 0.7821721501806821 -1.095409844524746 58.99999999999999
v 0.7821721501806821 -1.095409844524746 64.89999999999999
v 0.7821721501806821 -1.095409844524746 70.8
v 0.7821721501806821 -1.095409844524746 76.7
v 0.7821721501806821 -1.095409844524746 82.60000000000001
v 0.7821721501806821 -1.095409844524746 88.5
v 0.7821721501806821 -1.095409844524746 94.40000000000005
v 0.7821721501806821 -1.095409844524746 100.30000000000003
v 0.7821721501806821 -1.095409844524746 106.20000000000003
v 0.7821721501806821 -1.095409844524746 112.10000000000004
v 0.7821721501806804 -1.0954098445247473 118.0
v 1.0954098445247482 -0.7821721501806791 0.0
v 1.0954098445247478 -0.782172150180679 5.9
v 1.0954098445247482 -0.7821721501806791 11.8
v 1.0954098445247482 -0.7821721501806791 17.700000000000003
v 1.0954098445247482 -0.7821721501806791 23.6
v 1.0954098445247482 -0.7821721501806791 29.499999999999996
v 1.0954098445247482 -0.782172150180679 35.4
v 1.0954098445247482 -0.782172150180679 41.29999999999999
v 1.0954098445247482 -0.7821721501806791 47.199999999999996
v 1.0954098445247482 -0.782172150180679 53.099999999999994
v 1.0954098445247482 -0.782172150180679 58.999999999999986
v 1.0954098445247482 -0.782172150180679 64.89999999999999
v 1.0954098445247482 -0.782172150180679 70.8
v 1.0954098445247482 -0.782172150180679 76.7
v 1.0954098445247482 -0.782172150180679 82.60000000000002
v 1.0954098445247482 -0.7821721501806791 88.50000000000001
v 1.0954098445247482 -0.7821721501806791 94.40000000000002
v 1.0954098445247482 -0.7821721501806791 100.30000000000003
v 1.0954098445247482 -0.7821721501806791 106.20000000000002
v 1.0954098445247482 -0.7821721501806791 112.10000000000002
v 1.0954098445247469 -0.7821721501806808 118.0
v 1.286591929259988 -0.39547086815979504 0.0
v 1.2865919292599879 -0.39547086815979504 5.9
v 1.286591929259988 -0.39547086815979504 11.8
v 1.286591929259988 -0.39547086815979504 17.700000000000003
v 1.2865919292599883 -0.39547086815979504 23.6
v 1.286591929259988 -0.39547086815979504 29.5
v 1.286591929259988 -0.39547086815979493 35.400000000000006
v 1.286591929259988 -0.39547086815979493 41.3
v 1.286591929259988 -0.39547086815979504 47.199999999999996
v 1.286591929259988 -0.39547086815979493 53.09999999999999
v 1.286591929259988 -0.39547086815979493 58.99999999999999
v 1.286591929259988 -0.39547086815979493 64.89999999999999
v 1.286591929259988 -0.39547086815979493 70.80000000000001
v 1.286591929259988 -0.39547086815979493 76.70000000000002
v 1.286591929259988 -0.39547086815979493 82.60000000000001
v 1.286591929259988 -0.39547086815979504 88.50000000000003
v 1.286591929259988 -0.39547086815979504 94.40000000000002
v 1.286591929259988 -0.39547086815979504 100.30000000000003
v 1.286591929259988 -0.39547086815979504 106.20000000000002
v 1.286591929259988 -0.39547086815979504 112.10000000000005
v 1.2865919292599874 -0.3954708681597977 118.0
v 1.346 0.0 0.0
v 1.3459999999999999 0.0 5.9
v 1.346 0.0 11.8
v 1.346 0.0 17.7
v 1.3460000000000003 0.0 23.6
v 1.346 0.0 29.5
v 1.346 0.0 35.4
v 1.346 0.0 41.3
v 1.346 0.0 47.2
v 1.346 0.0 53.1
v 1.346 0.0 59.0
v 1.346 0.0 64.9
v 1.346 0.0 70.8
v 1.346 0.0 76.7
v 1.346 0.0 82.6
v 1.346 0.0 88.5
v 1.346 0.0 94.4
v 1.346 0.0 100.3
v 1.346 0.0 106.2
v 1.346 0.0 112.1
v 1.346 0.0 118.0
f 1 22 23
f 1 23 2
f 2 23 24
f 2 24 3
f 3 24 25
f 3 25 4
f 4 25 26
f 4 26 5
f 5 26 27
f 5 27 6
f 6 27 28
f 6 28 7
f 7 28 29
f 7 29 8
f 8 29 30
f 8 30 9
f 9 30 31
f 9 31 10
f 10 31 32
f 10 32 11
f 11 32 33
f 11 33 12
f 12 33 34
f 12 34 13
f 13 34 35
f 13 35 14
f 14 35 36
f 14 36 15
f 15 36 37
f 15 37 16
f 16 37 38
f 16 38 17
f 17 38 39
f 17 39 18
f 18 39 40
f 18 40 19
f 19 40 41
f 19 41 20
f 20 41 42
f 20 42 21
f 22 43 44
f 22 44 23
f 23 44 45
f 23 45 24
f 24 45 46
f 24 46 25
f 25 46 47
f 25 47 26
f 26 47 48
f 26 48 27
f 27 48 49
f 27 49 28
f 28 49 50
f 28 50 29
f 29 50 51
f 29 51 30
f 30 51 52
f 30 52 31
f 31 52 53
f 31 53 32
f 32 53 54
f 32 54 33
f 33 54 55
f 33 55 34
f 34 55 56
f 34 56 35
f 35 56 57
f 35 57 36
f 36 57 58
f 36 58 37
f 37 58 59
f 37 59 38
f 38 59 60
f 38 60 39
f 39 60 61
f 39 61 40
f 40 61 62
f 40 62 41
f 41 62 63
f 41 63 42
f 43 64 65
f 43 65 44
f 44 65 66
f 44 66 45
f 45 66 67
f 45 67 46
f 46 67 68
f 46 68 47
f 47 68 69
f 47 69 48
f 48 69 70
f 48 70 49
f 49 70 71
f 49 71 50
f 50 71 72
f 50 72 51
f 51 72 73
f 51 73 52
f 52 73 74
f 52 74 53
f 53 74 75
f 53 75 54
f 54 75 76
f 54 76 55
f 55 76 77
f 55 77 56
f 56 77 78
f 56 78 57
f 57 78 79
f 57 79 58
f 58 79 80
f 58 80 59
f 59 80 81
f 59 81 60
f 60 81 82
f 60 82 61
f 61 82 83
f 61 83 62
f 62 83 84
f 62 84 63
f 64 85 86
f 64 86 65
f 65 86 87
f 65 87 66
f 66 87 88
f 66 88 67
f 67 88 89
f 67 89 68
f 68 89 90
f 68 90 69
f 69 90 91
f 69 91 70
f 70 91 92
f 70 92 71
f 71 92 93
f 71 93 72
f 72 93 94
f 72 94 73
f 73 94 95
f 73 95 74
f 74 95 96
f 74 96 75
f 75 96 97
f 75 97 76
f 76 97 98
f 76 98 77
f 77 98 99
f 77 99 78
f 78 99 100
f 78 100 79
f 79 100 101
f 79 101 80
f 80 101 102
f 80 102 81
f 81 102 103
f 81 103 82
f 82 103 104
f 82 104 83
f 83 104 105
f 83 105 84
f 85 106 107
f 85 107 86
f 86 107 108
f 86 108 87
f 87 108 109
f 87 109 88
f 88 109 110
f 88 110 89
f 89 110 111
f 89 111 90
f 90 111 112
f 90 112 91
f 91 112 113
f 91 113 92
f 92 113 114
f 92 114 93
f 93 114 115
f 93 115 94
f 94 115 116
f 94 116 95
f 95 116 117
f 95 117 96
f 96 117 118
f 96 118 97
f 97 118 119
f 97 119 98
f 98 119 120
f 98 120 99
f 99 120 121
f 99 121 100
f 100 121 122
f 100 122 101
f 101 122 123
f 101 123 102
f 102 123 124
f 102 124 103
f 103 124 125
f 103 125 104
f 104 125 126
f 104 126 105
f 106 127 128
f 106 128 107
f 107 128 129
f 107 129 108
f 108 129 130
f 108 130 109
f 109 130 131
f 109 131 110
f 110 131 132
f 110 132 111
f 111 132 133
f 111 133 112
f 112 133 134
f 112 134 113
f 113 134 135
f 113 135 114
f 114 135 136
f 114 136 115
f 115 136 137
f 115 137 116
f 116 137 138
f 116 138 117
f 117 138 139
f 117 139 118
f 118 139 140
f 118 140 119
f 119 140 141
f 119 141 120
f 120 141 142
f 120 142 121
f 121 142 143
f 121 143 122
f 122 143 144
f 122 144 123
f 123 144 145
f 123 145 124
f 124 145 146
f 124 146 125
f 125 146 147
f 125 147 126
f 127 148 149
f 127 149 128
f 128 149 150
f 128 150 129
f 129 150 151
f 129 151 130
f 130 151 152
f 130 152 131
f 131 152 153
f 131 153 132
f 132 153 154
f 132 154 133
f 133 154 155
f 133 155 134
f 134 155 156
f 134 156 135
f 135 156 157
f 135 157 136
f 136 157 158
f 136 158 137
f 137 158 159
f 137 159 138
f 138 159 160
f 138 160 139
f 139 160 161
f 139 161 140
f 140 161 162
f 140 162 141
f 141 162 163
f 141 163 142
f 142 163 164
f 142 164 143
f 143 164 165
f 143 165 144
f 144 165 166
f 144 166 145
f 145 166 167
f 145 167 146
f 146 167 168
f 146 168 147
f 148 169 170
f 148 170 149
f 149 170 171
f 149 171 150
f 150 171 172
f 150 172 151
f 151 172 173
f 151 173 152
f 152 173 174
f 152 174 153
f 153 174 175
f 153 175 154
f 154 175 176
f 154 176 155
f 155 176 177
f 155 177 156
f 156 177 178
f 156 178 157
f 157 178 179
f 157 179 158
f 158 179 180
f 158 180 159
f 159 180 181
f 159 181 160
f 160 181 182
f 160 182 161
f 161 182 183
f 161 183 162
f 162 183 184
f 162 184 163
f 163 184 185
f 163 185 164
f 164 185 186
f 164 186 165
f 165 186 187
f 165 187 166
f 166 187 188
f 166 188 167
f 167 188 189
f 167 189 168
f 169 190 191
f 169 191 170
f 170 191 192
f 170 192 171
f 171 192 193
f 171 193 172
f 172 193 194
f 172 194 173
f 173 194 195
f 173 195 174
f 174 195 196
f 174 196 175
f 175 196 197
f 175 197 176
f 176 197 198
f 176 198 177
f 177 198 199
f 177 199 178
f 178 199 200
f 178 200 179
f 179 200 201
f 179 201 180
f 180 201 202
f 180 202 181
f 181 202 203
f 181 203 182
f 182 203 204
f 182 204 183
f 183 204 205
f 183 205 184
f 184 205 206
f 184 206 185
f 185 206 207
f 185 207 186
f 186 207 208
f 186 208 187
f 187 208 209
f 187 209 188
f 188 209 210
f 188 210 189
f 190 211 212
f 190 212 191
f 191 212 213
f 191 213 192
f 192 213 214
f 192 214 193
f 193 214 215
f 193 215 194
f 194 215 216
f 194 216 195
f 195 216 217
f 195 217 196
f 196 217 218
f 196 218 197
f 197 218 219
f 197 219 198
f 198 219 220
f 198 220 199
f 199 220 221
f 199 221 200
f 200 221 222
f 200 222 201
f 201 222 223
f 201 223 202
f 202 223 224
f 202 224 203
f 203 224 225
f 203 225 204
f 204 225 226
f 204 226 205
f 205 226 227
f 205 227 206
f 206 227 228
f 206 228 207
f 207 228 229
f 207 229 208
f 208 229 230
f 208 230 209
f 209 230 231
f 209 231 210
f 211 232 233
f 211 233 212
f 212 233 234
f 212 234 213
f 213 234 235
f 213 235 214
f 214 235 236
f 214 236 215
f 215 236 237
f 215 237 216
f 216 237 238
f 216 238 217
f 217 238 239
f 217 239 218
f 218 239 240
f 218 240 219
f 219 240 241
f 219 241 220
f 220 241 242
f 220 242 221
f 221 242 243
f 221 243 222
f 222 243 244
f 222 244 223
f 223 244 245
f 223 245 224
f 224 245 246
f 224 246 225
f 225 246 247
f 225 247 226
f 226 247 248
f 226 248 227
f 227 248 249
f 227 249 228
f 228 249 250
f 228 250 229
f 229 250 251
f 229 251 230
f 230 251 252
f 230 252 231
f 232 253 254
f 232 254 233
f 233 254 255
f 233 255 234
f 234 255 256
f 234 256 235
f 235 256 257
f 235 257 236
f 236 257 258
f 236 258 237
f 237 258 259
f 237 259 238
f 238 259 260
f 238 260 239
f 239 260 261
f 239 261 240
f 240 261 262
f 240 262 241
f 241 262 263
f 241 263 242
f 242 263 264
f 242 264 243
f 243 264 265
f 243 265 244
f 244 265 266
f 244 266 245
f 245 266 267
f 245 267 246
f 246 267 268
f 246 268 247
f 247 268 269
f 247 269 248
f 248 269 270
f 248 270 249
f 249 270 271
f 249 271 250
f 250 271 272
f 250 272 251
f 251 272 273
f 251 273 252
f 253 274 275
f 253 275 254
f 254 275 276
f 254 276 255
f 255 276 277
f 255 277 256
f 256 277 278
f 256 278 257
f 257 278 279
f 257 279 258
f 258 279 280
f 258 280 259
f 259 280 281
f 259 281 260
f 260 281 282
f 260 282 261
f 261 282 283
f 261 283 262
f 262 283 284
f 262 284 263
f 263 284 285
f 263 285 264
f 264 285 286
f 264 286 265
f 265 286 287
f 265 287 266
f 266 287 288
f 266 288 267
f 267 288 289
f 267 289 268
f 268 289 290
f 268 290 269
f 269 290 291
f 269 291 270
f 270 291 292
f 270 292 271
f 271 292 293
f 271 293 272
f 272 293 294
f 272 294 273
f 274 295 296
f 274 296 275
f 275 296 297
f 275 297 276
f 276 297 298
f 276 298 277
f 277 298 299
f 277 299 278
f 278 299 300
f 278 300 279
f 279 300 301
f 279 301 280
f 280 301 302
f 280 302 281
f 281 302 303
f 281 303 282
f 282 303 304
f 282 304 283
f 283 304 305
f 283 305 284
f 284 305 306
f 284 306 285
f 285 306 307
f 285 307 286
f 286 307 308
f 286 308 287
f 287 308 309
f 287 309 288
f 288 309 310
f 288 310 289
f 289 310 311
f 289 311 290
f 290 311 312
f 290 312 291
f 291 312 313
f 291 313 292
f 292 313 314
f 292 314 293
f 293 314 315
f 293 315 294
f 295 316 317
f 295 317 296
f 296 317 318
f 296 318 297
f 297 318 319
f 297 319 298
f 298 319 320
f 298 320 299
f 299 320 321
f 299 321 300
f 300 321 322
f 300 322 301
f 301 322 323
f 301 323 302
f 302 323 324
f 302 324 303
f 303 324 325
f 303 325 304
f 304 325 326
f 304 326 305
f 305 326 327
f 305 327 306
f 306 327 328
f 306 328 307
f 307 328 329
f 307 329 308
f 308 329 330
f 308 330 309
f 309 330 331
f 309 331 310
f 310 331 332
f 310 332 311
f 311 332 333
f 311 333 312
f 312 333 334
f 312 334 313
f 313 334 335
f 313 335 314
f 314 335 336
f 314 336 315
f 316 337 338
f 316 338 317
f 317 338 339
f 317 339 318
f 318 339 340
f 318 340 319
f 319 340 341
f 319 341 320
f 320 341 342
f 320 342 321
f 321 342 343
f 321 343 322
f 322 343 344
f 322 344 323
f 323 344 345
f 323 345 324
f 324 345 346
f 324 346 325
f 325 346 347
f 325 347 326
f 326 347 348
f 326 348 327
f 327 348 349
f 327 349 328
f 328 349 350
f 328 350 329
f 329 350 351
f 329 351 330
f 330 351 352
f 330 352 331
f 331 352 353
f 331 353 332
f 332 353 354
f 332 354 333
f 333 354 355
f 333 355 334
f 334 355 356
f 334 356 335
f 335 356 357
f 335 357 336
f 337 358 359
f 337 359 338
f 338 359 360
f 338 360 339
f 339 360 361
f 339 361 340
f 340 361 362
f 340 362 341
f 341 362 363
f 341 363 342
f 342 363 364
f 342 364 343
f 343 364 365
f 343 365 344
f 344 365 366
f 344 366 345
f 345 366 367
f 345 367 346
f 346 367 368
f 346 368 347
f 347 368 369
f 347 369 348
f 348 369 370
f 348 370 349
f 349 370 371
f 349 371 350
f 350 371 372
f 350 372 351
f 351 372 373
f 351 373 352
f 352 373 374
f 352 374 353
f 353 374 375
f 353 375 354
f 354 375 376
f 354 376 355
f 355 376 377
f 355 377 356
f 356 377 378
f 356 378 357
f 358 379 380
f 358 380 359
f 359 380 381
f 359 381 360
f 360 381 382
f 360 382 361
f 361 382 383
f 361 383 362
f 362 383 384
f 362 384 363
f 363 384 385
f 363 385 364
f 364 385 386
f 364 386 365
f 365 386 387
f 365 387 366
f 366 387 388
f 366 388 367
f 367 388 389
f 367 389 368
f 368 389 390
f 368 390 369
f 369 390 391
f 369 391 370
f 370 391 392
f 370 392 371
f 371 392 393
f 371 393 372
f 372 393 394
f 372 394 373
f 373 394 395
f 373 395 374
f 374 395 396
f 374 396 375
f 375 396 397
f 375 397 376
f 376 397 398
f 376 398 377
f 377 398 399
f 377 399 378
f 379 400 401
f 379 401 380
f 380 401 402
f 380 402 381
f 381 402 403
f 381 403 382
f 382 403 404
f 382 404 383
f 383 404 405
f 383 405 384
f 384 405 406
f 384 406 385
f 385 406 407
f 385 407 386
f 386 407 408
f 386 408 387
f 387 408 409
f 387 409 388
f 388 409 410
f 388 410 389
f 389 410 411
f 389 411 390
f 390 411 412
f 390 412 391
f 391 412 413
f 391 413 392
f 392 413 414
f 392 414 393
f 393 414 415
f 393 415 394
f 394 415 416
f 394 416 395
f 395 416 417
f 395 417 396
f 396 417 418
f 396 418 397
f 397 418 419
f 397 419 398
f 398 419 420
f 398 420 399
f 400 421 422
f 400 422 401
f 401 422 423
f 401 423 402
f 402 423 424
f 402 424 403
f 403 424 425
f 403 425 404
f 404 425 426
f 404 426 405
f 405 426 427
f 405 427 406
f 406 427 428
f 406 428 407
f 407 428 429
f 407 429 408
f 408 429 430
f 408 430 409
f 409 430 431
f 409 431 410
f 410 431 432
f 410 432 411
f 411 432 433
f 411 433 412
f 412 433 434
f 412 434 413
f 413 434 435
f 413 435 414
f 414 435 436
f 414 436 415
f 415 436 437
f 415 437 416
f 416 437 438
f 416 438 417
f 417 438 439
f 417 439 418
f 418 439 440
f 418 440 419
f 419 440 441
f 419 441 420
f 442 463 464
f 442 464 443
f 443 464 465
f 443 465 444
f 444 465 466
f 444 466 445
f 445 466 467
f 445 467 446
f 446 467 468
f 446 468 447
f 447 468 469
f 447 469 448
f 448 469 470
f 448 470 449
f 449 470 471
f 449 471 450
f 450 471 472
f 450 472 451
f 451 472 473
f 451 473 452
f 452 473 474
f 452 474 453
f 453 474 475
f 453 475 454
f 454 475 476
f 454 476 455
f 455 476 477
f 455 477 456
f 456 477 478
f 456 478 457
f 457 478 479
f 457 479 458
f 458 479 480
f 458 480 459
f 459 480 481
f 459 481 460
f 460 481 482
f 460 482 461
f 461 482 483
f 461 483 462
f 463 484 485
f 463 485 464
f 464 485 486
f 464 486 465
f 465 486 487
f 465 487 466
f 466 487 488
f 466 488 467
f 467 488 489
f 467 489 468
f 468 489 490
f 468 490 469
f 469 490 491
f 469 491 470
f 470 491 492
f 470 492 471
f 471 492 493
f 471 493 472
f 472 493 494
f 472 494 473
f 473 494 495
f 473 495 474
f 474 495 496
f 474 496 475
f 475 496 497
f 475 497 476
f 476 497 498
f 476 498 477
f 477 498 499
f 477 499 478
f 478 499 500
f 478 500 479
f 479 500 501
f 479 501 480
f 480 501 502
f 480 502 481
f 481 502 503
f 481 503 482
f 482 503 504
f 482 504 483
f 484 505 506
f 484 506 485
f 485 506 507
f 485 507 486
f 486 507 508
f 486 508 487
f 487 508 509
f 487 509 488
f 488 509 510
f 488 510 489
f 489 510 511
f 489 511 490
f 490 511 512
f 490 512 491
f 491 512 513
f 491 513 492
f 492 513 514
f 492 514 493
f 493 514 515
f 493 515 494
f 494 515 516
f 494 516 495
f 495 516 517
f 495 517 496
f 496 517 518
f 496 518 497
f 497 518 519
f 497 519 498
f 498 519 520
f 498 520 499
f 499 520 521
f 499 521 500
f 500 521 522
f 500 522 501
f 501 522 523
f 501 523 502
f 502 523 524
f 502 524 503
f 503 524 525
f 503 525 504
f 505 526 527
f 505 527 506
f 506 527 528
f 506 528 507
f 507 528 529
f 507 529 508
f 508 529 530
f 508 530 509
f 509 530 531
f 509 531 510
f 510 531 532
f 510 532 511
f 511 532 533
f 511 533 512
f 512 533 534
f 512 534 513
f 513 534 535
f 513 535 514
f 514 535 536
f 514 536 515
f 515 536 537
f 515 537 516
f 516 537 538
f 516 538 517
f 517 538 539
f 517 539 518
f 518 539 540
f 518 540 519
f 519 540 541
f 519 541 520
f 520 541 542
f 520 542 521
f 521 542 543
f 521 543 522
f 522 543 544
f 522 544 523
f 523 544 545
f 523 545 524
f 524 545 546
f 524 546 525
f 526 547 548
f 526 548 527
f 527 548 549
f 527 549 528
f 528 549 550
f 528 550 529
f 529 550 551
f 529 551 530
f 530 551 552
f 530 552 531
f 531 552 553
f 531 553 532
f 532 553 554
f 532 554 533
f 533 554 555
f 533 555 534
f 534 555 556
f 534 556 535
f 535 556 557
f 535 557 536
f 536 557 558
f 536 558 537
f 537 558 559
f 537 559 538
f 538 559 560
f 538 560 539
f 539 560 561
f 539 561 540
f 540 561 562
f 540 562 541
f 541 562 563
f 541 563 542
f 542 563 564
f 542 564 543
f 543 564 565
f 543 565 544
f 544 565 566
f 544 566 545
f 545 566 567
f 545 567 546
f 547 568 569
f 547 569 548
f 548 569 570
f 548 570 549
f 549 570 571
f 549 571 550
f 550 571 572
f 550 572 551
f 551 572 573
f 551 573 552
f 552 573 574
f 552 574 553
f 553 574 575
f 553 575 554
f 554 575 576
f 554 576 555
f 555 576 577
f 555 577 556
f 556 577 578
f 556 578 557
f 557 578 579
f 557 579 558
f 558 579 580
f 558 580 559
f 559 580 581
f 559 581 560
f 560 581 582
f 560 582 561
f 561 582 583
f 561 583 562
f 562 583 584
f 562 584 563
f 563 584 585
f 563 585 564
f 564 585 586
f 564 586 565
f 565 586 587
f 565 587 566
f 566 587 588
f 566 588 567
f 568 589 590
f 568 590 569
f 569 590 591
f 569 591 570
f 570 591 592
f 570 592 571
f 571 592 593
f 571 593 572
f 572 593 594
f 572 594 573
f 573 594 595
f 573 595 574
f 574 595 596
f 574 596 575
f 575 596 597
f 575 597 576
f 576 597 598
f 576 598 577
f 577 598 599
f 577 599 578
f 578 599 600
f 578 600 579
f 579 600 601
f 579 601 580
f 580 601 602
f 580 602 581
f 581 602 603
f 581 603 582
f 582 603 604
f 582 604 583
f 583 604 605
f 583 605 584
f 584 605 606
f 584 606 585
f 585 606 607
f 585 607 586
f 586 607 608
f 586 608 587
f 587 608 609
f 587 609 588
f 589 610 611
f 589 611 590
f 590 611 612
f 590 612 591
f 591 612 613
f 591 613 592
f 592 613 614
f 592 614 593
f 593 614 615
f 593 615 594
f 594 615 616
f 594 616 595
f 595 616 617
f 595 617 596
f 596 617 618
f 596 618 597
f 597 618 619
f 597 619 598
f 598 619 620
f 598 620 599
f 599 620 621
f 599 621 600
f 600 621 622
f 600 622 601
f 601 622 623
f 601 623 602
f 602 623 624
f 602 624 603
f 603 624 625
f 603 625 604
f 604 625 626
f 604 626 605
f 605 626 627
f 605 627 606
f 606 627 628
f 606 628 607
f 607 628 629
f 607 629 608
f 608 629 630
f 608 630 609
f 610 631 632
f 610 632 611
f 611 632 633
f 611 633 612
f 612 633 634
f 612 634 613
f 613 634 635
f 613 635 614
f 614 635 636
f 614 636 615
f 615 636 637
f 615 637 616
f 616 637 638
f 616 638 617
f 617 638 639
f 617 639 618
f 618 639 640
f 618 640 619
f 619 640 641
f 619 641 620
f 620 641 642
f 620 642 621
f 621 642 643
f 621 643 622
f 622 643 644
f 622 644 623
f 623 644 645
f 623 645 624
f 624 645 646
f 624 646 625
f 625 646 647
f 625 647 626
f 626 647 648
f 626 648 627
f 627 648 649
f 627 649 628
f 628 649 650
f 628 650 629
f 629 650 651
f 629 651 630
f 631 652 653
f 631 653 632
f 632 653 654
f 632 654 633
f 633 654 655
f 633 655 634
f 634 655 656
f 634 656 635
f 635 656 657
f 635 657 636
f 636 657 658
f 636 658 637
f 637 658 659
f 637 659 638
f 638 659 660
f 638 660 639
f 639 660 661
f 639 661 640
f 640 661 662
f 640 662 641
f 641 662 663
f 641 663 642
f 642 663 664
f 642 664 643
f 643 664 665
f 643 665 644
f 644 665 666
f 644 666 645
f 645 666 667
f 645 667 646
f 646 667 668
f 646 668 647
f 647 668 669
f 647 669 648
f 648 669 670
f 648 670 649
f 649 670 671
f 649 671 650
f 650 671 672
f 650 672 651
f 652 673 674
f 652 674 653
f 653 674 675
f 653 675 654
f 654 675 676
f 654 676 655
f 655 676 677
f 655 677 656
f 656 677 678
f 656 678 657
f 657 678 679
f 657 679 658
f 658 679 680
f 658 680 659
f 659 680 681
f 659 681 660
f 660 681 682
f 660 682 661
f 661 682 683
f 661 683 662
f 662 683 684
f 662 684 663
f 663 684 685
f 663 685 664
f 664 685 686
f 664 686 665
f 665 686 687
f 665 687 666
f 666 687 688
f 666 688 667
f 667 688 689
f 667 689 668
f 668 689 690
f 668 690 669
f 669 690 691
f 669 691 670
f 670 691 692
f 670 692 671
f 671 692 693
f 671 693 672
f 673 694 695
f 673 695 674
f 674 695 696
f 674 696 675
f 675 696 697
f 675 697 676
f 676 697 698
f 676 698 677
f 677 698 699
f 677 699 678
f 678 699 700
f 678 700 679
f 679 700 701
f 679 701 680
f 680 701 702
f 680 702 681
f 681 702 703
f 681 703 682
f 682 703 704
f 682 704 683
f 683 704 705
f 683 705 684
f 684 705 706
f 684 706 685
f 685 706 707
f 685 707 686
f 686 707 708
f 686 708 687
f 687 708 709
f 687 709 688
f 688 709 710
f 688 710 689
f 689 710 711
f 689 711 690
f 690 711 712
f 690 712 691
f 691 712 713
f 691 713 692
f 692 713 714
f 692 714 693
f 694 715 716
f 694 716 695
f 695 716 717
f 695 717 696
f 696 717 718
f 696 718 697
f 697 718 719
f 697 719 698
f 698 719 720
f 698 720 699
f 699 720 721
f 699 721 700
f 700 721 722
f 700 722 701
f 701 722 723
f 701 723 702
f 702 723 724
f 702 724 703
f 703 724 725
f 703 725 704
f 704 725 726
f 704 726 705
f 705 726 727
f 705 727 706
f 706 727 728
f 706 728 707
f 707 728 729
f 707 729 708
f 708 729 730
f 708 730 709
f 709 730 731
f 709 731 710
f 710 731 732
f 710 732 711
f 711 732 733
f 711 733 712
f 712 733 734
f 712 734 713
f 713 734 735
f 713 735 714
f 715 736 737
f 715 737 716
f 716 737 738
f 716 738 717
f 717 738 739
f 717 739 718
f 718 739 740
f 718 740 719
f 719 740 741
f 719 741 720
f 720 741 742
f 720 742 721
f 721 742 743
f 721 743 722
f 722 743 744
f 722 744 723
f 723 744 745
f 723 745 724
f 724 745 746
f 724 746 725
f 725 746 747
f 725 747 726
f 726 747 748
f 726 748 727
f 727 748 749
f 727 749 728
f 728 749 750
f 728 750 729
f 729 750 751
f 729 751 730
f 730 751 752
f 730 752 731
f 731 752 753
f 731 753 732
f 732 753 754
f 732 754 733
f 733 754 755
f 733 755 734
f 734 755 756
f 734 756 735
f 736 757 758
f 736 758 737
f 737 758 759
f 737 759 738
f 738 759 760
f 738 760 739
f 739 760 761
f 739 761 740
f 740 761 762
f 740 762 741
f 741 762 763
f 741 763 742
f 742 763 764
f 742 764 743
f 743 764 765
f 743 765 744
f 744 765 766
f 744 766 745
f 745 766 767
f 745 767 746
f 746 767 768
f 746 768 747
f 747 768 769
f 747 769 748
f 748 769 770
f 748 770 749
f 749 770 771
f 749 771 750
f 750 771 772
f 750 772 751
f 751 772 773
f 751 773 752
f 752 773 774
f 752 774 753
f 753 774 775
f 753 775 754
f 754 775 776
f 754 776 755
f 755 776 777
f 755 777 756
f 757 778 779
f 757 779 758
f 758 779 780
f 758 780 759
f 759 780 781
f 759 781 760
f 760 781 782
f 760 782 761
f 761 782 783
f 761 783 762
f 762 783 784
f 762 784 763
f 763 784 785
f 763 785 764
f 764 785 786
f 764 786 765
f 765 786 787
f 765 787 766
f 766 787 788
f 766 788 767
f 767 788 789
f 767 789 768
f 768 789 790
f 768 790 769
f 769 790 791
f 769 791 770
f 770 791 792
f 770 792 771
f 771 792 793
f 771 793 772
f 772 793 794
f 772 794 773
f 773 794 795
f 773 795 774
f 774 795 796
f 774 796 775
f 775 796 797
f 775 797 776
f 776 797 798
f 776 798 777
f 778 799 800
f 778 800 779
f 779 800 801
f 779 801 780
f 780 801 802
f 780 802 781
f 781 802 803
f 781 803 782
f 782 803 804
f 782 804 783
f 783 804 805
f 783 805 784
f 784 805 806
f 784 806 785
f 785 806 807
f 785 807 786
f 786 807 808
f 786 808 787
f 787 808 809
f 787 809 788
f 788 809 810
f 788 810 789
f 789 810 811
f 789 811 790
f 790 811 812
f 790 812 791
f 791 812 813
f 791 813 792
f 792 813 814
f 792 814 793
f 793 814 815
f 793 815 794
f 794 815 816
f 794 816 795
f 795 816 817
f 795 817 796
f 796 817 818
f 796 818 797
f 797 818 819
f 797 819 798
f 799 820 821
f 799 821 800
f 800 821 822
f 800 822 801
f 801 822 823
f 801 823 802
f 802 823 824
f 802 824 803
f 803 824 825
f 803 825 804
f 804 825 826
f 804 826 805
f 805 826 827
f 805 827 806
f 806 827 828
f 806 828 807
f 807 828 829
f 807 829 808
f 808 829 830
f 808 830 809
f 809 830 831
f 809 831 810
f 810 831 832
f 810 832 811
f 811 832 833
f 811 833 812
f 812 833 834
f 812 834 813
f 813 834 835
f 813 835 814
f 814 835 836
f 814 836 815
f 815 836 837
f 815 837 816
f 816 837 838
f 816 838 817
f 817 838 839
f 817 839 818
f 818 839 840
f 818 840 819
f 820 841 842
f 820 842 821
f 821 842 843
f 821 843 822
f 822 843 844
f 822 844 823
f 823 844 845
f 823 845 824
f 824 845 846
f 824 846 825
f 825 846 847
f 825 847 826
f 826 847 848
f 826 848 827
f 827 848 849
f 827 849 828
f 828 849 850
f 828 850 829
f 829 850 851
f 829 851 830
f 830 851 852
f 830 852 831
f 831 852 853
f 831 853 832
f 832 853 854
f 832 854 833
f 833 854 855
f 833 855 834
f 834 855 856
f 834 856 835
f 835 856 857
f 835 857 836
f 836 857 858
f 836 858 837
f 837 858 859
f 837 859 838
f 838 859 860
f 838 860 839
f 839 860 861
f 839 861 840
f 841 862 863
f 841 863 842
f 842 863 864
f 842 864 843
f 843 864 865
f 843 865 844
f 844 865 866
f 844 866 845
f 845 866 867
f 845 867 846
f 846 867 868
f 846 868 847
f 847 868 869
f 847 869 848
f 848 869 870
f 848 870 849
f 849 870 871
f 849 871 850
f 850 871 872
f 850 872 851
f 851 872 873
f 851 873 852
f 852 873 874
f 852 874 853
f 853 874 875
f 853 875 854
f 854 875 876
f 854 876 855
f 855 876 877
f 855 877 856
f 856 877 878
f 856 878 857
f 857 878 879
f 857 879 858
f 858 879 880
f 858 880 859
f 859 880 881
f 859 881 860
f 860 881 882
f 860 882 861
f 883 904 905
f 883 905 884
f 884 905 906
f 884 906 885
f 885 906 907
f 885 907 886
f 886 907 908
f 886 908 887
f 887 908 909
f 887 909 888
f 888 909 910
f 888 910 889
f 889 910 911
f 889 911 890
f 890 911 912
f 890 912 891
f 891 912 913
f 891 913 892
f 892 913 914
f 892 914 893
f 893 914 915
f 893 915 894
f 894 915 916
f 894 916 895
f 895 916 917
f 895 917 896
f 896 917 918
f 896 918 897
f 897 918 919
f 897 919 898
f 898 919 920
f 898 920 899
f 899 920 921
f 899 921 900
f 900 921 922
f 900 922 901
f 901 922 923
f 901 923 902
f 902 923 924
f 902 924 903
f 904 925 926
f 904 926 905
f 905 926 927
f 905 927 906
f 906 927 928
f 906 928 907
f 907 928 929
f 907 929 908
f 908 929 930
f 908 930 909
f 909 930 931
f 909 931 910
f 910 931 932
f 910 932 911
f 911 932 933
f 911 933 912
f 912 933 934
f 912 934 913
f 913 934 935
f 913 935 914
f 914 935 936
f 914 936 915
f 915 936 937
f 915 937 916
f 916 937 938
f 916 938 917
f 917 938 939
f 917 939 918
f 918 939 940
f 918 940 919
f 919 940 941
f 919 941 920
f 920 941 942
f 920 942 921
f 921 942 943
f 921 943 922
f 922 943 944
f 922 944 923
f 923 944 945
f 923 945 924
f 925 946 947
f 925 947 926
f 926 947 948
f 926 948 927
f 927 948 949
f 927 949 928
f 928 949 950
f 928 950 929
f 929 950 951
f 929 951 930
f 930 951 952
f 930 952 931
f 931 952 953
f 931 953 932
f 932 953 954
f 932 954 933
f 933 954 955
f 933 955 934
f 934 955 956
f 934 956 935
f 935 956 957
f 935 957 936
f 936 957 958
f 936 958 937
f 937 958 959
f 937 959 938
f 938 959 960
f 938 960 939
f 939 960 961
f 939 961 940
f 940 961 962
f 940 962 941
f 941 962 963
f 941 963 942
f 942 963 964
f 942 964 943
f 943 964 965
f 943 965 944
f 944 965 966
f 944 966 945
f 946 967 968
f 946 968 947
f 947 968 969
f 947 969 948
f 948 969 970
f 948 970 949
f 949 970 971
f 949 971 950
f 950 971 972
f 950 972 951
f 951 972 973
f 951 973 952
f 952 973 974
f 952 974 953
f 953 974 975
f 953 975 954
f 954 975 976
f 954 976 955
f 955 976 977
f 955 977 956
f 956 977 978
f 956 978 957
f 957 978 979
f 957 979 958
f 958 979 980
f 958 980 959
f 959 980 981
f 959 981 960
f 960 981 982
f 960 982 961
f 961 982 983
f 961 983 962
f 962 983 984
f 962 984 963
f 963 984 985
f 963 985 964
f 964 985 986
f 964 986 965
f 965 986 987
f 965 987 966
f 967 988 989
f 967 989 968
f 968 989 990
f 968 990 969
f 969 990 991
f 969 991 970
f 970 991 992
f 970 992 971
f 971 992 993
f 971 993 972
f 972 993 994
f 972 994 973
f 973 994 995
f 973 995 974
f 974 995 996
f 974 996 975
f 975 996 997
f 975 997 976
f 976 997 998
f 976 998 977
f 977 998 999
f 977 999 978
f 978 999 1000
f 978 1000 979
f 979 1000 1001
f 979 1001 980
f 980 1001 1002
f 980 1002 981
f 981 1002 1003
f 981 1003 982
f 982 1003 1004
f 982 1004 983
f 983 1004 1005
f 983 1005 984
f 984 1005 1006
f 984 1006 985
f 985 1006 1007
f 985 1007 986
f 986 1007 1008
f 986 1008 987
f 988 1009 1010
f 988 1010 989
f 989 1010 1011
f 989 1011 990
f 990 1011 1012
f 990 1012 991
f 991 1012 1013
f 991 1013 992
f 992 1013 1014
f 992 1014 993
f 993 1014 1015
f 993 1015 994
f 994 1015 1016
f 994 1016 995
f 995 1016 1017
f 995 1017 996
f 996 1017 1018
f 996 1018 997
f 997 1018 1019
f 997 1019 998
f 998 1019 1020
f 998 1020 999
f 999 1020 1021
f 999 1021 1000
f 1000 1021 1022
f 1000 1022 1001
f 1001 1022 1023
f 1001 1023 1002
f 1002 1023 1024
f 1002 1024 1003
f 1003 1024 1025
f 1003 1025 1004
f 1004 1025 1026
f 1004 1026 1005
f 1005 1026 1027
f 1005 1027 1006
f 1006 1027 1028
f 1006 1028 1007
f 1007 1028 1029
f 1007 1029 1008
f 1009 1030 1031
f 1009 1031 1010
f 1010 1031 1032
f 1010 1032 1011
f 1011 1032 1033
f 1011 1033 1012
f 1012 1033 1034
f 1012 1034 1013
f 1013 1034 1035
f 1013 1035 1014
f 1014 1035 1036
f 1014 1036 1015
f 1015 1036 1037
f 1015 1037 1016
f 1016 1037 1038
f 1016 1038 1017
f 1017 1038 1039
f 1017 1039 1018
f 1018 1039 1040
f 1018 1040 1019
f 1019 1040 1041
f 1019 1041 1020
f 1020 1041 1042
f 1020 1042 1021
f 1021 1042 1043
f 1021 1043 1022
f 1022 1043 1044
f 1022 1044 1023
f 1023 1044 1045
f 1023 1045 1024
f 1024 1045 1046
f 1024 1046 1025
f 1025 1046 1047
f 1025 1047 1026
f 1026 1047 1048
f 1026 1048 1027
f 1027 1048 1049
f 1027 1049 1028
f 1028 1049 1050
f 1028 1050 1029
f 1030 1051 1052
f 1030 1052 1031
f 1031 1052 1053
f 1031 1053 1032
f 1032 1053 1054
f 1032 1054 1033
f 1033 1054 1055
f 1033 1055 1034
f 1034 1055 1056
f 1034 1056 1035
f 1035 1056 1057
f 1035 1057 1036
f 1036 1057 1058
f 1036 1058 1037
f 1037 1058 1059
f 1037 1059 1038
f 1038 1059 1060
f 1038 1060 1039
f 1039 1060 1061
f 1039 1061 1040
f 1040 1061 1062
f 1040 1062 1041
f 1041 1062 1063
f 1041 1063 1042
f 1042 1063 1064
f 1042 1064 1043
f 1043 1064 1065
f 1043 1065 1044
f 1044 1065 1066
f 1044 1066 1045
f 1045 1066 1067
f 1045 1067 1046
f 1046 1067 1068
f 1046 1068 1047
f 1047 1068 1069
f 1047 1069 1048
f 1048 1069 1070
f 1048 1070 1049
f 1049 1070 1071
f 1049 1071 1050
f 1051 1072 1073
f 1051 1073 1052
f 1052 1073 1074
f 1052 1074 1053
f 1053 1074 1075
f 1053 1075 1054
f 1054 1075 1076
f 1054 1076 1055
f 1055 1076 1077
f 1055 1077 1056
f 1056 1077 1078
f 1056 1078 1057
f 1057 1078 1079
f 1057 1079 1058
f 1058 1079 1080
f 1058 1080 1059
f 1059 1080 1081
f 1059 1081 1060
f 1060 1081 1082
f 1060 1082 1061
f 1061 1082 1083
f 1061 1083 1062
f 1062 1083 1084
f 1062 1084 1063
f 1063 1084 1085
f 1063 1085 1064
f 1064 1085 1086
f 1064 1086 1065
f 1065 1086 1087
f 1065 1087 1066
f 1066 1087 1088
f 1066 1088 1067
f 1067 1088 1089
f 1067 1089 1068
f 1068 1089 1090
f 1068 1090 1069
f 1069 1090 1091
f 1069 1091 1070
f 1070 1091 1092
f 1070 1092 1071
f 1072 1093 1094
f 1072 1094 1073
f 1073 1094 1095
f 1073 1095 1074
f 1074 1095 1096
f 1074 1096 1075
f 1075 1096 1097
f 1075 1097 1076
f 1076 1097 1098
f 1076 1098 1077
f 1077 1098 1099
f 1077 1099 1078
f 1078 1099 1100
f 1078 1100 1079
f 1079 1100 1101
f 1079 1101 1080
f 1080 1101 1102
f 1080 1102 1081
f 1081 1102 1103
f 1081 1103 1082
f 1082 1103 1104
f 1082 1104 1083
f 1083 1104 1105
f 1083 1105 1084
f 1084 1105 1106
f 1084 1106 1085
f 1085 1106 1107
f 1085 1107 1086
f 1086 1107 1108
f 1086 1108 1087
f 1087 1108 1109
f 1087 1109 1088
f 1088 1109 1110
f 1088 1110 1089
f 1089 1110 1111
f 1089 1111 1090
f 1090 1111 1112
f 1090 1112 1091
f 1091 1112 1113
f 1091 1113 1092
f 1093 1114 1115
f 1093 1115 1094
f 1094 1115 1116
f 1094 1116 1095
f 1095 1116 1117
f 1095 1117 1096
f 1096 1117 1118
f 1096 1118 1097
f 1097 1118 1119
f 1097 1119 1098
f 1098 1119 1120
f 1098 1120 1099
f 1099 1120 1121
f 1099 1121 1100
f 1100 1121 1122
f 1100 1122 1101
f 1101 1122 1123
f 1101 1123 1102
f 1102 1123 1124
f 1102 1124 1103
f 1103 1124 1125
f 1103 1125 1104
f 1104 1125 1126
f 1104 1126 1105
f 1105 1126 1127
f 1105 1127 1106
f 1106 1127 1128
f 1106 1128 1107
f 1107 1128 1129
f 1107 1129 1108
f 1108 1129 1130
f 1108 1130 1109
f 1109 1130 1131
f 1109 1131 1110
f 1110 1131 1132
f 1110 1132 1111
f 1111 1132 1133
f 1111 1133 1112
f 1112 1133 1134
f 1112 1134 1113
f 1114 1135 1136
f 1114 1136 1115
f 1115 1136 1137
f 1115 1137 1116
f 1116 1137 1138
f 1116 1138 1117
f 1117 1138 1139
f 1117 1139 1118
f 1118 1139 1140
f 1118 1140 1119
f 1119 1140 1141
f 1119 1141 1120
f 1120 1141 1142
f 1120 1142 1121
f 1121 1142 1143
f 1121 1143 1122
f 1122 1143 1144
f 1122 1144 1123
f 1123 1144 1145
f 1123 1145 1124
f 1124 1145 1146
f 1124 1146 1125
f 1125 1146 1147
f 1125 1147 1126
f 1126 1147 1148
f 1126 1148 1127
f 1127 1148 1149
f 1127 1149 1128
f 1128 1149 1150
f 1128 1150 1129
f 1129 1150 1151
f 1129 1151 1130
f 1130 1151 1152
f 1130 1152 1131
f 1131 1152 1153
f 1131 1153 1132
f 1132 1153 1154
f 1132 1154 1133
f 1133 1154 1155
f 1133 1155 1134
f 1135 1156 1157
f 1135 1157 1136
f 1136 1157 1158
f 1136 1158 1137
f 1137 1158 1159
f 1137 1159 1138
f 1138 1159 1160
f 1138 1160 1139
f 1139 1160 1161
f 1139 1161 1140
f 1140 1161 1162
f 1140 1162 1141
f 1141 1162 1163
f 1141 1163 1142
f 1142 1163 1164
f 1142 1164 1143
f 1143 1164 1165
f 1143 1165 1144
f 1144 1165 1166
f 1144 1166 1145
f 1145 1166 1167
f 1145 1167 1146
f 1146 1167 1168
f 1146 1168 1147
f 1147 1168 1169
f 1147 1169 1148
f 1148 1169 1170
f 1148 1170 1149
f 1149 1170 1171
f 1149 1171 1150
f 1150 1171 1172
f 1150 1172 1151
f 1151 1172 1173
f 1151 1173 1152
f 1152 1173 1174
f 1152 1174 1153
f 1153 1174 1175
f 1153 1175 1154
f 1154 1175 1176
f 1154 1176 1155
f 1156 1177 1178
f 1156 1178 1157
f 1157 1178 1179
f 1157 1179 1158
f 1158 1179 1180
f 1158 1180 1159
f 1159 1180 1181
f 1159 1181 1160
f 1160 1181 1182
f 1160 1182 1161
f 1161 1182 1183
f 1161 1183 1162
f 1162 1183 1184
f 1162 1184 1163
f 1163 1184 1185
f 1163 1185 1164
f 1164 1185 1186
f 1164 1186 1165
f 1165 1186 1187
f 1165 1187 1166
f 1166 1187 1188
f 1166 1188 1167
f 1167 1188 1189
f 1167 1189 1168
f 1168 1189 1190
f 1168 1190 1169
f 1169 1190 1191
f 1169 1191 1170
f 1170 1191 1192
f 1170 1192 1171
f 1171 1192 1193
f 1171 1193 1172
f 1172 1193 1194
f 1172 1194 1173
f 1173 1194 1195
f 1173 1195 1174
f 1174 1195 1196
f 1174 1196 1175
f 1175 1196 1197
f 1175 1197 1176
f 1177 1198 1199
f 1177 1199 1178
f 1178 1199 1200
f 1178 1200 1179
f 1179 1200 1201
f 1179 1201 1180
f 1180 1201 1202
f 1180 1202 1181
f 1181 1202 1203
f 1181 1203 1182
f 1182 1203 1204
f 1182 1204 1183
f 1183 1204 1205
f 1183 1205 1184
f 1184 1205 1206
f 1184 1206 1185
f 1185 1206 1207
f 1185 1207 1186
f 1186 1207 1208
f 1186 1208 1187
f 1187 1208 1209
f 1187 1209 1188
f 1188 1209 1210
f 1188 1210 1189
f 1189 1210 1211
f 1189 1211 1190
f 1190 1211 1212
f 1190 1212 1191
f 1191 1212 1213
f 1191 1213 1192
f 1192 1213 1214
f 1192 1214 1193
f 1193 1214 1215
f 1193 1215 1194
f 1194 1215 1216
f 1194 1216 1195
f 1195 1216 1217
f 1195 1217 1196
f 1196 1217 1218
f 1196 1218 1197
f 1198 1219 1220
f 1198 1220 1199
f 1199 1220 1221
f 1199 1221 1200
f 1200 1221 1222
f 1200 1222 1201
f 1201 1222 1223
f 1201 1223 1202
f 1202 1223 1224
f 1202 1224 1203
f 1203 1224 1225
f 1203 1225 1204
f 1204 1225 1226
f 1204 1226 1205
f 1205 1226 1227
f 1205 1227 1206
f 1206 1227 1228
f 1206 1228 1207
f 1207 1228 1229
f 1207 1229 1208
f 1208 1229 1230
f 1208 1230 1209
f 1209 1230 1231
f 1209 1231 1210
f 1210 1231 1232
f 1210 1232 1211
f 1211 1232 1233
f 1211 1233 1212
f 1212 1233 1234
f 1212 1234 1213
f 1213 1234 1235
f 1213 1235 1214
f 1214 1235 1236
f 1214 1236 1215
f 1215 1236 1237
f 1215 1237 1216
f 1216 1237 1238
f 1216 1238 1217
f 1217 1238 1239
f 1217 1239 1218
f 1219 1240 1241
f 1219 1241 1220
f 1220 1241 1242
f 1220 1242 1221
f 1221 1242 1243
f 1221 1243 1222
f 1222 1243 1244
f 1222 1244 1223
f 1223 1244 1245
f 1223 1245 1224
f 1224 1245 1246
f 1224 1246 1225
f 1225 1246 1247
f 1225 1247 1226
f 1226 1247 1248
f 1226 1248 1227
f 1227 1248 1249
f 1227 1249 1228
f 1228 1249 1250
f 1228 1250 1229
f 1229 1250 1251
f 1229 1251 1230
f 1230 1251 1252
f 1230 1252 1231
f 1231 1252 1253
f 1231 1253 1232
f 1232 1253 1254
f 1232 1254 1233
f 1233 1254 1255
f 1233 1255 1234
f 1234 1255 1256
f 1234 1256 1235
f 1235 1256 1257
f 1235 1257 1236
f 1236 1257 1258
f 1236 1258 1237
f 1237 1258 1259
f 1237 1259 1238
f 1238 1259 1260
f 1238 1260 1239
f 1240 1261 1262
f 1240 1262 1241
f 1241 1262 1263
f 1241 1263 1242
f 1242 1263 1264
f 1242 1264 1243
f 1243 1264 1265
f 1243 1265 1244
f 1244 1265 1266
f 1244 1266 1245
f 1245 1266 1267
f 1245 1267 1246
f 1246 1267 1268
f 1246 1268 1247
f 1247 1268 1269
f 1247 1269 1248
f 1248 1269 1270
f 1248 1270 1249
f 1249 1270 1271
f 1249 1271 1250
f 1250 1271 1272
f 1250 1272 1251
f 1251 1272 1273
f 1251 1273 1252
f 1252 1273 1274
f 1252 1274 1253
f 1253 1274 1275
f 1253 1275 1254
f 1254 1275 1276
f 1254 1276 1255
f 1255 1276 1277
f 1255 1277 1256
f 1256 1277 1278
f 1256 1278 1257
f 1257 1278 1279
f 1257 1279 1258
f 1258 1279 1280
f 1258 1280 1259
f 1259 1280 1281
f 1259 1281 1260
f 1261 1282 1283
f 1261 1283 1262
f 1262 1283 1284
f 1262 1284 1263
f 1263 1284 1285
f 1263 1285 1264
f 1264 1285 1286
f 1264 1286 1265
f 1265 1286 1287
f 1265 1287 1266
f 1266 1287 1288
f 1266 1288 1267
f 1267 1288 1289
f 1267 1289 1268
f 1268 1289 1290
f 1268 1290 1269
f 1269 1290 1291
f 1269 1291 1270
f 1270 1291 1292
f 1270 1292 1271
f 1271 1292 1293
f 1271 1293 1272
f 1272 1293 1294
f 1272 1294 1273
f 1273 1294 1295
f 1273 1295 1274
f 1274 1295 1296
f 1274 1296 1275
f 1275 1296 1297
f 1275 1297 1276
f 1276 1297 1298
f 1276 1298 1277
f 1277 1298 1299
f 1277 1299 1278
f 1278 1299 1300
f 1278 1300 1279
f 1279 1300 1301
f 1279 1301 1280
f 1280 1301 1302
f 1280 1302 1281
f 1282 1303 1304
f 1282 1304 1283
f 1283 1304 1305
f 1283 1305 1284
f 1284 1305 1306
f 1284 1306 1285
f 1285 1306 1307
f 1285 1307 1286
f 1286 1307 1308
f 1286 1308 1287
f 1287 1308 1309
f 1287 1309 1288
f 1288 1309 1310
f 1288 1310 1289
f 1289 1310 1311
f 1289 1311 1290
f 1290 1311 1312
f 1290 1312 1291
f 1291 1312 1313
f 1291 1313 1292
f 1292 1313 1314
f 1292 1314 1293
f 1293 1314 1315
f 1293 1315 1294
f 1294 1315 1316
f 1294 1316 1295
f 1295 1316 1317
f 1295 1317 1296
f 1296 1317 1318
f 1296 1318 1297
f 1297 1318 1319
f 1297 1319 1298
f 1298 1319 1320
f 1298 1320 1299
f 1299 1320 1321
f 1299 1321 1300
f 1300 1321 1322
f 1300 1322 1301
f 1301 1322 1323
f 1301 1323 1302
f 1324 1345 1346
f 1324 1346 1325
f 1325 1346 1347
f 1325 1347 1326
f 1326 1347 1348
f 1326 1348 1327
f 1327 1348 1349
f 1327 1349 1328
f 1328 1349 1350
f 1328 1350 1329
f 1329 1350 1351
f 1329 1351 1330
f 1330 1351 1352
f 1330 1352 1331
f 1331 1352 1353
f 1331 1353 1332
f 1332 1353 1354
f 1332 1354 1333
f 1333 1354 1355
f 1333 1355 1334
f 1334 1355 1356
f 1334 1356 1335
f 1335 1356 1357
f 1335 1357 1336
f 1336 1357 1358
f 1336 1358 1337
f 1337 1358 1359
f 1337 1359 1338
f 1338 1359 1360
f 1338 1360 1339
f 1339 1360 1361
f 1339 1361 1340
f 1340 1361 1362
f 1340 1362 1341
f 1341 1362 1363
f 1341 1363 1342
f 1342 1363 1364
f 1342 1364 1343
f 1343 1364 1365
f 1343 1365 1344
f 1345 1366 1367
f 1345 1367 1346
f 1346 1367 1368
f 1346 1368 1347
f 1347 1368 1369
f 1347 1369 1348
f 1348 1369 1370
f 1348 1370 1349
f 1349 1370 1371
f 1349 1371 1350
f 1350 1371 1372
f 1350 1372 1351
f 1351 1372 1373
f 1351 1373 1352
f 1352 1373 1374
f 1352 1374 1353
f 1353 1374 1375
f 1353 1375 1354
f 1354 1375 1376
f 1354 1376 1355
f 1355 1376 1377
f 1355 1377 1356
f 1356 1377 1378
f 1356 1378 1357
f 1357 1378 1379
f 1357 1379 1358
f 1358 1379 1380
f 1358 1380 1359
f 1359 1380 1381
f 1359 1381 1360
f 1360 1381 1382
f 1360 1382 1361
f 1361 1382 1383
f 1361 1383 1362
f 1362 1383 1384
f 1362 1384 1363
f 1363 1384 1385
f 1363 1385 1364
f 1364 1385 1386
f 1364 1386 1365
f 1366 1387 1388
f 1366 1388 1367
f 1367 1388 1389
f 1367 1389 1368
f 1368 1389 1390
f 1368 1390 1369
f 1369 1390 1391
f 1369 1391 1370
f 1370 1391 1392
f 1370 1392 1371
f 1371 1392 1393
f 1371 1393 1372
f 1372 1393 1394
f 1372 1394 1373
f 1373 1394 1395
f 1373 1395 1374
f 1374 1395 1396
f 1374 1396 1375
f 1375 1396 1397
f 1375 1397 1376
f 1376 1397 1398
f 1376 1398 1377
f 1377 1398 1399
f 1377 1399 1378
f 1378 1399 1400
f 1378 1400 1379
f 1379 1400 1401
f 1379 1401 1380
f 1380 1401 1402
f 1380 1402 1381
f 1381 1402 1403
f 1381 1403 1382
f 1382 1403 1404
f 1382 1404 1383
f 1383 1404 1405
f 1383 1405 1384
f 1384 1405 1406
f 1384 1406 1385
f 1385 1406 1407
f 1385 1407 1386
f 1387 1408 1409
f 1387 1409 1388
f 1388 1409 1410
f 1388 1410 1389
f 1389 1410 1411
f 1389 1411 1390
f 1390 1411 1412
f 1390 1412 1391
f 1391 1412 1413
f 1391 1413 1392
f 1392 1413 1414
f 1392 1414 1393
f 1393 1414 1415
f 1393 1415 1394
f 1394 1415 1416
f 1394 1416 1395
f 1395 1416 1417
f 1395 1417 1396
f 1396 1417 1418
f 1396 1418 1397
f 1397 1418 1419
f 1397 1419 1398
f 1398 1419 1420
f 1398 1420 1399
f 1399 1420 1421
f 1399 1421 1400
f 1400 1421 1422
f 1400 1422 1401
f 1401 1422 1423
f 1401 1423 1402
f 1402 1423 1424
f 1402 1424 1403
f 1403 1424 1425
f 1403 1425 1404
f 1404 1425 1426
f 1404 1426 1405
f 1405 1426 1427
f 1405 1427 1406
f 1406 1427 1428
f 1406 1428 1407
f 1408 1429 1430
f 1408 1430 1409
f 1409 1430 1431
f 1409 1431 1410
f 1410 1431 1432
f 1410 1432 1411
f 1411 1432 1433
f 1411 1433 1412
f 1412 1433 1434
f 1412 1434 1413
f 1413 1434 1435
f 1413 1435 1414
f 1414 1435 1436
f 1414 1436 1415
f 1415 1436 1437
f 1415 1437 1416
f 1416 1437 1438
f 1416 1438 1417
f 1417 1438 1439
f 1417 1439 1418
f 1418 1439 1440
f 1418 1440 1419
f 1419 1440 1441
f 1419 1441 1420
f 1420 1441 1442
f 1420 1442 1421
f 1421 1442 1443
f 1421 1443 1422
f 1422 1443 1444
f 1422 1444 1423
f 1423 1444 1445
f 1423 1445 1424
f 1424 1445 1446
f 1424 1446 1425
f 1425 1446 1447
f 1425 1447 1426
f 1426 1447 1448
f 1426 1448 1427
f 1427 1448 1449
f 1427 1449 1428
f 1429 1450 1451
f 1429 1451 1430
f 1430 1451 1452
f 1430 1452 1431
f 1431 1452 1453
f 1431 1453 1432
f 1432 1453 1454
f 1432 1454 1433
f 1433 1454 1455
f 1433 1455 1434
f 1434 1455 1456
f 1434 1456 1435
f 1435 1456 1457
f 1435 1457 1436
f 1436 1457 1458
f 1436 1458 1437
f 1437 1458 1459
f 1437 1459 1438
f 1438 1459 1460
f 1438 1460 1439
f 1439 1460 1461
f 1439 1461 1440
f 1440 1461 1462
f 1440 1462 1441
f 1441 1462 1463
f 1441 1463 1442
f 1442 1463 1464
f 1442 1464 1443
f 1443 1464 1465
f 1443 1465 1444
f 1444 1465 1466
f 1444 1466 1445
f 1445 1466 1467
f 1445 1467 1446
f 1446 1467 1468
f 1446 1468 1447
f 1447 1468 1469
f 1447 1469 1448
f 1448 1469 1470
f 1448 1470 1449
f 1450 1471 1472
f 1450 1472 1451
f 1451 1472 1473
f 1451 1473 1452
f 1452 1473 1474
f 1452 1474 1453
f 1453 1474 1475
f 1453 1475 1454
f 1454 1475 1476
f 1454 1476 1455
f 1455 1476 1477
f 1455 1477 1456
f 1456 1477 1478
f 1456 1478 1457
f 1457 1478 1479
f 1457 1479 1458
f 1458 1479 1480
f 1458 1480 1459
f 1459 1480 1481
f 1459 1481 1460
f 1460 1481 1482
f 1460 1482 1461
f 1461 1482 1483
f 1461 1483 1462
f 1462 1483 1484
f 1462 1484 1463
f 1463 1484 1485
f 1463 1485 1464
f 1464 1485 1486
f 1464 1486 1465
f 1465 1486 1487
f 1465 1487 1466
f 1466 1487 1488
f 1466 1488 1467
f 1467 1488 1489
f 1467 1489 1468
f 1468 1489 1490
f 1468 1490 1469
f 1469 1490 1491
f 1469 1491 1470
f 1471 1492 1493
f 1471 1493 1472
f 1472 1493 1494
f 1472 1494 1473
f 1473 1494 1495
f 1473 1495 1474
f 1474 1495 1496
f 1474 1496 1475
f 1475 1496 1497
f 1475 1497 1476
f 1476 1497 1498
f 1476 1498 1477
f 1477 1498 1499
f 1477 1499 1478
f 1478 1499 1500
f 1478 1500 1479
f 1479 1500 1501
f 1479 1501 1480
f 1480 1501 1502
f 1480 1502 1481
f 1481 1502 1503
f 1481 1503 1482
f 1482 1503 1504
f 1482 1504 1483
f 1483 1504 1505
f 1483 1505 1484
f 1484 1505 1506
f 1484 1506 1485
f 1485 1506 1507
f 1485 1507 1486
f 1486 1507 1508
f 1486 1508 1487
f 1487 1508 1509
f 1487 1509 1488
f 1488 1509 1510
f 1488 1510 1489
f 1489 1510 1511
f 1489 1511 1490
f 1490 1511 1512
f 1490 1512 1491
f 1492 1513 1514
f 1492 1514 1493
f 1493 1514 1515
f 1493 1515 1494
f 1494 1515 1516
f 1494 1516 1495
f 1495 1516 1517
f 1495 1517 1496
f 1496 1517 1518
f 1496 1518 1497
f 1497 1518 1519
f 1497 1519 1498
f 1498 1519 1520
f 1498 1520 1499
f 1499 1520 1521
f 1499 1521 1500
f 1500 1521 1522
f 1500 1522 1501
f 1501 1522 1523
f 1501 1523 1502
f 1502 1523 1524
f 1502 1524 1503
f 1503 1524 1525
f 1503 1525 1504
f 1504 1525 1526
f 1504 1526 1505
f 1505 1526 1527
f 1505 1527 1506
f 1506 1527 1528
f 1506 1528 1507
f 1507 1528 1529
f 1507 1529 1508
f 1508 1529 1530
f 1508 1530 1509
f 1509 1530 1531
f 1509 1531 1510
f 1510 1531 1532
f 1510 1532 1511
f 1511 1532 1533
f 1511 1533 1512
f 1513 1534 1535
f 1513 1535 1514
f 1514 1535 1536
f 1514 1536 1515
f 1515 1536 1537
f 1515 1537 1516
f 1516 1537 1538
f 1516 1538 1517
f 1517 1538 1539
f 1517 1539 1518
f 1518 1539 1540
f 1518 1540 1519
f 1519 1540 1541
f 1519 1541 1520
f 1520 1541 1542
f 1520 1542 1521
f 1521 1542 1543
f 1521 1543 1522
f 1522 1543 1544
f 1522 1544 1523
f 1523 1544 1545
f 1523 1545 1524
f 1524 1545 1546
f 1524 1546 1525
f 1525 1546 1547
f 1525 1547 1526
f 1526 1547 1548
f 1526 1548 1527
f 1527 1548 1549
f 1527 1549 1528
f 1528 1549 1550
f 1528 1550 1529
f 1529 1550 1551
f 1529 1551 1530
f 1530 1551 1552
f 1530 1552 1531
f 1531 1552 1553
f 1531 1553 1532
f 1532 1553 1554
f 1532 1554 1533
f 1534 1555 1556
f 1534 1556 1535
f 1535 1556 1557
f 1535 1557 1536
f 1536 1557 1558
f 1536 1558 1537
f 1537 1558 1559
f 1537 1559 1538
f 1538 1559 1560
f 1538 1560 1539
f 1539 1560 1561
f 1539 1561 1540
f 1540 1561 1562
f 1540 1562 1541
f 1541 1562 1563
f 1541 1563 1542
f 1542 1563 1564
f 1542 1564 1543
f 1543 1564 1565
f 1543 1565 1544
f 1544 1565 1566
f 1544 1566 1545
f 1545 1566 1567
f 1545 1567 1546
f 1546 1567 1568
f 1546 1568 1547
f 1547 1568 1569
f 1547 1569 1548
f 1548 1569 1570
f 1548 1570 1549
f 1549 1570 1571
f 1549 1571 1550
f 1550 1571 1572
f 1550 1572 1551
f 1551 1572 1573
f 1551 1573 1552
f 1552 1573 1574
f 1552 1574 1553
f 1553 1574 1575
f 1553 1575 1554
f 1555 1576 1577
f 1555 1577 1556
f 1556 1577 1578
f 1556 1578 1557
f 1557 1578 1579
f 1557 1579 1558
f 1558 1579 1580
f 1558 1580 1559
f 1559 1580 1581
f 1559 1581 1560
f 1560 1581 1582
f 1560 1582 1561
f 1561 1582 1583
f 1561 1583 1562
f 1562 1583 1584
f 1562 1584 1563
f 1563 1584 1585
f 1563 1585 1564
f 1564 1585 1586
f 1564 1586 1565
f 1565 1586 1587
f 1565 1587 1566
f 1566 1587 1588
f 1566 1588 1567
f 1567 1588 1589
f 1567 1589 1568
f 1568 1589 1590
f 1568 1590 1569
f 1569 1590 1591
f 1569 1591 1570
f 1570 1591 1592
f 1570 1592 1571
f 1571 1592 1593
f 1571 1593 1572
f 1572 1593 1594
f 1572 1594 1573
f 1573 1594 1595
f 1573 1595 1574
f 1574 1595 1596
f 1574 1596 1575
f 1576 1597 1598
f 1576 1598 1577
f 1577 1598 1599
f 1577 1599 1578
f 1578 1599 1600
f 1578 1600 1579
f 1579 1600 1601
f 1579 1601 1580
f 1580 1601 1602
f 1580 1602 1581
f 1581 1602 1603
f 1581 1603 1582
f 1582 1603 1604
f 1582 1604 1583
f 1583 1604 1605
f 1583 1605 1584
f 1584 1605 1606
f 1584 1606 1585
f 1585 1606 1607
f 1585 1607 1586
f 1586 1607 1608
f 1586 1608 1587
f 1587 1608 1609
f 1587 1609 1588
f 1588 1609 1610
f 1588 1610 1589
f 1589 1610 1611
f 1589 1611 1590
f 1590 1611 1612
f 1590 1612 1591
f 1591 1612 1613
f 1591 1613 1592
f 1592 1613 1614
f 1592 1614 1593
f 1593 1614 1615
f 1593 1615 1594
f 1594 1615 1616
f 1594 1616 1595
f 1595 1616 1617
f 1595 1617 1596
f 1597 1618 1619
f 1597 1619 1598
f 1598 1619 1620
f 1598 1620 1599
f 1599 1620 1621
f 1599 1621 1600
f 1600 1621 1622
f 1600 1622 1601
f 1601 1622 1623
f 1601 1623 1602
f 1602 1623 1624
f 1602 1624 1603
f 1603 1624 1625
f 1603 1625 1604
f 1604 1625 1626
f 1604 1626 1605
f 1605 1626 1627
f 1605 1627 1606
f 1606 1627 1628
f 1606 1628 1607
f 1607 1628 1629
f 1607 1629 1608
f 1608 1629 1630
f 1608 1630 1609
f 1609 1630 1631
f 1609 1631 1610
f 1610 1631 1632
f 1610 1632 1611
f 1611 1632 1633
f 1611 1633 1612
f 1612 1633 1634
f 1612 1634 1613
f 1613 1634 1635
f 1613 1635 1614
f 1614 1635 1636
f 1614 1636 1615
f 1615 1636 1637
f 1615 1637 1616
f 1616 1637 1638
f 1616 1638 1617
f 1618 1639 1640
f 1618 1640 1619
f 1619 1640 1641
f 1619 1641 1620
f 1620 1641 1642
f 1620 1642 1621
f 1621 1642 1643
f 1621 1643 1622
f 1622 1643 1644
f 1622 1644 1623
f 1623 1644 1645
f 1623 1645 1624
f 1624 1645 1646
f 1624 1646 1625
f 1625 1646 1647
f 1625 1647 1626
f 1626 1647 1648
f 1626 1648 1627
f 1627 1648 1649
f 1627 1649 1628
f 1628 1649 1650
f 1628 1650 1629
f 1629 1650 1651
f 1629 1651 1630
f 1630 1651 1652
f 1630 1652 1631
f 1631 1652 1653
f 1631 1653 1632
f 1632 1653 1654
f 1632 1654 1633
f 1633 1654 1655
f 1633 1655 1634
f 1634 1655 1656
f 1634 1656 1635
f 1635 1656 1657
f 1635 1657 1636
f 1636 1657 1658
f 1636 1658 1637
f 1637 1658 1659
f 1637 1659 1638
f 1639 1660 1661
f 1639 1661 1640
f 1640 1661 1662
f 1640 1662 1641
f 1641 1662 1663
f 1641 1663 1642
f 1642 1663 1664
f 1642 1664 1643
f 1643 1664 1665
f 1643 1665 1644
f 1644 1665 1666
f 1644 1666 1645
f 1645 1666 1667
f 1645 1667 1646
f 1646 1667 1668
f 1646 1668 1647
f 1647 1668 1669
f 1647 1669 1648
f 1648 1669 1670
f 1648 1670 1649
f 1649 1670 1671
f 1649 1671 1650
f 1650 1671 1672
f 1650 1672 1651
f 1651 1672 1673
f 1651 1673 1652
f 1652 1673 1674
f 1652 1674 1653
f 1653 1674 1675
f 1653 1675 1654
f 1654 1675 1676
f 1654 1676 1655
f 1655 1676 1677
f 1655 1677 1656
f 1656 1677 1678
f 1656 1678 1657
f 1657 1678 1679
f 1657 1679 1658
f 1658 1679 1680
f 1658 1680 1659
f 1660 1681 1682
f 1660 1682 1661
f 1661 1682 1683
f 1661 1683 1662
f 1662 1683 1684
f 1662 1684 1663
f 1663 1684 1685
f 1663 1685 1664
f 1664 1685 1686
f 1664 1686 1665
f 1665 1686 1687
f 1665 1687 1666
f 1666 1687 1688
f 1666 1688 1667
f 1667 1688 1689
f 1667 1689 1668
f 1668 1689 1690
f 1668 1690 1669
f 1669 1690 1691
f 1669 1691 1670
f 1670 1691 1692
f 1670 1692 1671
f 1671 1692 1693
f 1671 1693 1672
f 1672 1693 1694
f 1672 1694 1673
f 1673 1694 1695
f 1673 1695 1674
f 1674 1695 1696
f 1674 1696 1675
f 1675 1696 1697
f 1675 1697 1676
f 1676 1697 1698
f 1676 1698 1677
f 1677 1698 1699
f 1677 1699 1678
f 1678 1699 1700
f 1678 1700 1679
f 1679 1700 1701
f 1679 1701 1680
f 1681 1702 1703
f 1681 1703 1682
f 1682 1703 1704
f 1682 1704 1683
f 1683 1704 1705
f 1683 1705 1684
f 1684 1705 1706
f 1684 1706 1685
f 1685 1706 1707
f 1685 1707 1686
f 1686 1707 1708
f 1686 1708 1687
f 1687 1708 1709
f 1687 1709 1688
f 1688 1709 1710
f 1688 1710 1689
f 1689 1710 1711
f 1689 1711 1690
f 1690 1711 1712
f 1690 1712 1691
f 1691 1712 1713
f 1691 1713 1692
f 1692 1713 1714
f 1692 1714 1693
f 1693 1714 1715
f 1693 1715 1694
f 1694 1715 1716
f 1694 1716 1695
f 1695 1716 1717
f 1695 1717 1696
f 1696 1717 1718
f 1696 1718 1697
f 1697 1718 1719
f 1697 1719 1698
f 1698 1719 1720
f 1698 1720 1699
f 1699 1720 1721
f 1699 1721 1700
f 1700 1721 1722
f 1700 1722 1701
f 1702 1723 1724
f 1702 1724 1703
f 1703 1724 1725
f 1703 1725 1704
f 1704 1725 1726
f 1704 1726 1705
f 1705 1726 1727
f 1705 1727 1706
f 1706 1727 1728
f 1706 1728 1707
f 1707 1728 1729
f 1707 1729 1708
f 1708 1729 1730
f 1708 1730 1709
f 1709 1730 1731
f 1709 1731 1710
f 1710 1731 1732
f 1710 1732 1711
f 1711 1732 1733
f 1711 1733 1712
f 1712 1733 1734
f 1712 1734 1713
f 1713 1734 1735
f 1713 1735 1714
f 1714 1735 1736
f 1714 1736 1715
f 1715 1736 1737
f 1715 1737 1716
f 1716 1737 1738
f 1716 1738 1717
f 1717 1738 1739
f 1717 1739 1718
f 1718 1739 1740
f 1718 1740 1719
f 1719 1740 1741
f 1719 1741 1720
f 1720 1741 1742
f 1720 1742 1721
f 1721 1742 1743
f 1721 1743 1722
f 1723 1744 1745
f 1723 1745 1724
f 1724 1745 1746
f 1724 1746 1725
f 1725 1746 1747
f 1725 1747 1726
f 1726 1747 1748
f 1726 1748 1727
f 1727 1748 1749
f 1727 1749 1728
f 1728 1749 1750
f 1728 1750 1729
f 1729 1750 1751
f 1729 1751 1730
f 1730 1751 1752
f 1730 1752 1731
f 1731 1752 1753
f 1731 1753 1732
f 1732 1753 1754
f 1732 1754 1733
f 1733 1754 1755
f 1733 1755 1734
f 1734 1755 1756
f 1734 1756 1735
f 1735 1756 1757
f 1735 1757 1736
f 1736 1757 1758
f 1736 1758 1737
f 1737 1758 1759
f 1737 1759 1738
f 1738 1759 1760
f 1738 1760 1739
f 1739 1760 1761
f 1739 1761 1740
f 1740 1761 1762
f 1740 1762 1741
f 1741 1762 1763
f 1741 1763 1742
f 1742 1763 1764
f 1742 1764 1743
f 1765 1786 1787
f 1765 1787 1766
f 1766 1787 1788
f 1766 1788 1767
f 1767 1788 1789
f 1767 1789 1768
f 1768 1789 1790
f 1768 1790 1769
f 1769 1790 1791
f 1769 1791 1770
f 1770 1791 1792
f 1770 1792 1771
f 1771 1792 1793
f 1771 1793 1772
f 1772 1793 1794
f 1772 1794 1773
f 1773 1794 1795
f 1773 1795 1774
f 1774 1795 1796
f 1774 1796 1775
f 1775 1796 1797
f 1775 1797 1776
f 1776 1797 1798
f 1776 1798 1777
f 1777 1798 1799
f 1777 1799 1778
f 1778 1799 1800
f 1778 1800 1779
f 1779 1800 1801
f 1779 1801 1780
f 1780 1801 1802
f 1780 1802 1781
f 1781 1802 1803
f 1781 1803 1782
f 1782 1803 1804
f 1782 1804 1783
f 1783 1804 1805
f 1783 1805 1784
f 1784 1805 1806
f 1784 1806 1785
f 1786 1807 1808
f 1786 1808 1787
f 1787 1808 1809
f 1787 1809 1788
f 1788 1809 1810
f 1788 1810 1789
f 1789 1810 1811
f 1789 1811 1790
f 1790 1811 1812
f 1790 1812 1791
f 1791 1812 1813
f 1791 1813 1792
f 1792 1813 1814
f 1792 1814 1793
f 1793 1814 1815
f 1793 1815 1794
f 1794 1815 1816
f 1794 1816 1795
f 1795 1816 1817
f 1795 1817 1796
f 1796 1817 1818
f 1796 1818 1797
f 1797 1818 1819
f 1797 1819 1798
f 1798 1819 1820
f 1798 1820 1799
f 1799 1820 1821
f 1799 1821 1800
f 1800 1821 1822
f 1800 1822 1801
f 1801 1822 1823
f 1801 1823 1802
f 1802 1823 1824
f 1802 1824 1803
f 1803 1824 1825
f 1803 1825 1804
f 1804 1825 1826
f 1804 1826 1805
f 1805 1826 1827
f 1805 1827 1806
f 1807 1828 1829
f 1807 1829 1808
f 1808 1829 1830
f 1808 1830 1809
f 1809 1830 1831
f 1809 1831 1810
f 1810 1831 1832
f 1810 1832 1811
f 1811 1832 1833
f 1811 1833 1812
f 1812 1833 1834
f 1812 1834 1813
f 1813 1834 1835
f 1813 1835 1814
f 1814 1835 1836
f 1814 1836 1815
f 1815 1836 1837
f 1815 1837 1816
f 1816 1837 1838
f 1816 1838 1817
f 1817 1838 1839
f 1817 1839 1818
f 1818 1839 1840
f 1818 1840 1819
f 1819 1840 1841
f 1819 1841 1820
f 1820 1841 1842
f 1820 1842 1821
f 1821 1842 1843
f 1821 1843 1822
f 1822 1843 1844
f 1822 1844 1823
f 1823 1844 1845
f 1823 1845 1824
f 1824 1845 1846
f 1824 1846 1825
f 1825 1846 1847
f 1825 1847 1826
f 1826 1847 1848
f 1826 1848 1827
f 1828 1849 1850
f 1828 1850 1829
f 1829 1850 1851
f 1829 1851 1830
f 1830 1851 1852
f 1830 1852 1831
f 1831 1852 1853
f 1831 1853 1832
f 1832 1853 1854
f 1832 1854 1833
f 1833 1854 1855
f 1833 1855 1834
f 1834 1855 1856
f 1834 1856 1835
f 1835 1856 1857
f 1835 1857 1836
f 1836 1857 1858
f 1836 1858 1837
f 1837 1858 1859
f 1837 1859 1838
f 1838 1859 1860
f 1838 1860 1839
f 1839 1860 1861
f 1839 1861 1840
f 1840 1861 1862
f 1840 1862 1841
f 1841 1862 1863
f 1841 1863 1842
f 1842 1863 1864
f 1842 1864 1843
f 1843 1864 1865
f 1843 1865 1844
f 1844 1865 1866
f 1844 1866 1845
f 1845 1866 1867
f 1845 1867 1846
f 1846 1867 1868
f 1846 1868 1847
f 1847 1868 1869
f 1847 1869 1848
f 1849 1870 1871
f 1849 1871 1850
f 1850 1871 1872
f 1850 1872 1851
f 1851 1872 1873
f 1851 1873 1852
f 1852 1873 1874
f 1852 1874 1853
f 1853 1874 1875
f 1853 1875 1854
f 1854 1875 1876
f 1854 1876 1855
f 1855 1876 1877
f 1855 1877 1856
f 1856 1877 1878
f 1856 1878 1857
f 1857 1878 1879
f 1857 1879 1858
f 1858 1879 1880
f 1858 1880 1859
f 1859 1880 1881
f 1859 1881 1860
f 1860 1881 1882
f 1860 1882 1861
f 1861 1882 1883
f 1861 1883 1862
f 1862 1883 1884
f 1862 1884 1863
f 1863 1884 1885
f 1863 1885 1864
f 1864 1885 1886
f 1864 1886 1865
f 1865 1886 1887
f 1865 1887 1866
f 1866 1887 1888
f 1866 1888 1867
f 1867 1888 1889
f 1867 1889 1868
f 1868 1889 1890
f 1868 1890 1869
f 1870 1891 1892
f 1870 1892 1871
f 1871 1892 1893
f 1871 1893 1872
f 1872 1893 1894
f 1872 1894 1873
f 1873 1894 1895
f 1873 1895 1874
f 1874 1895 1896
f 1874 1896 1875
f 1875 1896 1897
f 1875 1897 1876
f 1876 1897 1898
f 1876 1898 1877
f 1877 1898 1899
f 1877 1899 1878
f 1878 1899 1900
f 1878 1900 1879
f 1879 1900 1901
f 1879 1901 1880
f 1880 1901 1902
f 1880 1902 1881
f 1881 1902 1903
f 1881 1903 1882
f 1882 1903 1904
f 1882 1904 1883
f 1883 1904 1905
f 1883 1905 1884
f 1884 1905 1906
f 1884 1906 1885
f 1885 1906 1907
f 1885 1907 1886
f 1886 1907 1908
f 1886 1908 1887
f 1887 1908 1909
f 1887 1909 1888
f 1888 1909 1910
f 1888 1910 1889
f 1889 1910 1911
f 1889 1911 1890
f 1891 1912 1913
f 1891 1913 1892
f 1892 1913 1914
f 1892 1914 1893
f 1893 1914 1915
f 1893 1915 1894
f 1894 1915 1916
f 1894 1916 1895
f 1895 1916 1917
f 1895 1917 1896
f 1896 1917 1918
f 1896 1918 1897
f 1897 1918 1919
f 1897 1919 1898
f 1898 1919 1920
f 1898 1920 1899
f 1899 1920 1921
f 1899 1921 1900
f 1900 1921 1922
f 1900 1922 1901
f 1901 1922 1923
f 1901 1923 1902
f 1902 1923 1924
f 1902 1924 1903
f 1903 1924 1925
f 1903 1925 1904
f 1904 1925 1926
f 1904 1926 1905
f 1905 1926 1927
f 1905 1927 1906
f 1906 1927 1928
f 1906 1928 1907
f 1907 1928 1929
f 1907 1929 1908
f 1908 1929 1930
f 1908 1930 1909
f 1909 1930 1931
f 1909 1931 1910
f 1910 1931 1932
f 1910 1932 1911
f 1912 1933 1934
f 1912 1934 1913
f 1913 1934 1935
f 1913 1935 1914
f 1914 1935 1936
f 1914 1936 1915
f 1915 1936 1937
f 1915 1937 1916
f 1916 1937 1938
f 1916 1938 1917
f 1917 1938 1939
f 1917 1939 1918
f 1918 1939 1940
f 1918 1940 1919
f 1919 1940 1941
f 1919 1941 1920
f 1920 1941 1942
f 1920 1942 1921
f 1921 1942 1943
f 1921 1943 1922
f 1922 1943 1944
f 1922 1944 1923
f 1923 1944 1945
f 1923 1945 1924
f 1924 1945 1946
f 1924 1946 1925
f 1925 1946 1947
f 1925 1947 1926
f 1926 1947 1948
f 1926 1948 1927
f 1927 1948 1949
f 1927 1949 1928
f 1928 1949 1950
f 1928 1950 1929
f 1929 1950 1951
f 1929 1951 1930
f 1930 1951 1952
f 1930 1952 1931
f 1931 1952 1953
f 1931 1953 1932
f 1933 1954 1955
f 1933 1955 1934
f 1934 1955 1956
f 1934 1956 1935
f 1935 1956 1957
f 1935 1957 1936
f 1936 1957 1958
f 1936 1958 1937
f 1937 1958 1959
f 1937 1959 1938
f 1938 1959 1960
f 1938 1960 1939
f 1939 1960 1961
f 1939 1961 1940
f 1940 1961 1962
f 1940 1962 1941
f 1941 1962 1963
f 1941 1963 1942
f 1942 1963 1964
f 1942 1964 1943
f 1943 1964 1965
f 1943 1965 1944
f 1944 1965 1966
f 1944 1966 1945
f 1945 1966 1967
f 1945 1967 1946
f 1946 1967 1968
f 1946 1968 1947
f 1947 1968 1969
f 1947 1969 1948
f 1948 1969 1970
f 1948 1970 1949
f 1949 1970 1971
f 1949 1971 1950
f 1950 1971 1972
f 1950 1972 1951
f 1951 1972 1973
f 1951 1973 1952
f 1952 1973 1974
f 1952 1974 1953
f 1954 1975 1976
f 1954 1976 1955
f 1955 1976 1977
f 1955 1977 1956
f 1956 1977 1978
f 1956 1978 1957
f 1957 1978 1979
f 1957 1979 1958
f 1958 1979 1980
f 1958 1980 1959
f 1959 1980 1981
f 1959 1981 1960
f 1960 1981 1982
f 1960 1982 1961
f 1961 1982 1983
f 1961 1983 1962
f 1962 1983 1984
f 1962 1984 1963
f 1963 1984 1985
f 1963 1985 1964
f 1964 1985 1986
f 1964 1986 1965
f 1965 1986 1987
f 1965 1987 1966
f 1966 1987 1988
f 1966 1988 1967
f 1967 1988 1989
f 1967 1989 1968
f 1968 1989 1990
f 1968 1990 1969
f 1969 1990 1991
f 1969 1991 1970
f 1970 1991 1992
f 1970 1992 1971
f 1971 1992 1993
f 1971 1993 1972
f 1972 1993 1994
f 1972 1994 1973
f 1973 1994 1995
f 1973 1995 1974
f 1975 1996 1997
f 1975 1997 1976
f 1976 1997 1998
f 1976 1998 1977
f 1977 1998 1999
f 1977 1999 1978
f 1978 1999 2000
f 1978 2000 1979
f 1979 2000 2001
f 1979 2001 1980
f 1980 2001 2002
f 1980 2002 1981
f 1981 2002 2003
f 1981 2003 1982
f 1982 2003 2004
f 1982 2004 1983
f 1983 2004 2005
f 1983 2005 1984
f 1984 2005 2006
f 1984 2006 1985
f 1985 2006 2007
f 1985 2007 1986
f 1986 2007 2008
f 1986 2008 1987
f 1987 2008 2009
f 1987 2009 1988
f 1988 2009 2010
f 1988 2010 1989
f 1989 2010 2011
f 1989 2011 1990
f 1990 2011 2012
f 1990 2012 1991
f 1991 2012 2013
f 1991 2013 1992
f 1992 2013 2014
f 1992 2014 1993
f 1993 2014 2015
f 1993 2015 1994
f 1994 2015 2016
f 1994 2016 1995
f 1996 2017 2018
f 1996 2018 1997
f 1997 2018 2019
f 1997 2019 1998
f 1998 2019 2020
f 1998 2020 1999
f 1999 2020 2021
f 1999 2021 2000
f 2000 2021 2022
f 2000 2022 2001
f 2001 2022 2023
f 2001 2023 2002
f 2002 2023 2024
f 2002 2024 2003
f 2003 2024 2025
f 2003 2025 2004
f 2004 2025 2026
f 2004 2026 2005
f 2005 2026 2027
f 2005 2027 2006
f 2006 2027 2028
f 2006 2028 2007
f 2007 2028 2029
f 2007 2029 2008
f 2008 2029 2030
f 2008 2030 2009
f 2009 2030 2031
f 2009 2031 2010
f 2010 2031 2032
f 2010 2032 2011
f 2011 2032 2033
f 2011 2033 2012
f 2012 2033 2034
f 2012 2034 2013
f 2013 2034 2035
f 2013 2035 2014
f 2014 2035 2036
f 2014 2036 2015
f 2015 2036 2037
f 2015 2037 2016
f 2017 2038 2039
f 2017 2039 2018
f 2018 2039 2040
f 2018 2040 2019
f 2019 2040 2041
f 2019 2041 2020
f 2020 2041 2042
f 2020 2042 2021
f 2021 2042 2043
f 2021 2043 2022
f 2022 2043 2044
f 2022 2044 2023
f 2023 2044 2045
f 2023 2045 2024
f 2024 2045 2046
f 2024 2046 2025
f 2025 2046 2047
f 2025 2047 2026
f 2026 2047 2048
f 2026 2048 2027
f 2027 2048 2049
f 2027 2049 2028
f 2028 2049 2050
f 2028 2050 2029
f 2029 2050 2051
f 2029 2051 2030
f 2030 2051 2052
f 2030 2052 2031
f 2031 2052 2053
f 2031 2053 2032
f 2032 2053 2054
f 2032 2054 2033
f 2033 2054 2055
f 2033 2055 2034
f 2034 2055 2056
f 2034 2056 2035
f 2035 2056 2057
f 2035 2057 2036
f 2036 2057 2058
f 2036 2058 2037
f 2038 2059 2060
f 2038 2060 2039
f 2039 2060 2061
f 2039 2061 2040
f 2040 2061 2062
f 2040 2062 2041
f 2041 2062 2063
f 2041 2063 2042
f 2042 2063 2064
f 2042 2064 2043
f 2043 2064 2065
f 2043 2065 2044
f 2044 2065 2066
f 2044 2066 2045
f 2045 2066 2067
f 2045 2067 2046
f 2046 2067 2068
f 2046 2068 2047
f 2047 2068 2069
f 2047 2069 2048
f 2048 2069 2070
f 2048 2070 2049
f 2049 2070 2071
f 2049 2071 2050
f 2050 2071 2072
f 2050 2072 2051
f 2051 2072 2073
f 2051 2073 2052
f 2052 2073 2074
f 2052 2074 2053
f 2053 2074 2075
f 2053 2075 2054
f 2054 2075 2076
f 2054 2076 2055
f 2055 2076 2077
f 2055 2077 2056
f 2056 2077 2078
f 2056 2078 2057
f 2057 2078 2079
f 2057 2079 2058
f 2059 2080 2081
f 2059 2081 2060
f 2060 2081 2082
f 2060 2082 2061
f 2061 2082 2083
f 2061 2083 2062
f 2062 2083 2084
f 2062 2084 2063
f 2063 2084 2085
f 2063 2085 2064
f 2064 2085 2086
f 2064 2086 2065
f 2065 2086 2087
f 2065 2087 2066
f 2066 2087 2088
f 2066 2088 2067
f 2067 2088 2089
f 2067 2089 2068
f 2068 2089 2090
f 2068 2090 2069
f 2069 2090 2091
f 2069 2091 2070
f 2070 2091 2092
f 2070 2092 2071
f 2071 2092 2093
f 2071 2093 2072
f 2072 2093 2094
f 2072 2094 2073
f 2073 2094 2095
f 2073 2095 2074
f 2074 2095 2096
f 2074 2096 2075
f 2075 2096 2097
f 2075 2097 2076
f 2076 2097 2098
f 2076 2098 2077
f 2077 2098 2099
f 2077 2099 2078
f 2078 2099 2100
f 2078 2100 2079
f 2080 2101 2102
f 2080 2102 2081
f 2081 2102 2103
f 2081 2103 2082
f 2082 2103 2104
f 2082 2104 2083
f 2083 2104 2105
f 2083 2105 2084
f 2084 2105 2106
f 2084 2106 2085
f 2085 2106 2107
f 2085 2107 2086
f 2086 2107 2108
f 2086 2108 2087
f 2087 2108 2109
f 2087 2109 2088
f 2088 2109 2110
f 2088 2110 2089
f 2089 2110 2111
f 2089 2111 2090
f 2090 2111 2112
f 2090 2112 2091
f 2091 2112 2113
f 2091 2113 2092
f 2092 2113 2114
f 2092 2114 2093
f 2093 2114 2115
f 2093 2115 2094
f 2094 2115 2116
f 2094 2116 2095
f 2095 2116 2117
f 2095 2117 2096
f 2096 2117 2118
f 2096 2118 2097
f 2097 2118 2119
f 2097 2119 2098
f 2098 2119 2120
f 2098 2120 2099
f 2099 2120 2121
f 2099 2121 2100
f 2101 2122 2123
f 2101 2123 2102
f 2102 2123 2124
f 2102 2124 2103
f 2103 2124 2125
f 2103 2125 2104
f 2104 2125 2126
f 2104 2126 2105
f 2105 2126 2127
f 2105 2127 2106
f 2106 2127 2128
f 2106 2128 2107
f 2107 2128 2129
f 2107 2129 2108
f 2108 2129 2130
f 2108 2130 2109
f 2109 2130 2131
f 2109 2131 2110
f 2110 2131 2132
f 2110 2132 2111
f 2111 2132 2133
f 2111 2133 2112
f 2112 2133 2134
f 2112 2134 2113
f 2113 2134 2135
f 2113 2135 2114
f 2114 2135 2136
f 2114 2136 2115
f 2115 2136 2137
f 2115 2137 2116
f 2116 2137 2138
f 2116 2138 2117
f 2117 2138 2139
f 2117 2139 2118
f 2118 2139 2140
f 2118 2140 2119
f 2119 2140 2141
f 2119 2141 2120
f 2120 2141 2142
f 2120 2142 2121
f 2122 2143 2144
f 2122 2144 2123
f 2123 2144 2145
f 2123 2145 2124
f 2124 2145 2146
f 2124 2146 2125
f 2125 2146 2147
f 2125 2147 2126
f 2126 2147 2148
f 2126 2148 2127
f 2127 2148 2149
f 2127 2149 2128
f 2128 2149 2150
f 2128 2150 2129
f 2129 2150 2151
f 2129 2151 2130
f 2130 2151 2152
f 2130 2152 2131
f 2131 2152 2153
f 2131 2153 2132
f 2132 2153 2154
f 2132 2154 2133
f 2133 2154 2155
f 2133 2155 2134
f 2134 2155 2156
f 2134 2156 2135
f 2135 2156 2157
f 2135 2157 2136
f 2136 2157 2158
f 2136 2158 2137
f 2137 2158 2159
f 2137 2159 2138
f 2138 2159 2160
f 2138 2160 2139
f 2139 2160 2161
f 2139 2161 2140
f 2140 2161 2162
f 2140 2162 2141
f 2141 2162 2163
f 2141 2163 2142
f 2143 2164 2165
f 2143 2165 2144
f 2144 2165 2166
f 2144 2166 2145
f 2145 2166 2167
f 2145 2167 2146
f 2146 2167 2168
f 2146 2168 2147
f 2147 2168 2169
f 2147 2169 2148
f 2148 2169 2170
f 2148 2170 2149
f 2149 2170 2171
f 2149 2171 2150
f 2150 2171 2172
f 2150 2172 2151
f 2151 2172 2173
f 2151 2173 2152
f 2152 2173 2174
f 2152 2174 2153
f 2153 2174 2175
f 2153 2175 2154
f 2154 2175 2176
f 2154 2176 2155
f 2155 2176 2177
f 2155 2177 2156
f 2156 2177 2178
f 2156 2178 2157
f 2157 2178 2179
f 2157 2179 2158
f 2158 2179 2180
f 2158 2180 2159
f 2159 2180 2181
f 2159 2181 2160
f 2160 2181 2182
f 2160 2182 2161
f 2161 2182 2183
f 2161 2183 2162
f 2162 2183 2184
f 2162 2184 2163
f 2164 2185 2186
f 2164 2186 2165
f 2165 2186 2187
f 2165 2187 2166
f 2166 2187 2188
f 2166 2188 2167
f 2167 2188 2189
f 2167 2189 2168
f 2168 2189 2190
f 2168 2190 2169
f 2169 2190 2191
f 2169 2191 2170
f 2170 2191 2192
f 2170 2192 2171
f 2171 2192 2193
f 2171 2193 2172
f 2172 2193 2194
f 2172 2194 2173
f 2173 2194 2195
f 2173 2195 2174
f 2174 2195 2196
f 2174 2196 2175
f 2175 2196 2197
f 2175 2197 2176
f 2176 2197 2198
f 2176 2198 2177
f 2177 2198 2199
f 2177 2199 2178
f 2178 2199 2200
f 2178 2200 2179
f 2179 2200 2201
f 2179 2201 2180
f 2180 2201 2202
f 2180 2202 2181
f 2181 2202 2203
f 2181 2203 2182
f 2182 2203 2204
f 2182 2204 2183
f 2183 2204 2205
f 2183 2205 2184
f 2206 2227 2228
f 2206 2228 2207
f 2207 2228 2229
f 2207 2229 2208
f 2208 2229 2230
f 2208 2230 2209
f 2209 2230 2231
f 2209 2231 2210
f 2210 2231 2232
f 2210 2232 2211
f 2211 2232 2233
f 2211 2233 2212
f 2212 2233 2234
f 2212 2234 2213
f 2213 2234 2235
f 2213 2235 2214
f 2214 2235 2236
f 2214 2236 2215
f 2215 2236 2237
f 2215 2237 2216
f 2216 2237 2238
f 2216 2238 2217
f 2217 2238 2239
f 2217 2239 2218
f 2218 2239 2240
f 2218 2240 2219
f 2219 2240 2241
f 2219 2241 2220
f 2220 2241 2242
f 2220 2242 2221
f 2221 2242 2243
f 2221 2243 2222
f 2222 2243 2244
f 2222 2244 2223
f 2223 2244 2245
f 2223 2245 2224
f 2224 2245 2246
f 2224 2246 2225
f 2225 2246 2247
f 2225 2247 2226
f 2227 2248 2249
f 2227 2249 2228
f 2228 2249 2250
f 2228 2250 2229
f 2229 2250 2251
f 2229 2251 2230
f 2230 2251 2252
f 2230 2252 2231
f 2231 2252 2253
f 2231 2253 2232
f 2232 2253 2254
f 2232 2254 2233
f 2233 2254 2255
f 2233 2255 2234
f 2234 2255 2256
f 2234 2256 2235
f 2235 2256 2257
f 2235 2257 2236
f 2236 2257 2258
f 2236 2258 2237
f 2237 2258 2259
f 2237 2259 2238
f 2238 2259 2260
f 2238 2260 2239
f 2239 2260 2261
f 2239 2261 2240
f 2240 2261 2262
f 2240 2262 2241
f 2241 2262 2263
f 2241 2263 2242
f 2242 2263 2264
f 2242 2264 2243
f 2243 2264 2265
f 2243 2265 2244
f 2244 2265 2266
f 2244 2266 2245
f 2245 2266 2267
f 2245 2267 2246
f 2246 2267 2268
f 2246 2268 2247
f 2248 2269 2270
f 2248 2270 2249
f 2249 2270 2271
f 2249 2271 2250
f 2250 2271 2272
f 2250 2272 2251
f 2251 2272 2273
f 2251 2273 2252
f 2252 2273 2274
f 2252 2274 2253
f 2253 2274 2275
f 2253 2275 2254
f 2254 2275 2276
f 2254 2276 2255
f 2255 2276 2277
f 2255 2277 2256
f 2256 2277 2278
f 2256 2278 2257
f 2257 2278 2279
f 2257 2279 2258
f 2258 2279 2280
f 2258 2280 2259
f 2259 2280 2281
f 2259 2281 2260
f 2260 2281 2282
f 2260 2282 2261
f 2261 2282 2283
f 2261 2283 2262
f 2262 2283 2284
f 2262 2284 2263
f 2263 2284 2285
f 2263 2285 2264
f 2264 2285 2286
f 2264 2286 2265
f 2265 2286 2287
f 2265 2287 2266
f 2266 2287 2288
f 2266 2288 2267
f 2267 2288 2289
f 2267 2289 2268
f 2269 2290 2291
f 2269 2291 2270
f 2270 2291 2292
f 2270 2292 2271
f 2271 2292 2293
f 2271 2293 2272
f 2272 2293 2294
f 2272 2294 2273
f 2273 2294 2295
f 2273 2295 2274
f 2274 2295 2296
f 2274 2296 2275
f 2275 2296 2297
f 2275 2297 2276
f 2276 2297 2298
f 2276 2298 2277
f 2277 2298 2299
f 2277 2299 2278
f 2278 2299 2300
f 2278 2300 2279
f 2279 2300 2301
f 2279 2301 2280
f 2280 2301 2302
f 2280 2302 2281
f 2281 2302 2303
f 2281 2303 2282
f 2282 2303 2304
f 2282 2304 2283
f 2283 2304 2305
f 2283 2305 2284
f 2284 2305 2306
f 2284 2306 2285
f 2285 2306 2307
f 2285 2307 2286
f 2286 2307 2308
f 2286 2308 2287
f 2287 2308 2309
f 2287 2309 2288
f 2288 2309 2310
f 2288 2310 2289
f 2290 2311 2312
f 2290 2312 2291
f 2291 2312 2313
f 2291 2313 2292
f 2292 2313 2314
f 2292 2314 2293
f 2293 2314 2315
f 2293 2315 2294
f 2294 2315 2316
f 2294 2316 2295
f 2295 2316 2317
f 2295 2317 2296
f 2296 2317 2318
f 2296 2318 2297
f 2297 2318 2319
f 2297 2319 2298
f 2298 2319 2320
f 2298 2320 2299
f 2299 2320 2321
f 2299 2321 2300
f 2300 2321 2322
f 2300 2322 2301
f 2301 2322 2323
f 2301 2323 2302
f 2302 2323 2324
f 2302 2324 2303
f 2303 2324 2325
f 2303 2325 2304
f 2304 2325 2326
f 2304 2326 2305
f 2305 2326 2327
f 2305 2327 2306
f 2306 2327 2328
f 2306 2328 2307
f 2307 2328 2329
f 2307 2329 2308
f 2308 2329 2330
f 2308 2330 2309
f 2309 2330 2331
f 2309 2331 2310
f 2311 2332 2333
f 2311 2333 2312
f 2312 2333 2334
f 2312 2334 2313
f 2313 2334 2335
f 2313 2335 2314
f 2314 2335 2336
f 2314 2336 2315
f 2315 2336 2337
f 2315 2337 2316
f 2316 2337 2338
f 2316 2338 2317
f 2317 2338 2339
f 2317 2339 2318
f 2318 2339 2340
f 2318 2340 2319
f 2319 2340 2341
f 2319 2341 2320
f 2320 2341 2342
f 2320 2342 2321
f 2321 2342 2343
f 2321 2343 2322
f 2322 2343 2344
f 2322 2344 2323
f 2323 2344 2345
f 2323 2345 2324
f 2324 2345 2346
f 2324 2346 2325
f 2325 2346 2347
f 2325 2347 2326
f 2326 2347 2348
f 2326 2348 2327
f 2327 2348 2349
f 2327 2349 2328
f 2328 2349 2350
f 2328 2350 2329
f 2329 2350 2351
f 2329 2351 2330
f 2330 2351 2352
f 2330 2352 2331
f 2332 2353 2354
f 2332 2354 2333
f 2333 2354 2355
f 2333 2355 2334
f 2334 2355 2356
f 2334 2356 2335
f 2335 2356 2357
f 2335 2357 2336
f 2336 2357 2358
f 2336 2358 2337
f 2337 2358 2359
f 2337 2359 2338
f 2338 2359 2360
f 2338 2360 2339
f 2339 2360 2361
f 2339 2361 2340
f 2340 2361 2362
f 2340 2362 2341
f 2341 2362 2363
f 2341 2363 2342
f 2342 2363 2364
f 2342 2364 2343
f 2343 2364 2365
f 2343 2365 2344
f 2344 2365 2366
f 2344 2366 2345
f 2345 2366 2367
f 2345 2367 2346
f 2346 2367 2368
f 2346 2368 2347
f 2347 2368 2369
f 2347 2369 2348
f 2348 2369 2370
f 2348 2370 2349
f 2349 2370 2371
f 2349 2371 2350
f 2350 2371 2372
f 2350 2372 2351
f 2351 2372 2373
f 2351 2373 2352
f 2353 2374 2375
f 2353 2375 2354
f 2354 2375 2376
f 2354 2376 2355
f 2355 2376 2377
f 2355 2377 2356
f 2356 2377 2378
f 2356 2378 2357
f 2357 2378 2379
f 2357 2379 2358
f 2358 2379 2380
f 2358 2380 2359
f 2359 2380 2381
f 2359 2381 2360
f 2360 2381 2382
f 2360 2382 2361
f 2361 2382 2383
f 2361 2383 2362
f 2362 2383 2384
f 2362 2384 2363
f 2363 2384 2385
f 2363 2385 2364
f 2364 2385 2386
f 2364 2386 2365
f 2365 2386 2387
f 2365 2387 2366
f 2366 2387 2388
f 2366 2388 2367
f 2367 2388 2389
f 2367 2389 2368
f 2368 2389 2390
f 2368 2390 2369
f 2369 2390 2391
f 2369 2391 2370
f 2370 2391 2392
f 2370 2392 2371
f 2371 2392 2393
f 2371 2393 2372
f 2372 2393 2394
f 2372 2394 2373
f 2374 2395 2396
f 2374 2396 2375
f 2375 2396 2397
f 2375 2397 2376
f 2376 2397 2398
f 2376 2398 2377
f 2377 2398 2399
f 2377 2399 2378
f 2378 2399 2400
f 2378 2400 2379
f 2379 2400 2401
f 2379 2401 2380
f 2380 2401 2402
f 2380 2402 2381
f 2381 2402 2403
f 2381 2403 2382
f 2382 2403 2404
f 2382 2404 2383
f 2383 2404 2405
f 2383 2405 2384
f 2384 2405 2406
f 2384 2406 2385
f 2385 2406 2407
f 2385 2407 2386
f 2386 2407 2408
f 2386 2408 2387
f 2387 2408 2409
f 2387 2409 2388
f 2388 2409 2410
f 2388 2410 2389
f 2389 2410 2411
f 2389 2411 2390
f 2390 2411 2412
f 2390 2412 2391
f 2391 2412 2413
f 2391 2413 2392
f 2392 2413 2414
f 2392 2414 2393
f 2393 2414 2415
f 2393 2415 2394
f 2395 2416 2417
f 2395 2417 2396
f 2396 2417 2418
f 2396 2418 2397
f 2397 2418 2419
f 2397 2419 2398
f 2398 2419 2420
f 2398 2420 2399
f 2399 2420 2421
f 2399 2421 2400
f 2400 2421 2422
f 2400 2422 2401
f 2401 2422 2423
f 2401 2423 2402
f 2402 2423 2424
f 2402 2424 2403
f 2403 2424 2425
f 2403 2425 2404
f 2404 2425 2426
f 2404 2426 2405
f 2405 2426 2427
f 2405 2427 2406
f 2406 2427 2428
f 2406 2428 2407
f 2407 2428 2429
f 2407 2429 2408
f 2408 2429 2430
f 2408 2430 2409
f 2409 2430 2431
f 2409 2431 2410
f 2410 2431 2432
f 2410 2432 2411
f 2411 2432 2433
f 2411 2433 2412
f 2412 2433 2434
f 2412 2434 2413
f 2413 2434 2435
f 2413 2435 2414
f 2414 2435 2436
f 2414 2436 2415
f 2416 2437 2438
f 2416 2438 2417
f 2417 2438 2439
f 2417 2439 2418
f 2418 2439 2440
f 2418 2440 2419
f 2419 2440 2441
f 2419 2441 2420
f 2420 2441 2442
f 2420 2442 2421
f 2421 2442 2443
f 2421 2443 2422
f 2422 2443 2444
f 2422 2444 2423
f 2423 2444 2445
f 2423 2445 2424
f 2424 2445 2446
f 2424 2446 2425
f 2425 2446 2447
f 2425 2447 2426
f 2426 2447 2448
f 2426 2448 2427
f 2427 2448 2449
f 2427 2449 2428
f 2428 2449 2450
f 2428 2450 2429
f 2429 2450 2451
f 2429 2451 2430
f 2430 2451 2452
f 2430 2452 2431
f 2431 2452 2453
f 2431 2453 2432
f 2432 2453 2454
f 2432 2454 2433
f 2433 2454 2455
f 2433 2455 2434
f 2434 2455 2456
f 2434 2456 2435
f 2435 2456 2457
f 2435 2457 2436
f 2437 2458 2459
f 2437 2459 2438
f 2438 2459 2460
f 2438 2460 2439
f 2439 2460 2461
f 2439 2461 2440
f 2440 2461 2462
f 2440 2462 2441
f 2441 2462 2463
f 2441 2463 2442
f 2442 2463 2464
f 2442 2464 2443
f 2443 2464 2465
f 2443 2465 2444
f 2444 2465 2466
f 2444 2466 2445
f 2445 2466 2467
f 2445 2467 2446
f 2446 2467 2468
f 2446 2468 2447
f 2447 2468 2469
f 2447 2469 2448
f 2448 2469 2470
f 2448 2470 2449
f 2449 2470 2471
f 2449 2471 2450
f 2450 2471 2472
f 2450 2472 2451
f 2451 2472 2473
f 2451 2473 2452
f 2452 2473 2474
f 2452 2474 2453
f 2453 2474 2475
f 2453 2475 2454
f 2454 2475 2476
f 2454 2476 2455
f 2455 2476 2477
f 2455 2477 2456
f 2456 2477 2478
f 2456 2478 2457
f 2458 2479 2480
f 2458 2480 2459
f 2459 2480 2481
f 2459 2481 2460
f 2460 2481 2482
f 2460 2482 2461
f 2461 2482 2483
f 2461 2483 2462
f 2462 2483 2484
f 2462 2484 2463
f 2463 2484 2485
f 2463 2485 2464
f 2464 2485 2486
f 2464 2486 2465
f 2465 2486 2487
f 2465 2487 2466
f 2466 2487 2488
f 2466 2488 2467
f 2467 2488 2489
f 2467 2489 2468
f 2468 2489 2490
f 2468 2490 2469
f 2469 2490 2491
f 2469 2491 2470
f 2470 2491 2492
f 2470 2492 2471
f 2471 2492 2493
f 2471 2493 2472
f 2472 2493 2494
f 2472 2494 2473
f 2473 2494 2495
f 2473 2495 2474
f 2474 2495 2496
f 2474 2496 2475
f 2475 2496 2497
f 2475 2497 2476
f 2476 2497 2498
f 2476 2498 2477
f 2477 2498 2499
f 2477 2499 2478
f 2479 2500 2501
f 2479 2501 2480
f 2480 2501 2502
f 2480 2502 2481
f 2481 2502 2503
f 2481 2503 2482
f 2482 2503 2504
f 2482 2504 2483
f 2483 2504 2505
f 2483 2505 2484
f 2484 2505 2506
f 2484 2506 2485
f 2485 2506 2507
f 2485 2507 2486
f 2486 2507 2508
f 2486 2508 2487
f 2487 2508 2509
f 2487 2509 2488
f 2488 2509 2510
f 2488 2510 2489
f 2489 2510 2511
f 2489 2511 2490
f 2490 2511 2512
f 2490 2512 2491
f 2491 2512 2513
f 2491 2513 2492
f 2492 2513 2514
f 2492 2514 2493
f 2493 2514 2515
f 2493 2515 2494
f 2494 2515 2516
f 2494 2516 2495
f 2495 2516 2517
f 2495 2517 2496
f 2496 2517 2518
f 2496 2518 2497
f 2497 2518 2519
f 2497 2519 2498
f 2498 2519 2520
f 2498 2520 2499
f 2500 2521 2522
f 2500 2522 2501
f 2501 2522 2523
f 2501 2523 2502
f 2502 2523 2524
f 2502 2524 2503
f 2503 2524 2525
f 2503 2525 2504
f 2504 2525 2526
f 2504 2526 2505
f 2505 2526 2527
f 2505 2527 2506
f 2506 2527 2528
f 2506 2528 2507
f 2507 2528 2529
f 2507 2529 2508
f 2508 2529 2530
f 2508 2530 2509
f 2509 2530 2531
f 2509 2531 2510
f 2510 2531 2532
f 2510 2532 2511
f 2511 2532 2533
f 2511 2533 2512
f 2512 2533 2534
f 2512 2534 2513
f 2513 2534 2535
f 2513 2535 2514
f 2514 2535 2536
f 2514 2536 2515
f 2515 2536 2537
f 2515 2537 2516
f 2516 2537 2538
f 2516 2538 2517
f 2517 2538 2539
f 2517 2539 2518
f 2518 2539 2540
f 2518 2540 2519
f 2519 2540 2541
f 2519 2541 2520
f 2521 2542 2543
f 2521 2543 2522
f 2522 2543 2544
f 2522 2544 2523
f 2523 2544 2545
f 2523 2545 2524
f 2524 2545 2546
f 2524 2546 2525
f 2525 2546 2547
f 2525 2547 2526
f 2526 2547 2548
f 2526 2548 2527
f 2527 2548 2549
f 2527 2549 2528
f 2528 2549 2550
f 2528 2550 2529
f 2529 2550 2551
f 2529 2551 2530
f 2530 2551 2552
f 2530 2552 2531
f 2531 2552 2553
f 2531 2553 2532
f 2532 2553 2554
f 2532 2554 2533
f 2533 2554 2555
f 2533 2555 2534
f 2534 2555 2556
f 2534 2556 2535
f 2535 2556 2557
f 2535 2557 2536
f 2536 2557 2558
f 2536 2558 2537
f 2537 2558 2559
f 2537 2559 2538
f 2538 2559 2560
f 2538 2560 2539
f 2539 2560 2561
f 2539 2561 2540
f 2540 2561 2562
f 2540 2562 2541
f 2542 2563 2564
f 2542 2564 2543
f 2543 2564 2565
f 2543 2565 2544
f 2544 2565 2566
f 2544 2566 2545
f 2545 2566 2567
f 2545 2567 2546
f 2546 2567 2568
f 2546 2568 2547
f 2547 2568 2569
f 2547 2569 2548
f 2548 2569 2570
f 2548 2570 2549
f 2549 2570 2571
f 2549 2571 2550
f 2550 2571 2572
f 2550 2572 2551
f 2551 2572 2573
f 2551 2573 2552
f 2552 2573 2574
f 2552 2574 2553
f 2553 2574 2575
f 2553 2575 2554
f 2554 2575 2576
f 2554 2576 2555
f 2555 2576 2577
f 2555 2577 2556
f 2556 2577 2578
f 2556 2578 2557
f 2557 2578 2579
f 2557 2579 2558
f 2558 2579 2580
f 2558 2580 2559
f 2559 2580 2581
f 2559 2581 2560
f 2560 2581 2582
f 2560 2582 2561
f 2561 2582 2583
f 2561 2583 2562
f 2563 2584 2585
f 2563 2585 2564
f 2564 2585 2586
f 2564 2586 2565
f 2565 2586 2587
f 2565 2587 2566
f 2566 2587 2588
f 2566 2588 2567
f 2567 2588 2589
f 2567 2589 2568
f 2568 2589 2590
f 2568 2590 2569
f 2569 2590 2591
f 2569 2591 2570
f 2570 2591 2592
f 2570 2592 2571
f 2571 2592 2593
f 2571 2593 2572
f 2572 2593 2594
f 2572 2594 2573
f 2573 2594 2595
f 2573 2595 2574
f 2574 2595 2596
f 2574 2596 2575
f 2575 2596 2597
f 2575 2597 2576
f 2576 2597 2598
f 2576 2598 2577
f 2577 2598 2599
f 2577 2599 2578
f 2578 2599 2600
f 2578 2600 2579
f 2579 2600 2601
f 2579 2601 2580
f 2580 2601 2602
f 2580 2602 2581
f 2581 2602 2603
f 2581 2603 2582
f 2582 2603 2604
f 2582 2604 2583
f 2584 2605 2606
f 2584 2606 2585
f 2585 2606 2607
f 2585 2607 2586
f 2586 2607 2608
f 2586 2608 2587
f 2587 2608 2609
f 2587 2609 2588
f 2588 2609 2610
f 2588 2610 2589
f 2589 2610 2611
f 2589 2611 2590
f 2590 2611 2612
f 2590 2612 2591
f 2591 2612 2613
f 2591 2613 2592
f 2592 2613 2614
f 2592 2614 2593
f 2593 2614 2615
f 2593 2615 2594
f 2594 2615 2616
f 2594 2616 2595
f 2595 2616 2617
f 2595 2617 2596
f 2596 2617 2618
f 2596 2618 2597
f 2597 2618 2619
f 2597 2619 2598
f 2598 2619 2620
f 2598 2620 2599
f 2599 2620 2621
f 2599 2621 2600
f 2600 2621 2622
f 2600 2622 2601
f 2601 2622 2623
f 2601 2623 2602
f 2602 2623 2624
f 2602 2624 2603
f 2603 2624 2625
f 2603 2625 2604
f 2605 2626 2627
f 2605 2627 2606
f 2606 2627 2628
f 2606 2628 2607
f 2607 2628 2629
f 2607 2629 2608
f 2608 2629 2630
f 2608 2630 2609
f 2609 2630 2631
f 2609 2631 2610
f 2610 2631 2632
f 2610 2632 2611
f 2611 2632 2633
f 2611 2633 2612
f 2612 2633 2634
f 2612 2634 2613
f 2613 2634 2635
f 2613 2635 2614
f 2614 2635 2636
f 2614 2636 2615
f 2615 2636 2637
f 2615 2637 2616
f 2616 2637 2638
f 2616 2638 2617
f 2617 2638 2639
f 2617 2639 2618
f 2618 2639 2640
f 2618 2640 2619
f 2619 2640 2641
f 2619 2641 2620
f 2620 2641 2642
f 2620 2642 2621
f 2621 2642 2643
f 2621 2643 2622
f 2622 2643 2644
f 2622 2644 2623
f 2623 2644 2645
f 2623 2645 2624
f 2624 2645 2646
f 2624 2646 2625
f 2647 2668 2669
f 2647 2669 2648
f 2648 2669 2670
f 2648 2670 2649
f 2649 2670 2671
f 2649 2671 2650
f 2650 2671 2672
f 2650 2672 2651
f 2651 2672 2673
f 2651 2673 2652
f 2652 2673 2674
f 2652 2674 2653
f 2653 2674 2675
f 2653 2675 2654
f 2654 2675 2676
f 2654 2676 2655
f 2655 2676 2677
f 2655 2677 2656
f 2656 2677 2678
f 2656 2678 2657
f 2657 2678 2679
f 2657 2679 2658
f 2658 2679 2680
f 2658 2680 2659
f 2659 2680 2681
f 2659 2681 2660
f 2660 2681 2682
f 2660 2682 2661
f 2661 2682 2683
f 2661 2683 2662
f 2662 2683 2684
f 2662 2684 2663
f 2663 2684 2685
f 2663 2685 2664
f 2664 2685 2686
f 2664 2686 2665
f 2665 2686 2687
f 2665 2687 2666
f 2666 2687 2688
f 2666 2688 2667
f 2668 2689 2690
f 2668 2690 2669
f 2669 2690 2691
f 2669 2691 2670
f 2670 2691 2692
f 2670 2692 2671
f 2671 2692 2693
f 2671 2693 2672
f 2672 2693 2694
f 2672 2694 2673
f 2673 2694 2695
f 2673 2695 2674
f 2674 2695 2696
f 2674 2696 2675
f 2675 2696 2697
f 2675 2697 2676
f 2676 2697 2698
f 2676 2698 2677
f 2677 2698 2699
f 2677 2699 2678
f 2678 2699 2700
f 2678 2700 2679
f 2679 2700 2701
f 2679 2701 2680
f 2680 2701 2702
f 2680 2702 2681
f 2681 2702 2703
f 2681 2703 2682
f 2682 2703 2704
f 2682 2704 2683
f 2683 2704 2705
f 2683 2705 2684
f 2684 2705 2706
f 2684 2706 2685
f 2685 2706 2707
f 2685 2707 2686
f 2686 2707 2708
f 2686 2708 2687
f 2687 2708 2709
f 2687 2709 2688
f 2689 2710 2711
f 2689 2711 2690
f 2690 2711 2712
f 2690 2712 2691
f 2691 2712 2713
f 2691 2713 2692
f 2692 2713 2714
f 2692 2714 2693
f 2693 2714 2715
f 2693 2715 2694
f 2694 2715 2716
f 2694 2716 2695
f 2695 2716 2717
f 2695 2717 2696
f 2696 2717 2718
f 2696 2718 2697
f 2697 2718 2719
f 2697 2719 2698
f 2698 2719 2720
f 2698 2720 2699
f 2699 2720 2721
f 2699 2721 2700
f 2700 2721 2722
f 2700 2722 2701
f 2701 2722 2723
f 2701 2723 2702
f 2702 2723 2724
f 2702 2724 2703
f 2703 2724 2725
f 2703 2725 2704
f 2704 2725 2726
f 2704 2726 2705
f 2705 2726 2727
f 2705 2727 2706
f 2706 2727 2728
f 2706 2728 2707
f 2707 2728 2729
f 2707 2729 2708
f 2708 2729 2730
f 2708 2730 2709
f 2710 2731 2732
f 2710 2732 2711
f 2711 2732 2733
f 2711 2733 2712
f 2712 2733 2734
f 2712 2734 2713
f 2713 2734 2735
f 2713 2735 2714
f 2714 2735 2736
f 2714 2736 2715
f 2715 2736 2737
f 2715 2737 2716
f 2716 2737 2738
f 2716 2738 2717
f 2717 2738 2739
f 2717 2739 2718
f 2718 2739 2740
f 2718 2740 2719
f 2719 2740 2741
f 2719 2741 2720
f 2720 2741 2742
f 2720 2742 2721
f 2721 2742 2743
f 2721 2743 2722
f 2722 2743 2744
f 2722 2744 2723
f 2723 2744 2745
f 2723 2745 2724
f 2724 2745 2746
f 2724 2746 2725
f 2725 2746 2747
f 2725 2747 2726
f 2726 2747 2748
f 2726 2748 2727
f 2727 2748 2749
f 2727 2749 2728
f 2728 2749 2750
f 2728 2750 2729
f 2729 2750 2751
f 2729 2751 2730
f 2731 2752 2753
f 2731 2753 2732
f 2732 2753 2754
f 2732 2754 2733
f 2733 2754 2755
f 2733 2755 2734
f 2734 2755 2756
f 2734 2756 2735
f 2735 2756 2757
f 2735 2757 2736
f 2736 2757 2758
f 2736 2758 2737
f 2737 2758 2759
f 2737 2759 2738
f 2738 2759 2760
f 2738 2760 2739
f 2739 2760 2761
f 2739 2761 2740
f 2740 2761 2762
f 2740 2762 2741
f 2741 2762 2763
f 2741 2763 2742
f 2742 2763 2764
f 2742 2764 2743
f 2743 2764 2765
f 2743 2765 2744
f 2744 2765 2766
f 2744 2766 2745
f 2745 2766 2767
f 2745 2767 2746
f 2746 2767 2768
f 2746 2768 2747
f 2747 2768 2769
f 2747 2769 2748
f 2748 2769 2770
f 2748 2770 2749
f 2749 2770 2771
f 2749 2771 2750
f 2750 2771 2772
f 2750 2772 2751
f 2752 2773 2774
f 2752 2774 2753
f 2753 2774 2775
f 2753 2775 2754
f 2754 2775 2776
f 2754 2776 2755
f 2755 2776 2777
f 2755 2777 2756
f 2756 2777 2778
f 2756 2778 2757
f 2757 2778 2779
f 2757 2779 2758
f 2758 2779 2780
f 2758 2780 2759
f 2759 2780 2781
f 2759 2781 2760
f 2760 2781 2782
f 2760 2782 2761
f 2761 2782 2783
f 2761 2783 2762
f 2762 2783 2784
f 2762 2784 2763
f 2763 2784 2785
f 2763 2785 2764
f 2764 2785 2786
f 2764 2786 2765
f 2765 2786 2787
f 2765 2787 2766
f 2766 2787 2788
f 2766 2788 2767
f 2767 2788 2789
f 2767 2789 2768
f 2768 2789 2790
f 2768 2790 2769
f 2769 2790 2791
f 2769 2791 2770
f 2770 2791 2792
f 2770 2792 2771
f 2771 2792 2793
f 2771 2793 2772
f 2773 2794 2795
f 2773 2795 2774
f 2774 2795 2796
f 2774 2796 2775
f 2775 2796 2797
f 2775 2797 2776
f 2776 2797 2798
f 2776 2798 2777
f 2777 2798 2799
f 2777 2799 2778
f 2778 2799 2800
f 2778 2800 2779
f 2779 2800 2801
f 2779 2801 2780
f 2780 2801 2802
f 2780 2802 2781
f 2781 2802 2803
f 2781 2803 2782
f 2782 2803 2804
f 2782 2804 2783
f 2783 2804 2805
f 2783 2805 2784
f 2784 2805 2806
f 2784 2806 2785
f 2785 2806 2807
f 2785 2807 2786
f 2786 2807 2808
f 2786 2808 2787
f 2787 2808 2809
f 2787 2809 2788
f 2788 2809 2810
f 2788 2810 2789
f 2789 2810 2811
f 2789 2811 2790
f 2790 2811 2812
f 2790 2812 2791
f 2791 2812 2813
f 2791 2813 2792
f 2792 2813 2814
f 2792 2814 2793
f 2794 2815 2816
f 2794 2816 2795
f 2795 2816 2817
f 2795 2817 2796
f 2796 2817 2818
f 2796 2818 2797
f 2797 2818 2819
f 2797 2819 2798
f 2798 2819 2820
f 2798 2820 2799
f 2799 2820 2821
f 2799 2821 2800
f 2800 2821 2822
f 2800 2822 2801
f 2801 2822 2823
f 2801 2823 2802
f 2802 2823 2824
f 2802 2824 2803
f 2803 2824 2825
f 2803 2825 2804
f 2804 2825 2826
f 2804 2826 2805
f 2805 2826 2827
f 2805 2827 2806
f 2806 2827 2828
f 2806 2828 2807
f 2807 2828 2829
f 2807 2829 2808
f 2808 2829 2830
f 2808 2830 2809
f 2809 2830 2831
f 2809 2831 2810
f 2810 2831 2832
f 2810 2832 2811
f 2811 2832 2833
f 2811 2833 2812
f 2812 2833 2834
f 2812 2834 2813
f 2813 2834 2835
f 2813 2835 2814
f 2815 2836 2837
f 2815 2837 2816
f 2816 2837 2838
f 2816 2838 2817
f 2817 2838 2839
f 2817 2839 2818
f 2818 2839 2840
f 2818 2840 2819
f 2819 2840 2841
f 2819 2841 2820
f 2820 2841 2842
f 2820 2842 2821
f 2821 2842 2843
f 2821 2843 2822
f 2822 2843 2844
f 2822 2844 2823
f 2823 2844 2845
f 2823 2845 2824
f 2824 2845 2846
f 2824 2846 2825
f 2825 2846 2847
f 2825 2847 2826
f 2826 2847 2848
f 2826 2848 2827
f 2827 2848 2849
f 2827 2849 2828
f 2828 2849 2850
f 2828 2850 2829
f 2829 2850 2851
f 2829 2851 2830
f 2830 2851 2852
f 2830 2852 2831
f 2831 2852 2853
f 2831 2853 2832
f 2832 2853 2854
f 2832 2854 2833
f 2833 2854 2855
f 2833 2855 2834
f 2834 2855 2856
f 2834 2856 2835
f 2836 2857 2858
f 2836 2858 2837
f 2837 2858 2859
f 2837 2859 2838
f 2838 2859 2860
f 2838 2860 2839
f 2839 2860 2861
f 2839 2861 2840
f 2840 2861 2862
f 2840 2862 2841
f 2841 2862 2863
f 2841 2863 2842
f 2842 2863 2864
f 2842 2864 2843
f 2843 2864 2865
f 2843 2865 2844
f 2844 2865 2866
f 2844 2866 2845
f 2845 2866 2867
f 2845 2867 2846
f 2846 2867 2868
f 2846 2868 2847
f 2847 2868 2869
f 2847 2869 2848
f 2848 2869 2870
f 2848 2870 2849
f 2849 2870 2871
f 2849 2871 2850
f 2850 2871 2872
f 2850 2872 2851
f 2851 2872 2873
f 2851 2873 2852
f 2852 2873 2874
f 2852 2874 2853
f 2853 2874 2875
f 2853 2875 2854
f 2854 2875 2876
f 2854 2876 2855
f 2855 2876 2877
f 2855 2877 2856
f 2857 2878 2879
f 2857 2879 2858
f 2858 2879 2880
f 2858 2880 2859
f 2859 2880 2881
f 2859 2881 2860
f 2860 2881 2882
f 2860 2882 2861
f 2861 2882 2883
f 2861 2883 2862
f 2862 2883 2884
f 2862 2884 2863
f 2863 2884 2885
f 2863 2885 2864
f 2864 2885 2886
f 2864 2886 2865
f 2865 2886 2887
f 2865 2887 2866
f 2866 2887 2888
f 2866 2888 2867
f 2867 2888 2889
f 2867 2889 2868
f 2868 2889 2890
f 2868 2890 2869
f 2869 2890 2891
f 2869 2891 2870
f 2870 2891 2892
f 2870 2892 2871
f 2871 2892 2893
f 2871 2893 2872
f 2872 2893 2894
f 2872 2894 2873
f 2873 2894 2895
f 2873 2895 2874
f 2874 2895 2896
f 2874 2896 2875
f 2875 2896 2897
f 2875 2897 2876
f 2876 2897 2898
f 2876 2898 2877
f 2878 2899 2900
f 2878 2900 2879
f 2879 2900 2901
f 2879 2901 2880
f 2880 2901 2902
f 2880 2902 2881
f 2881 2902 2903
f 2881 2903 2882
f 2882 2903 2904
f 2882 2904 2883
f 2883 2904 2905
f 2883 2905 2884
f 2884 2905 2906
f 2884 2906 2885
f 2885 2906 2907
f 2885 2907 2886
f 2886 2907 2908
f 2886 2908 2887
f 2887 2908 2909
f 2887 2909 2888
f 2888 2909 2910
f 2888 2910 2889
f 2889 2910 2911
f 2889 2911 2890
f 2890 2911 2912
f 2890 2912 2891
f 2891 2912 2913
f 2891 2913 2892
f 2892 2913 2914
f 2892 2914 2893
f 2893 2914 2915
f 2893 2915 2894
f 2894 2915 2916
f 2894 2916 2895
f 2895 2916 2917
f 2895 2917 2896
f 2896 2917 2918
f 2896 2918 2897
f 2897 2918 2919
f 2897 2919 2898
f 2899 2920 2921
f 2899 2921 2900
f 2900 2921 2922
f 2900 2922 2901
f 2901 2922 2923
f 2901 2923 2902
f 2902 2923 2924
f 2902 2924 2903
f 2903 2924 2925
f 2903 2925 2904
f 2904 2925 2926
f 2904 2926 2905
f 2905 2926 2927
f 2905 2927 2906
f 2906 2927 2928
f 2906 2928 2907
f 2907 2928 2929
f 2907 2929 2908
f 2908 2929 2930
f 2908 2930 2909
f 2909 2930 2931
f 2909 2931 2910
f 2910 2931 2932
f 2910 2932 2911
f 2911 2932 2933
f 2911 2933 2912
f 2912 2933 2934
f 2912 2934 2913
f 2913 2934 2935
f 2913 2935 2914
f 2914 2935 2936
f 2914 2936 2915
f 2915 2936 2937
f 2915 2937 2916
f 2916 2937 2938
f 2916 2938 2917
f 2917 2938 2939
f 2917 2939 2918
f 2918 2939 2940
f 2918 2940 2919
f 2920 2941 2942
f 2920 2942 2921
f 2921 2942 2943
f 2921 2943 2922
f 2922 2943 2944
f 2922 2944 2923
f 2923 2944 2945
f 2923 2945 2924
f 2924 2945 2946
f 2924 2946 2925
f 2925 2946 2947
f 2925 2947 2926
f 2926 2947 2948
f 2926 2948 2927
f 2927 2948 2949
f 2927 2949 2928
f 2928 2949 2950
f 2928 2950 2929
f 2929 2950 2951
f 2929 2951 2930
f 2930 2951 2952
f 2930 2952 2931
f 2931 2952 2953
f 2931 2953 2932
f 2932 2953 2954
f 2932 2954 2933
f 2933 2954 2955
f 2933 2955 2934
f 2934 2955 2956
f 2934 2956 2935
f 2935 2956 2957
f 2935 2957 2936
f 2936 2957 2958
f 2936 2958 2937
f 2937 2958 2959
f 2937 2959 2938
f 2938 2959 2960
f 2938 2960 2939
f 2939 2960 2961
f 2939 2961 2940
f 2941 2962 2963
f 2941 2963 2942
f 2942 2963 2964
f 2942 2964 2943
f 2943 2964 2965
f 2943 2965 2944
f 2944 2965 2966
f 2944 2966 2945
f 2945 2966 2967
f 2945 2967 2946
f 2946 2967 2968
f 2946 2968 2947
f 2947 2968 2969
f 2947 2969 2948
f 2948 2969 2970
f 2948 2970 2949
f 2949 2970 2971
f 2949 2971 2950
f 2950 2971 2972
f 2950 2972 2951
f 2951 2972 2973
f 2951 2973 2952
f 2952 2973 2974
f 2952 2974 2953
f 2953 2974 2975
f 2953 2975 2954
f 2954 2975 2976
f 2954 2976 2955
f 2955 2976 2977
f 2955 2977 2956
f 2956 2977 2978
f 2956 2978 2957
f 2957 2978 2979
f 2957 2979 2958
f 2958 2979 2980
f 2958 2980 2959
f 2959 2980 2981
f 2959 2981 2960
f 2960 2981 2982
f 2960 2982 2961
f 2962 2983 2984
f 2962 2984 2963
f 2963 2984 2985
f 2963 2985 2964
f 2964 2985 2986
f 2964 2986 2965
f 2965 2986 2987
f 2965 2987 2966
f 2966 2987 2988
f 2966 2988 2967
f 2967 2988 2989
f 2967 2989 2968
f 2968 2989 2990
f 2968 2990 2969
f 2969 2990 2991
f 2969 2991 2970
f 2970 2991 2992
f 2970 2992 2971
f 2971 2992 2993
f 2971 2993 2972
f 2972 2993 2994
f 2972 2994 2973
f 2973 2994 2995
f 2973 2995 2974
f 2974 2995 2996
f 2974 2996 2975
f 2975 2996 2997
f 2975 2997 2976
f 2976 2997 2998
f 2976 2998 2977
f 2977 2998 2999
f 2977 2999 2978
f 2978 2999 3000
f 2978 3000 2979
f 2979 3000 3001
f 2979 3001 2980
f 2980 3001 3002
f 2980 3002 2981
f 2981 3002 3003
f 2981 3003 2982
f 2983 3004 3005
f 2983 3005 2984
f 2984 3005 3006
f 2984 3006 2985
f 2985 3006 3007
f 2985 3007 2986
f 2986 3007 3008
f 2986 3008 2987
f 2987 3008 3009
f 2987 3009 2988
f 2988 3009 3010
f 2988 3010 2989
f 2989 3010 3011
f 2989 3011 2990
f 2990 3011 3012
f 2990 3012 2991
f 2991 3012 3013
f 2991 3013 2992
f 2992 3013 3014
f 2992 3014 2993
f 2993 3014 3015
f 2993 3015 2994
f 2994 3015 3016
f 2994 3016 2995
f 2995 3016 3017
f 2995 3017 2996
f 2996 3017 3018
f 2996 3018 2997
f 2997 3018 3019
f 2997 3019 2998
f 2998 3019 3020
f 2998 3020 2999
f 2999 3020 3021
f 2999 3021 3000
f 3000 3021 3022
f 3000 3022 3001
f 3001 3022 3023
f 3001 3023 3002
f 3002 3023 3024
f 3002 3024 3003
f 3004 3025 3026
f 3004 3026 3005
f 3005 3026 3027
f 3005 3027 3006
f 3006 3027 3028
f 3006 3028 3007
f 3007 3028 3029
f 3007 3029 3008
f 3008 3029 3030
f 3008 3030 3009
f 3009 3030 3031
f 3009 3031 3010
f 3010 3031 3032
f 3010 3032 3011
f 3011 3032 3033
f 3011 3033 3012
f 3012 3033 3034
f 3012 3034 3013
f 3013 3034 3035
f 3013 3035 3014
f 3014 3035 3036
f 3014 3036 3015
f 3015 3036 3037
f 3015 3037 3016
f 3016 3037 3038
f 3016 3038 3017
f 3017 3038 3039
f 3017 3039 3018
f 3018 3039 3040
f 3018 3040 3019
f 3019 3040 3041
f 3019 3041 3020
f 3020 3041 3042
f 3020 3042 3021
f 3021 3042 3043
f 3021 3043 3022
f 3022 3043 3044
f 3022 3044 3023
f 3023 3044 3045
f 3023 3045 3024
f 3025 3046 3047
f 3025 3047 3026
f 3026 3047 3048
f 3026 3048 3027
f 3027 3048 3049
f 3027 3049 3028
f 3028 3049 3050
f 3028 3050 3029
f 3029 3050 3051
f 3029 3051 3030
f 3030 3051 3052
f 3030 3052 3031
f 3031 3052 3053
f 3031 3053 3032
f 3032 3053 3054
f 3032 3054 3033
f 3033 3054 3055
f 3033 3055 3034
f 3034 3055 3056
f 3034 3056 3035
f 3035 3056 3057
f 3035 3057 3036
f 3036 3057 3058
f 3036 3058 3037
f 3037 3058 3059
f 3037 3059 3038
f 3038 3059 3060
f 3038 3060 3039
f 3039 3060 3061
f 3039 3061 3040
f 3040 3061 3062
f 3040 3062 3041
f 3041 3062 3063
f 3041 3063 3042
f 3042 3063 3064
f 3042 3064 3043
f 3043 3064 3065
f 3043 3065 3044
f 3044 3065 3066
f 3044 3066 3045
f 3046 3067 3068
f 3046 3068 3047
f 3047 3068 3069
f 3047 3069 3048
f 3048 3069 3070
f 3048 3070 3049
f 3049 3070 3071
f 3049 3071 3050
f 3050 3071 3072
f 3050 3072 3051
f 3051 3072 3073
f 3051 3073 3052
f 3052 3073 3074
f 3052 3074 3053
f 3053 3074 3075
f 3053 3075 3054
f 3054 3075 3076
f 3054 3076 3055
f 3055 3076 3077
f 3055 3077 3056
f 3056 3077 3078
f 3056 3078 3057
f 3057 3078 3079
f 3057 3079 3058
f 3058 3079 3080
f 3058 3080 3059
f 3059 3080 3081
f 3059 3081 3060
f 3060 3081 3082
f 3060 3082 3061
f 3061 3082 3083
f 3061 3083 3062
f 3062 3083 3084
f 3062 3084 3063
f 3063 3084 3085
f 3063 3085 3064
f 3064 3085 3086
f 3064 3086 3065
f 3065 3086 3087
f 3065 3087 3066
f 3088 3109 3110
f 3088 3110 3089
f 3089 3110 3111
f 3089 3111 3090
f 3090 3111 3112
f 3090 3112 3091
f 3091 3112 3113
f 3091 3113 3092
f 3092 3113 3114
f 3092 3114 3093
f 3093 3114 3115
f 3093 3115 3094
f 3094 3115 3116
f 3094 3116 3095
f 3095 3116 3117
f 3095 3117 3096
f 3096 3117 3118
f 3096 3118 3097
f 3097 3118 3119
f 3097 3119 3098
f 3098 3119 3120
f 3098 3120 3099
f 3099 3120 3121
f 3099 3121 3100
f 3100 3121 3122
f 3100 3122 3101
f 3101 3122 3123
f 3101 3123 3102
f 3102 3123 3124
f 3102 3124 3103
f 3103 3124 3125
f 3103 3125 3104
f 3104 3125 3126
f 3104 3126 3105
f 3105 3126 3127
f 3105 3127 3106
f 3106 3127 3128
f 3106 3128 3107
f 3107 3128 3129
f 3107 3129 3108
f 3109 3130 3131
f 3109 3131 3110
f 3110 3131 3132
f 3110 3132 3111
f 3111 3132 3133
f 3111 3133 3112
f 3112 3133 3134
f 3112 3134 3113
f 3113 3134 3135
f 3113 3135 3114
f 3114 3135 3136
f 3114 3136 3115
f 3115 3136 3137
f 3115 3137 3116
f 3116 3137 3138
f 3116 3138 3117
f 3117 3138 3139
f 3117 3139 3118
f 3118 3139 3140
f 3118 3140 3119
f 3119 3140 3141
f 3119 3141 3120
f 3120 3141 3142
f 3120 3142 3121
f 3121 3142 3143
f 3121 3143 3122
f 3122 3143 3144
f 3122 3144 3123
f 3123 3144 3145
f 3123 3145 3124
f 3124 3145 3146
f 3124 3146 3125
f 3125 3146 3147
f 3125 3147 3126
f 3126 3147 3148
f 3126 3148 3127
f 3127 3148 3149
f 3127 3149 3128
f 3128 3149 3150
f 3128 3150 3129
f 3130 3151 3152
f 3130 3152 3131
f 3131 3152 3153
f 3131 3153 3132
f 3132 3153 3154
f 3132 3154 3133
f 3133 3154 3155
f 3133 3155 3134
f 3134 3155 3156
f 3134 3156 3135
f 3135 3156 3157
f 3135 3157 3136
f 3136 3157 3158
f 3136 3158 3137
f 3137 3158 3159
f 3137 3159 3138
f 3138 3159 3160
f 3138 3160 3139
f 3139 3160 3161
f 3139 3161 3140
f 3140 3161 3162
f 3140 3162 3141
f 3141 3162 3163
f 3141 3163 3142
f 3142 3163 3164
f 3142 3164 3143
f 3143 3164 3165
f 3143 3165 3144
f 3144 3165 3166
f 3144 3166 3145
f 3145 3166 3167
f 3145 3167 3146
f 3146 3167 3168
f 3146 3168 3147
f 3147 3168 3169
f 3147 3169 3148
f 3148 3169 3170
f 3148 3170 3149
f 3149 3170 3171
f 3149 3171 3150
f 3151 3172 3173
f 3151 3173 3152
f 3152 3173 3174
f 3152 3174 3153
f 3153 3174 3175
f 3153 3175 3154
f 3154 3175 3176
f 3154 3176 3155
f 3155 3176 3177
f 3155 3177 3156
f 3156 3177 3178
f 3156 3178 3157
f 3157 3178 3179
f 3157 3179 3158
f 3158 3179 3180
f 3158 3180 3159
f 3159 3180 3181
f 3159 3181 3160
f 3160 3181 3182
f 3160 3182 3161
f 3161 3182 3183
f 3161 3183 3162
f 3162 3183 3184
f 3162 3184 3163
f 3163 3184 3185
f 3163 3185 3164
f 3164 3185 3186
f 3164 3186 3165
f 3165 3186 3187
f 3165 3187 3166
f 3166 3187 3188
f 3166 3188 3167
f 3167 3188 3189
f 3167 3189 3168
f 3168 3189 3190
f 3168 3190 3169
f 3169 3190 3191
f 3169 3191 3170
f 3170 3191 3192
f 3170 3192 3171
f 3172 3193 3194
f 3172 3194 3173
f 3173 3194 3195
f 3173 3195 3174
f 3174 3195 3196
f 3174 3196 3175
f 3175 3196 3197
f 3175 3197 3176
f 3176 3197 3198
f 3176 3198 3177
f 3177 3198 3199
f 3177 3199 3178
f 3178 3199 3200
f 3178 3200 3179
f 3179 3200 3201
f 3179 3201 3180
f 3180 3201 3202
f 3180 3202 3181
f 3181 3202 3203
f 3181 3203 3182
f 3182 3203 3204
f 3182 3204 3183
f 3183 3204 3205
f 3183 3205 3184
f 3184 3205 3206
f 3184 3206 3185
f 3185 3206 3207
f 3185 3207 3186
f 3186 3207 3208
f 3186 3208 3187
f 3187 3208 3209
f 3187 3209 3188
f 3188 3209 3210
f 3188 3210 3189
f 3189 3210 3211
f 3189 3211 3190
f 3190 3211 3212
f 3190 3212 3191
f 3191 3212 3213
f 3191 3213 3192
f 3193 3214 3215
f 3193 3215 3194
f 3194 3215 3216
f 3194 3216 3195
f 3195 3216 3217
f 3195 3217 3196
f 3196 3217 3218
f 3196 3218 3197
f 3197 3218 3219
f 3197 3219 3198
f 3198 3219 3220
f 3198 3220 3199
f 3199 3220 3221
f 3199 3221 3200
f 3200 3221 3222
f 3200 3222 3201
f 3201 3222 3223
f 3201 3223 3202
f 3202 3223 3224
f 3202 3224 3203
f 3203 3224 3225
f 3203 3225 3204
f 3204 3225 3226
f 3204 3226 3205
f 3205 3226 3227
f 3205 3227 3206
f 3206 3227 3228
f 3206 3228 3207
f 3207 3228 3229
f 3207 3229 3208
f 3208 3229 3230
f 3208 3230 3209
f 3209 3230 3231
f 3209 3231 3210
f 3210 3231 3232
f 3210 3232 3211
f 3211 3232 3233
f 3211 3233 3212
f 3212 3233 3234
f 3212 3234 3213
f 3214 3235 3236
f 3214 3236 3215
f 3215 3236 3237
f 3215 3237 3216
f 3216 3237 3238
f 3216 3238 3217
f 3217 3238 3239
f 3217 3239 3218
f 3218 3239 3240
f 3218 3240 3219
f 3219 3240 3241
f 3219 3241 3220
f 3220 3241 3242
f 3220 3242 3221
f 3221 3242 3243
f 3221 3243 3222
f 3222 3243 3244
f 3222 3244 3223
f 3223 3244 3245
f 3223 3245 3224
f 3224 3245 3246
f 3224 3246 3225
f 3225 3246 3247
f 3225 3247 3226
f 3226 3247 3248
f 3226 3248 3227
f 3227 3248 3249
f 3227 3249 3228
f 3228 3249 3250
f 3228 3250 3229
f 3229 3250 3251
f 3229 3251 3230
f 3230 3251 3252
f 3230 3252 3231
f 3231 3252 3253
f 3231 3253 3232
f 3232 3253 3254
f 3232 3254 3233
f 3233 3254 3255
f 3233 3255 3234
f 3235 3256 3257
f 3235 3257 3236
f 3236 3257 3258
f 3236 3258 3237
f 3237 3258 3259
f 3237 3259 3238
f 3238 3259 3260
f 3238 3260 3239
f 3239 3260 3261
f 3239 3261 3240
f 3240 3261 3262
f 3240 3262 3241
f 3241 3262 3263
f 3241 3263 3242
f 3242 3263 3264
f 3242 3264 3243
f 3243 3264 3265
f 3243 3265 3244
f 3244 3265 3266
f 3244 3266 3245
f 3245 3266 3267
f 3245 3267 3246
f 3246 3267 3268
f 3246 3268 3247
f 3247 3268 3269
f 3247 3269 3248
f 3248 3269 3270
f 3248 3270 3249
f 3249 3270 3271
f 3249 3271 3250
f 3250 3271 3272
f 3250 3272 3251
f 3251 3272 3273
f 3251 3273 3252
f 3252 3273 3274
f 3252 3274 3253
f 3253 3274 3275
f 3253 3275 3254
f 3254 3275 3276
f 3254 3276 3255
f 3256 3277 3278
f 3256 3278 3257
f 3257 3278 3279
f 3257 3279 3258
f 3258 3279 3280
f 3258 3280 3259
f 3259 3280 3281
f 3259 3281 3260
f 3260 3281 3282
f 3260 3282 3261
f 3261 3282 3283
f 3261 3283 3262
f 3262 3283 3284
f 3262 3284 3263
f 3263 3284 3285
f 3263 3285 3264
f 3264 3285 3286
f 3264 3286 3265
f 3265 3286 3287
f 3265 3287 3266
f 3266 3287 3288
f 3266 3288 3267
f 3267 3288 3289
f 3267 3289 3268
f 3268 3289 3290
f 3268 3290 3269
f 3269 3290 3291
f 3269 3291 3270
f 3270 3291 3292
f 3270 3292 3271
f 3271 3292 3293
f 3271 3293 3272
f 3272 3293 3294
f 3272 3294 3273
f 3273 3294 3295
f 3273 3295 3274
f 3274 3295 3296
f 3274 3296 3275
f 3275 3296 3297
f 3275 3297 3276
f 3277 3298 3299
f 3277 3299 3278
f 3278 3299 3300
f 3278 3300 3279
f 3279 3300 3301
f 3279 3301 3280
f 3280 3301 3302
f 3280 3302 3281
f 3281 3302 3303
f 3281 3303 3282
f 3282 3303 3304
f 3282 3304 3283
f 3283 3304 3305
f 3283 3305 3284
f 3284 3305 3306
f 3284 3306 3285
f 3285 3306 3307
f 3285 3307 3286
f 3286 3307 3308
f 3286 3308 3287
f 3287 3308 3309
f 3287 3309 3288
f 3288 3309 3310
f 3288 3310 3289
f 3289 3310 3311
f 3289 3311 3290
f 3290 3311 3312
f 3290 3312 3291
f 3291 3312 3313
f 3291 3313 3292
f 3292 3313 3314
f 3292 3314 3293
f 3293 3314 3315
f 3293 3315 3294
f 3294 3315 3316
f 3294 3316 3295
f 3295 3316 3317
f 3295 3317 3296
f 3296 3317 3318
f 3296 3318 3297
f 3298 3319 3320
f 3298 3320 3299
f 3299 3320 3321
f 3299 3321 3300
f 3300 3321 3322
f 3300 3322 3301
f 3301 3322 3323
f 3301 3323 3302
f 3302 3323 3324
f 3302 3324 3303
f 3303 3324 3325
f 3303 3325 3304
f 3304 3325 3326
f 3304 3326 3305
f 3305 3326 3327
f 3305 3327 3306
f 3306 3327 3328
f 3306 3328 3307
f 3307 3328 3329
f 3307 3329 3308
f 3308 3329 3330
f 3308 3330 3309
f 3309 3330 3331
f 3309 3331 3310
f 3310 3331 3332
f 3310 3332 3311
f 3311 3332 3333
f 3311 3333 3312
f 3312 3333 3334
f 3312 3334 3313
f 3313 3334 3335
f 3313 3335 3314
f 3314 3335 3336
f 3314 3336 3315
f 3315 3336 3337
f 3315 3337 3316
f 3316 3337 3338
f 3316 3338 3317
f 3317 3338 3339
f 3317 3339 3318
f 3319 3340 3341
f 3319 3341 3320
f 3320 3341 3342
f 3320 3342 3321
f 3321 3342 3343
f 3321 3343 3322
f 3322 3343 3344
f 3322 3344 3323
f 3323 3344 3345
f 3323 3345 3324
f 3324 3345 3346
f 3324 3346 3325
f 3325 3346 3347
f 3325 3347 3326
f 3326 3347 3348
f 3326 3348 3327
f 3327 3348 3349
f 3327 3349 3328
f 3328 3349 3350
f 3328 3350 3329
f 3329 3350 3351
f 3329 3351 3330
f 3330 3351 3352
f 3330 3352 3331
f 3331 3352 3353
f 3331 3353 3332
f 3332 3353 3354
f 3332 3354 3333
f 3333 3354 3355
f 3333 3355 3334
f 3334 3355 3356
f 3334 3356 3335
f 3335 3356 3357
f 3335 3357 3336
f 3336 3357 3358
f 3336 3358 3337
f 3337 3358 3359
f 3337 3359 3338
f 3338 3359 3360
f 3338 3360 3339
f 3340 3361 3362
f 3340 3362 3341
f 3341 3362 3363
f 3341 3363 3342
f 3342 3363 3364
f 3342 3364 3343
f 3343 3364 3365
f 3343 3365 3344
f 3344 3365 3366
f 3344 3366 3345
f 3345 3366 3367
f 3345 3367 3346
f 3346 3367 3368
f 3346 3368 3347
f 3347 3368 3369
f 3347 3369 3348
f 3348 3369 3370
f 3348 3370 3349
f 3349 3370 3371
f 3349 3371 3350
f 3350 3371 3372
f 3350 3372 3351
f 3351 3372 3373
f 3351 3373 3352
f 3352 3373 3374
f 3352 3374 3353
f 3353 3374 3375
f 3353 3375 3354
f 3354 3375 3376
f 3354 3376 3355
f 3355 3376 3377
f 3355 3377 3356
f 3356 3377 3378
f 3356 3378 3357
f 3357 3378 3379
f 3357 3379 3358
f 3358 3379 3380
f 3358 3380 3359
f 3359 3380 3381
f 3359 3381 3360
f 3361 3382 3383
f 3361 3383 3362
f 3362 3383 3384
f 3362 3384 3363
f 3363 3384 3385
f 3363 3385 3364
f 3364 3385 3386
f 3364 3386 3365
f 3365 3386 3387
f 3365 3387 3366
f 3366 3387 3388
f 3366 3388 3367
f 3367 3388 3389
f 3367 3389 3368
f 3368 3389 3390
f 3368 3390 3369
f 3369 3390 3391
f 3369 3391 3370
f 3370 3391 3392
f 3370 3392 3371
f 3371 3392 3393
f 3371 3393 3372
f 3372 3393 3394
f 3372 3394 3373
f 3373 3394 3395
f 3373 3395 3374
f 3374 3395 3396
f 3374 3396 3375
f 3375 3396 3397
f 3375 3397 3376
f 3376 3397 3398
f 3376 3398 3377
f 3377 3398 3399
f 3377 3399 3378
f 3378 3399 3400
f 3378 3400 3379
f 3379 3400 3401
f 3379 3401 3380
f 3380 3401 3402
f 3380 3402 3381
f 3382 3403 3404
f 3382 3404 3383
f 3383 3404 3405
f 3383 3405 3384
f 3384 3405 3406
f 3384 3406 3385
f 3385 3406 3407
f 3385 3407 3386
f 3386 3407 3408
f 3386 3408 3387
f 3387 3408 3409
f 3387 3409 3388
f 3388 3409 3410
f 3388 3410 3389
f 3389 3410 3411
f 3389 3411 3390
f 3390 3411 3412
f 3390 3412 3391
f 3391 3412 3413
f 3391 3413 3392
f 3392 3413 3414
f 3392 3414 3393
f 3393 3414 3415
f 3393 3415 3394
f 3394 3415 3416
f 3394 3416 3395
f 3395 3416 3417
f 3395 3417 3396
f 3396 3417 3418
f 3396 3418 3397
f 3397 3418 3419
f 3397 3419 3398
f 3398 3419 3420
f 3398 3420 3399
f 3399 3420 3421
f 3399 3421 3400
f 3400 3421 3422
f 3400 3422 3401
f 3401 3422 3423
f 3401 3423 3402
f 3403 3424 3425
f 3403 3425 3404
f 3404 3425 3426
f 3404 3426 3405
f 3405 3426 3427
f 3405 3427 3406
f 3406 3427 3428
f 3406 3428 3407
f 3407 3428 3429
f 3407 3429 3408
f 3408 3429 3430
f 3408 3430 3409
f 3409 3430 3431
f 3409 3431 3410
f 3410 3431 3432
f 3410 3432 3411
f 3411 3432 3433
f 3411 3433 3412
f 3412 3433 3434
f 3412 3434 3413
f 3413 3434 3435
f 3413 3435 3414
f 3414 3435 3436
f 3414 3436 3415
f 3415 3436 3437
f 3415 3437 3416
f 3416 3437 3438
f 3416 3438 3417
f 3417 3438 3439
f 3417 3439 3418
f 3418 3439 3440
f 3418 3440 3419
f 3419 3440 3441
f 3419 3441 3420
f 3420 3441 3442
f 3420 3442 3421
f 3421 3442 3443
f 3421 3443 3422
f 3422 3443 3444
f 3422 3444 3423
f 3424 3445 3446
f 3424 3446 3425
f 3425 3446 3447
f 3425 3447 3426
f 3426 3447 3448
f 3426 3448 3427
f 3427 3448 3449
f 3427 3449 3428
f 3428 3449 3450
f 3428 3450 3429
f 3429 3450 3451
f 3429 3451 3430
f 3430 3451 3452
f 3430 3452 3431
f 3431 3452 3453
f 3431 3453 3432
f 3432 3453 3454
f 3432 3454 3433
f 3433 3454 3455
f 3433 3455 3434
f 3434 3455 3456
f 3434 3456 3435
f 3435 3456 3457
f 3435 3457 3436
f 3436 3457 3458
f 3436 3458 3437
f 3437 3458 3459
f 3437 3459 3438
f 3438 3459 3460
f 3438 3460 3439
f 3439 3460 3461
f 3439 3461 3440
f 3440 3461 3462
f 3440 3462 3441
f 3441 3462 3463
f 3441 3463 3442
f 3442 3463 3464
f 3442 3464 3443
f 3443 3464 3465
f 3443 3465 3444
f 3445 3466 3467
f 3445 3467 3446
f 3446 3467 3468
f 3446 3468 3447
f 3447 3468 3469
f 3447 3469 3448
f 3448 3469 3470
f 3448 3470 3449
f 3449 3470 3471
f 3449 3471 3450
f 3450 3471 3472
f 3450 3472 3451
f 3451 3472 3473
f 3451 3473 3452
f 3452 3473 3474
f 3452 3474 3453
f 3453 3474 3475
f 3453 3475 3454
f 3454 3475 3476
f 3454 3476 3455
f 3455 3476 3477
f 3455 3477 3456
f 3456 3477 3478
f 3456 3478 3457
f 3457 3478 3479
f 3457 3479 3458
f 3458 3479 3480
f 3458 3480 3459
f 3459 3480 3481
f 3459 3481 3460
f 3460 3481 3482
f 3460 3482 3461
f 3461 3482 3483
f 3461 3483 3462
f 3462 3483 3484
f 3462 3484 3463
f 3463 3484 3485
f 3463 3485 3464
f 3464 3485 3486
f 3464 3486 3465
f 3466 3487 3488
f 3466 3488 3467
f 3467 3488 3489
f 3467 3489 3468
f 3468 3489 3490
f 3468 3490 3469
f 3469 3490 3491
f 3469 3491 3470
f 3470 3491 3492
f 3470 3492 3471
f 3471 3492 3493
f 3471 3493 3472
f 3472 3493 3494
f 3472 3494 3473
f 3473 3494 3495
f 3473 3495 3474
f 3474 3495 3496
f 3474 3496 3475
f 3475 3496 3497
f 3475 3497 3476
f 3476 3497 3498
f 3476 3498 3477
f 3477 3498 3499
f 3477 3499 3478
f 3478 3499 3500
f 3478 3500 3479
f 3479 3500 3501
f 3479 3501 3480
f 3480 3501 3502
f 3480 3502 3481
f 3481 3502 3503
f 3481 3503 3482
f 3482 3503 3504
f 3482 3504 3483
f 3483 3504 3505
f 3483 3505 3484
f 3484 3505 3506
f 3484 3506 3485
f 3485 3506 3507
f 3485 3507 3486
f 3487 3508 3509
f 3487 3509 3488
f 3488 3509 3510
f 3488 3510 3489
f 3489 3510 3511
f 3489 3511 3490
f 3490 3511 3512
f 3490 3512 3491
f 3491 3512 3513
f 3491 3513 3492
f 3492 3513 3514
f 3492 3514 3493
f 3493 3514 3515
f 3493 3515 3494
f 3494 3515 3516
f 3494 3516 3495
f 3495 3516 3517
f 3495 3517 3496
f 3496 3517 3518
f 3496 3518 3497
f 3497 3518 3519
f 3497 3519 3498
f 3498 3519 3520
f 3498 3520 3499
f 3499 3520 3521
f 3499 3521 3500
f 3500 3521 3522
f 3500 3522 3501
f 3501 3522 3523
f 3501 3523 3502
f 3502 3523 3524
f 3502 3524 3503
f 3503 3524 3525
f 3503 3525 3504
f 3504 3525 3526
f 3504 3526 3505
f 3505 3526 3527
f 3505 3527 3506
f 3506 3527 3528
f 3506 3528 3507
f 3529 3550 3551
f 3529 3551 3530
f 3530 3551 3552
f 3530 3552 3531
f 3531 3552 3553
f 3531 3553 3532
f 3532 3553 3554
f 3532 3554 3533
f 3533 3554 3555
f 3533 3555 3534
f 3534 3555 3556
f 3534 3556 3535
f 3535 3556 3557
f 3535 3557 3536
f 3536 3557 3558
f 3536 3558 3537
f 3537 3558 3559
f 3537 3559 3538
f 3538 3559 3560
f 3538 3560 3539
f 3539 3560 3561
f 3539 3561 3540
f 3540 3561 3562
f 3540 3562 3541
f 3541 3562 3563
f 3541 3563 3542
f 3542 3563 3564
f 3542 3564 3543
f 3543 3564 3565
f 3543 3565 3544
f 3544 3565 3566
f 3544 3566 3545
f 3545 3566 3567
f 3545 3567 3546
f 3546 3567 3568
f 3546 3568 3547
f 3547 3568 3569
f 3547 3569 3548
f 3548 3569 3570
f 3548 3570 3549
f 3550 3571 3572
f 3550 3572 3551
f 3551 3572 3573
f 3551 3573 3552
f 3552 3573 3574
f 3552 3574 3553
f 3553 3574 3575
f 3553 3575 3554
f 3554 3575 3576
f 3554 3576 3555
f 3555 3576 3577
f 3555 3577 3556
f 3556 3577 3578
f 3556 3578 3557
f 3557 3578 3579
f 3557 3579 3558
f 3558 3579 3580
f 3558 3580 3559
f 3559 3580 3581
f 3559 3581 3560
f 3560 3581 3582
f 3560 3582 3561
f 3561 3582 3583
f 3561 3583 3562
f 3562 3583 3584
f 3562 3584 3563
f 3563 3584 3585
f 3563 3585 3564
f 3564 3585 3586
f 3564 3586 3565
f 3565 3586 3587
f 3565 3587 3566
f 3566 3587 3588
f 3566 3588 3567
f 3567 3588 3589
f 3567 3589 3568
f 3568 3589 3590
f 3568 3590 3569
f 3569 3590 3591
f 3569 3591 3570
f 3571 3592 3593
f 3571 3593 3572
f 3572 3593 3594
f 3572 3594 3573
f 3573 3594 3595
f 3573 3595 3574
f 3574 3595 3596
f 3574 3596 3575
f 3575 3596 3597
f 3575 3597 3576
f 3576 3597 3598
f 3576 3598 3577
f 3577 3598 3599
f 3577 3599 3578
f 3578 3599 3600
f 3578 3600 3579
f 3579 3600 3601
f 3579 3601 3580
f 3580 3601 3602
f 3580 3602 3581
f 3581 3602 3603
f 3581 3603 3582
f 3582 3603 3604
f 3582 3604 3583
f 3583 3604 3605
f 3583 3605 3584
f 3584 3605 3606
f 3584 3606 3585
f 3585 3606 3607
f 3585 3607 3586
f 3586 3607 3608
f 3586 3608 3587
f 3587 3608 3609
f 3587 3609 3588
f 3588 3609 3610
f 3588 3610 3589
f 3589 3610 3611
f 3589 3611 3590
f 3590 3611 3612
f 3590 3612 3591
f 3592 3613 3614
f 3592 3614 3593
f 3593 3614 3615
f 3593 3615 3594
f 3594 3615 3616
f 3594 3616 3595
f 3595 3616 3617
f 3595 3617 3596
f 3596 3617 3618
f 3596 3618 3597
f 3597 3618 3619
f 3597 3619 3598
f 3598 3619 3620
f 3598 3620 3599
f 3599 3620 3621
f 3599 3621 3600
f 3600 3621 3622
f 3600 3622 3601
f 3601 3622 3623
f 3601 3623 3602
f 3602 3623 3624
f 3602 3624 3603
f 3603 3624 3625
f 3603 3625 3604
f 3604 3625 3626
f 3604 3626 3605
f 3605 3626 3627
f 3605 3627 3606
f 3606 3627 3628
f 3606 3628 3607
f 3607 3628 3629
f 3607 3629 3608
f 3608 3629 3630
f 3608 3630 3609
f 3609 3630 3631
f 3609 3631 3610
f 3610 3631 3632
f 3610 3632 3611
f 3611 3632 3633
f 3611 3633 3612
f 3613 3634 3635
f 3613 3635 3614
f 3614 3635 3636
f 3614 3636 3615
f 3615 3636 3637
f 3615 3637 3616
f 3616 3637 3638
f 3616 3638 3617
f 3617 3638 3639
f 3617 3639 3618
f 3618 3639 3640
f 3618 3640 3619
f 3619 3640 3641
f 3619 3641 3620
f 3620 3641 3642
f 3620 3642 3621
f 3621 3642 3643
f 3621 3643 3622
f 3622 3643 3644
f 3622 3644 3623
f 3623 3644 3645
f 3623 3645 3624
f 3624 3645 3646
f 3624 3646 3625
f 3625 3646 3647
f 3625 3647 3626
f 3626 3647 3648
f 3626 3648 3627
f 3627 3648 3649
f 3627 3649 3628
f 3628 3649 3650
f 3628 3650 3629
f 3629 3650 3651
f 3629 3651 3630
f 3630 3651 3652
f 3630 3652 3631
f 3631 3652 3653
f 3631 3653 3632
f 3632 3653 3654
f 3632 3654 3633
f 3634 3655 3656
f 3634 3656 3635
f 3635 3656 3657
f 3635 3657 3636
f 3636 3657 3658
f 3636 3658 3637
f 3637 3658 3659
f 3637 3659 3638
f 3638 3659 3660
f 3638 3660 3639
f 3639 3660 3661
f 3639 3661 3640
f 3640 3661 3662
f 3640 3662 3641
f 3641 3662 3663
f 3641 3663 3642
f 3642 3663 3664
f 3642 3664 3643
f 3643 3664 3665
f 3643 3665 3644
f 3644 3665 3666
f 3644 3666 3645
f 3645 3666 3667
f 3645 3667 3646
f 3646 3667 3668
f 3646 3668 3647
f 3647 3668 3669
f 3647 3669 3648
f 3648 3669 3670
f 3648 3670 3649
f 3649 3670 3671
f 3649 3671 3650
f 3650 3671 3672
f 3650 3672 3651
f 3651 3672 3673
f 3651 3673 3652
f 3652 3673 3674
f 3652 3674 3653
f 3653 3674 3675
f 3653 3675 3654
f 3655 3676 3677
f 3655 3677 3656
f 3656 3677 3678
f 3656 3678 3657
f 3657 3678 3679
f 3657 3679 3658
f 3658 3679 3680
f 3658 3680 3659
f 3659 3680 3681
f 3659 3681 3660
f 3660 3681 3682
f 3660 3682 3661
f 3661 3682 3683
f 3661 3683 3662
f 3662 3683 3684
f 3662 3684 3663
f 3663 3684 3685
f 3663 3685 3664
f 3664 3685 3686
f 3664 3686 3665
f 3665 3686 3687
f 3665 3687 3666
f 3666 3687 3688
f 3666 3688 3667
f 3667 3688 3689
f 3667 3689 3668
f 3668 3689 3690
f 3668 3690 3669
f 3669 3690 3691
f 3669 3691 3670
f 3670 3691 3692
f 3670 3692 3671
f 3671 3692 3693
f 3671 3693 3672
f 3672 3693 3694
f 3672 3694 3673
f 3673 3694 3695
f 3673 3695 3674
f 3674 3695 3696
f 3674 3696 3675
f 3676 3697 3698
f 3676 3698 3677
f 3677 3698 3699
f 3677 3699 3678
f 3678 3699 3700
f 3678 3700 3679
f 3679 3700 3701
f 3679 3701 3680
f 3680 3701 3702
f 3680 3702 3681
f 3681 3702 3703
f 3681 3703 3682
f 3682 3703 3704
f 3682 3704 3683
f 3683 3704 3705
f 3683 3705 3684
f 3684 3705 3706
f 3684 3706 3685
f 3685 3706 3707
f 3685 3707 3686
f 3686 3707 3708
f 3686 3708 3687
f 3687 3708 3709
f 3687 3709 3688
f 3688 3709 3710
f 3688 3710 3689
f 3689 3710 3711
f 3689 3711 3690
f 3690 3711 3712
f 3690 3712 3691
f 3691 3712 3713
f 3691 3713 3692
f 3692 3713 3714
f 3692 3714 3693
f 3693 3714 3715
f 3693 3715 3694
f 3694 3715 3716
f 3694 3716 3695
f 3695 3716 3717
f 3695 3717 3696
f 3697 3718 3719
f 3697 3719 3698
f 3698 3719 3720
f 3698 3720 3699
f 3699 3720 3721
f 3699 3721 3700
f 3700 3721 3722
f 3700 3722 3701
f 3701 3722 3723
f 3701 3723 3702
f 3702 3723 3724
f 3702 3724 3703
f 3703 3724 3725
f 3703 3725 3704
f 3704 3725 3726
f 3704 3726 3705
f 3705 3726 3727
f 3705 3727 3706
f 3706 3727 3728
f 3706 3728 3707
f 3707 3728 3729
f 3707 3729 3708
f 3708 3729 3730
f 3708 3730 3709
f 3709 3730 3731
f 3709 3731 3710
f 3710 3731 3732
f 3710 3732 3711
f 3711 3732 3733
f 3711 3733 3712
f 3712 3733 3734
f 3712 3734 3713
f 3713 3734 3735
f 3713 3735 3714
f 3714 3735 3736
f 3714 3736 3715
f 3715 3736 3737
f 3715 3737 3716
f 3716 3737 3738
f 3716 3738 3717
f 3718 3739 3740
f 3718 3740 3719
f 3719 3740 3741
f 3719 3741 3720
f 3720 3741 3742
f 3720 3742 3721
f 3721 3742 3743
f 3721 3743 3722
f 3722 3743 3744
f 3722 3744 3723
f 3723 3744 3745
f 3723 3745 3724
f 3724 3745 3746
f 3724 3746 3725
f 3725 3746 3747
f 3725 3747 3726
f 3726 3747 3748
f 3726 3748 3727
f 3727 3748 3749
f 3727 3749 3728
f 3728 3749 3750
f 3728 3750 3729
f 3729 3750 3751
f 3729 3751 3730
f 3730 3751 3752
f 3730 3752 3731
f 3731 3752 3753
f 3731 3753 3732
f 3732 3753 3754
f 3732 3754 3733
f 3733 3754 3755
f 3733 3755 3734
f 3734 3755 3756
f 3734 3756 3735
f 3735 3756 3757
f 3735 3757 3736
f 3736 3757 3758
f 3736 3758 3737
f 3737 3758 3759
f 3737 3759 3738
f 3739 3760 3761
f 3739 3761 3740
f 3740 3761 3762
f 3740 3762 3741
f 3741 3762 3763
f 3741 3763 3742
f 3742 3763 3764
f 3742 3764 3743
f 3743 3764 3765
f 3743 3765 3744
f 3744 3765 3766
f 3744 3766 3745
f 3745 3766 3767
f 3745 3767 3746
f 3746 3767 3768
f 3746 3768 3747
f 3747 3768 3769
f 3747 3769 3748
f 3748 3769 3770
f 3748 3770 3749
f 3749 3770 3771
f 3749 3771 3750
f 3750 3771 3772
f 3750 3772 3751
f 3751 3772 3773
f 3751 3773 3752
f 3752 3773 3774
f 3752 3774 3753
f 3753 3774 3775
f 3753 3775 3754
f 3754 3775 3776
f 3754 3776 3755
f 3755 3776 3777
f 3755 3777 3756
f 3756 3777 3778
f 3756 3778 3757
f 3757 3778 3779
f 3757 3779 3758
f 3758 3779 3780
f 3758 3780 3759
f 3760 3781 3782
f 3760 3782 3761
f 3761 3782 3783
f 3761 3783 3762
f 3762 3783 3784
f 3762 3784 3763
f 3763 3784 3785
f 3763 3785 3764
f 3764 3785 3786
f 3764 3786 3765
f 3765 3786 3787
f 3765 3787 3766
f 3766 3787 3788
f 3766 3788 3767
f 3767 3788 3789
f 3767 3789 3768
f 3768 3789 3790
f 3768 3790 3769
f 3769 3790 3791
f 3769 3791 3770
f 3770 3791 3792
f 3770 3792 3771
f 3771 3792 3793
f 3771 3793 3772
f 3772 3793 3794
f 3772 3794 3773
f 3773 3794 3795
f 3773 3795 3774
f 3774 3795 3796
f 3774 3796 3775
f 3775 3796 3797
f 3775 3797 3776
f 3776 3797 3798
f 3776 3798 3777
f 3777 3798 3799
f 3777 3799 3778
f 3778 3799 3800
f 3778 3800 3779
f 3779 3800 3801
f 3779 3801 3780
f 3781 3802 3803
f 3781 3803 3782
f 3782 3803 3804
f 3782 3804 3783
f 3783 3804 3805
f 3783 3805 3784
f 3784 3805 3806
f 3784 3806 3785
f 3785 3806 3807
f 3785 3807 3786
f 3786 3807 3808
f 3786 3808 3787
f 3787 3808 3809
f 3787 3809 3788
f 3788 3809 3810
f 3788 3810 3789
f 3789 3810 3811
f 3789 3811 3790
f 3790 3811 3812
f 3790 3812 3791
f 3791 3812 3813
f 3791 3813 3792
f 3792 3813 3814
f 3792 3814 3793
f 3793 3814 3815
f 3793 3815 3794
f 3794 3815 3816
f 3794 3816 3795
f 3795 3816 3817
f 3795 3817 3796
f 3796 3817 3818
f 3796 3818 3797
f 3797 3818 3819
f 3797 3819 3798
f 3798 3819 3820
f 3798 3820 3799
f 3799 3820 3821
f 3799 3821 3800
f 3800 3821 3822
f 3800 3822 3801
f 3802 3823 3824
f 3802 3824 3803
f 3803 3824 3825
f 3803 3825 3804
f 3804 3825 3826
f 3804 3826 3805
f 3805 3826 3827
f 3805 3827 3806
f 3806 3827 3828
f 3806 3828 3807
f 3807 3828 3829
f 3807 3829 3808
f 3808 3829 3830
f 3808 3830 3809
f 3809 3830 3831
f 3809 3831 3810
f 3810 3831 3832
f 3810 3832 3811
f 3811 3832 3833
f 3811 3833 3812
f 3812 3833 3834
f 3812 3834 3813
f 3813 3834 3835
f 3813 3835 3814
f 3814 3835 3836
f 3814 3836 3815
f 3815 3836 3837
f 3815 3837 3816
f 3816 3837 3838
f 3816 3838 3817
f 3817 3838 3839
f 3817 3839 3818
f 3818 3839 3840
f 3818 3840 3819
f 3819 3840 3841
f 3819 3841 3820
f 3820 3841 3842
f 3820 3842 3821
f 3821 3842 3843
f 3821 3843 3822
f 3823 3844 3845
f 3823 3845 3824
f 3824 3845 3846
f 3824 3846 3825
f 3825 3846 3847
f 3825 3847 3826
f 3826 3847 3848
f 3826 3848 3827
f 3827 3848 3849
f 3827 3849 3828
f 3828 3849 3850
f 3828 3850 3829
f 3829 3850 3851
f 3829 3851 3830
f 3830 3851 3852
f 3830 3852 3831
f 3831 3852 3853
f 3831 3853 3832
f 3832 3853 3854
f 3832 3854 3833
f 3833 3854 3855
f 3833 3855 3834
f 3834 3855 3856
f 3834 3856 3835
f 3835 3856 3857
f 3835 3857 3836
f 3836 3857 3858
f 3836 3858 3837
f 3837 3858 3859
f 3837 3859 3838
f 3838 3859 3860
f 3838 3860 3839
f 3839 3860 3861
f 3839 3861 3840
f 3840 3861 3862
f 3840 3862 3841
f 3841 3862 3863
f 3841 3863 3842
f 3842 3863 3864
f 3842 3864 3843
f 3844 3865 3866
f 3844 3866 3845
f 3845 3866 3867
f 3845 3867 3846
f 3846 3867 3868
f 3846 3868 3847
f 3847 3868 3869
f 3847 3869 3848
f 3848 3869 3870
f 3848 3870 3849
f 3849 3870 3871
f 3849 3871 3850
f 3850 3871 3872
f 3850 3872 3851
f 3851 3872 3873
f 3851 3873 3852
f 3852 3873 3874
f 3852 3874 3853
f 3853 3874 3875
f 3853 3875 3854
f 3854 3875 3876
f 3854 3876 3855
f 3855 3876 3877
f 3855 3877 3856
f 3856 3877 3878
f 3856 3878 3857
f 3857 3878 3879
f 3857 3879 3858
f 3858 3879 3880
f 3858 3880 3859
f 3859 3880 3881
f 3859 3881 3860
f 3860 3881 3882
f 3860 3882 3861
f 3861 3882 3883
f 3861 3883 3862
f 3862 3883 3884
f 3862 3884 3863
f 3863 3884 3885
f 3863 3885 3864
f 3865 3886 3887
f 3865 3887 3866
f 3866 3887 3888
f 3866 3888 3867
f 3867 3888 3889
f 3867 3889 3868
f 3868 3889 3890
f 3868 3890 3869
f 3869 3890 3891
f 3869 3891 3870
f 3870 3891 3892
f 3870 3892 3871
f 3871 3892 3893
f 3871 3893 3872
f 3872 3893 3894
f 3872 3894 3873
f 3873 3894 3895
f 3873 3895 3874
f 3874 3895 3896
f 3874 3896 3875
f 3875 3896 3897
f 3875 3897 3876
f 3876 3897 3898
f 3876 3898 3877
f 3877 3898 3899
f 3877 3899 3878
f 3878 3899 3900
f 3878 3900 3879
f 3879 3900 3901
f 3879 3901 3880
f 3880 3901 3902
f 3880 3902 3881
f 3881 3902 3903
f 3881 3903 3882
f 3882 3903 3904
f 3882 3904 3883
f 3883 3904 3905
f 3883 3905 3884
f 3884 3905 3906
f 3884 3906 3885
f 3886 3907 3908
f 3886 3908 3887
f 3887 3908 3909
f 3887 3909 3888
f 3888 3909 3910
f 3888 3910 3889
f 3889 3910 3911
f 3889 3911 3890
f 3890 3911 3912
f 3890 3912 3891
f 3891 3912 3913
f 3891 3913 3892
f 3892 3913 3914
f 3892 3914 3893
f 3893 3914 3915
f 3893 3915 3894
f 3894 3915 3916
f 3894 3916 3895
f 3895 3916 3917
f 3895 3917 3896
f 3896 3917 3918
f 3896 3918 3897
f 3897 3918 3919
f 3897 3919 3898
f 3898 3919 3920
f 3898 3920 3899
f 3899 3920 3921
f 3899 3921 3900
f 3900 3921 3922
f 3900 3922 3901
f 3901 3922 3923
f 3901 3923 3902
f 3902 3923 3924
f 3902 3924 3903
f 3903 3924 3925
f 3903 3925 3904
f 3904 3925 3926
f 3904 3926 3905
f 3905 3926 3927
f 3905 3927 3906
f 3907 3928 3929
f 3907 3929 3908
f 3908 3929 3930
f 3908 3930 3909
f 3909 3930 3931
f 3909 3931 3910
f 3910 3931 3932
f 3910 3932 3911
f 3911 3932 3933
f 3911 3933 3912
f 3912 3933 3934
f 3912 3934 3913
f 3913 3934 3935
f 3913 3935 3914
f 3914 3935 3936
f 3914 3936 3915
f 3915 3936 3937
f 3915 3937 3916
f 3916 3937 3938
f 3916 3938 3917
f 3917 3938 3939
f 3917 3939 3918
f 3918 3939 3940
f 3918 3940 3919
f 3919 3940 3941
f 3919 3941 3920
f 3920 3941 3942
f 3920 3942 3921
f 3921 3942 3943
f 3921 3943 3922
f 3922 3943 3944
f 3922 3944 3923
f 3923 3944 3945
f 3923 3945 3924
f 3924 3945 3946
f 3924 3946 3925
f 3925 3946 3947
f 3925 3947 3926
f 3926 3947 3948
f 3926 3948 3927
f 3928 3949 3950
f 3928 3950 3929
f 3929 3950 3951
f 3929 3951 3930
f 3930 3951 3952
f 3930 3952 3931
f 3931 3952 3953
f 3931 3953 3932
f 3932 3953 3954
f 3932 3954 3933
f 3933 3954 3955
f 3933 3955 3934
f 3934 3955 3956
f 3934 3956 3935
f 3935 3956 3957
f 3935 3957 3936
f 3936 3957 3958
f 3936 3958 3937
f 3937 3958 3959
f 3937 3959 3938
f 3938 3959 3960
f 3938 3960 3939
f 3939 3960 3961
f 3939 3961 3940
f 3940 3961 3962
f 3940 3962 3941
f 3941 3962 3963
f 3941 3963 3942
f 3942 3963 3964
f 3942 3964 3943
f 3943 3964 3965
f 3943 3965 3944
f 3944 3965 3966
f 3944 3966 3945
f 3945 3966 3967
f 3945 3967 3946
f 3946 3967 3968
f 3946 3968 3947
f 3947 3968 3969
f 3947 3969 3948
f 3970 3991 3992
f 3970 3992 3971
f 3971 3992 3993
f 3971 3993 3972
f 3972 3993 3994
f 3972 3994 3973
f 3973 3994 3995
f 3973 3995 3974
f 3974 3995 3996
f 3974 3996 3975
f 3975 3996 3997
f 3975 3997 3976
f 3976 3997 3998
f 3976 3998 3977
f 3977 3998 3999
f 3977 3999 3978
f 3978 3999 4000
f 3978 4000 3979
f 3979 4000 4001
f 3979 4001 3980
f 3980 4001 4002
f 3980 4002 3981
f 3981 4002 4003
f 3981 4003 3982
f 3982 4003 4004
f 3982 4004 3983
f 3983 4004 4005
f 3983 4005 3984
f 3984 4005 4006
f 3984 4006 3985
f 3985 4006 4007
f 3985 4007 3986
f 3986 4007 4008
f 3986 4008 3987
f 3987 4008 4009
f 3987 4009 3988
f 3988 4009 4010
f 3988 4010 3989
f 3989 4010 4011
f 3989 4011 3990
f 3991 4012 4013
f 3991 4013 3992
f 3992 4013 4014
f 3992 4014 3993
f 3993 4014 4015
f 3993 4015 3994
f 3994 4015 4016
f 3994 4016 3995
f 3995 4016 4017
f 3995 4017 3996
f 3996 4017 4018
f 3996 4018 3997
f 3997 4018 4019
f 3997 4019 3998
f 3998 4019 4020
f 3998 4020 3999
f 3999 4020 4021
f 3999 4021 4000
f 4000 4021 4022
f 4000 4022 4001
f 4001 4022 4023
f 4001 4023 4002
f 4002 4023 4024
f 4002 4024 4003
f 4003 4024 4025
f 4003 4025 4004
f 4004 4025 4026
f 4004 4026 4005
f 4005 4026 4027
f 4005 4027 4006
f 4006 4027 4028
f 4006 4028 4007
f 4007 4028 4029
f 4007 4029 4008
f 4008 4029 4030
f 4008 4030 4009
f 4009 4030 4031
f 4009 4031 4010
f 4010 4031 4032
f 4010 4032 4011
f 4012 4033 4034
f 4012 4034 4013
f 4013 4034 4035
f 4013 4035 4014
f 4014 4035 4036
f 4014 4036 4015
f 4015 4036 4037
f 4015 4037 4016
f 4016 4037 4038
f 4016 4038 4017
f 4017 4038 4039
f 4017 4039 4018
f 4018 4039 4040
f 4018 4040 4019
f 4019 4040 4041
f 4019 4041 4020
f 4020 4041 4042
f 4020 4042 4021
f 4021 4042 4043
f 4021 4043 4022
f 4022 4043 4044
f 4022 4044 4023
f 4023 4044 4045
f 4023 4045 4024
f 4024 4045 4046
f 4024 4046 4025
f 4025 4046 4047
f 4025 4047 4026
f 4026 4047 4048
f 4026 4048 4027
f 4027 4048 4049
f 4027 4049 4028
f 4028 4049 4050
f 4028 4050 4029
f 4029 4050 4051
f 4029 4051 4030
f 4030 4051 4052
f 4030 4052 4031
f 4031 4052 4053
f 4031 4053 4032
f 4033 4054 4055
f 4033 4055 4034
f 4034 4055 4056
f 4034 4056 4035
f 4035 4056 4057
f 4035 4057 4036
f 4036 4057 4058
f 4036 4058 4037
f 4037 4058 4059
f 4037 4059 4038
f 4038 4059 4060
f 4038 4060 4039
f 4039 4060 4061
f 4039 4061 4040
f 4040 4061 4062
f 4040 4062 4041
f 4041 4062 4063
f 4041 4063 4042
f 4042 4063 4064
f 4042 4064 4043
f 4043 4064 4065
f 4043 4065 4044
f 4044 4065 4066
f 4044 4066 4045
f 4045 4066 4067
f 4045 4067 4046
f 4046 4067 4068
f 4046 4068 4047
f 4047 4068 4069
f 4047 4069 4048
f 4048 4069 4070
f 4048 4070 4049
f 4049 4070 4071
f 4049 4071 4050
f 4050 4071 4072
f 4050 4072 4051
f 4051 4072 4073
f 4051 4073 4052
f 4052 4073 4074
f 4052 4074 4053
f 4054 4075 4076
f 4054 4076 4055
f 4055 4076 4077
f 4055 4077 4056
f 4056 4077 4078
f 4056 4078 4057
f 4057 4078 4079
f 4057 4079 4058
f 4058 4079 4080
f 4058 4080 4059
f 4059 4080 4081
f 4059 4081 4060
f 4060 4081 4082
f 4060 4082 4061
f 4061 4082 4083
f 4061 4083 4062
f 4062 4083 4084
f 4062 4084 4063
f 4063 4084 4085
f 4063 4085 4064
f 4064 4085 4086
f 4064 4086 4065
f 4065 4086 4087
f 4065 4087 4066
f 4066 4087 4088
f 4066 4088 4067
f 4067 4088 4089
f 4067 4089 4068
f 4068 4089 4090
f 4068 4090 4069
f 4069 4090 4091
f 4069 4091 4070
f 4070 4091 4092
f 4070 4092 4071
f 4071 4092 4093
f 4071 4093 4072
f 4072 4093 4094
f 4072 4094 4073
f 4073 4094 4095
f 4073 4095 4074
f 4075 4096 4097
f 4075 4097 4076
f 4076 4097 4098
f 4076 4098 4077
f 4077 4098 4099
f 4077 4099 4078
f 4078 4099 4100
f 4078 4100 4079
f 4079 4100 4101
f 4079 4101 4080
f 4080 4101 4102
f 4080 4102 4081
f 4081 4102 4103
f 4081 4103 4082
f 4082 4103 4104
f 4082 4104 4083
f 4083 4104 4105
f 4083 4105 4084
f 4084 4105 4106
f 4084 4106 4085
f 4085 4106 4107
f 4085 4107 4086
f 4086 4107 4108
f 4086 4108 4087
f 4087 4108 4109
f 4087 4109 4088
f 4088 4109 4110
f 4088 4110 4089
f 4089 4110 4111
f 4089 4111 4090
f 4090 4111 4112
f 4090 4112 4091
f 4091 4112 4113
f 4091 4113 4092
f 4092 4113 4114
f 4092 4114 4093
f 4093 4114 4115
f 4093 4115 4094
f 4094 4115 4116
f 4094 4116 4095
f 4096 4117 4118
f 4096 4118 4097
f 4097 4118 4119
f 4097 4119 4098
f 4098 4119 4120
f 4098 4120 4099
f 4099 4120 4121
f 4099 4121 4100
f 4100 4121 4122
f 4100 4122 4101
f 4101 4122 4123
f 4101 4123 4102
f 4102 4123 4124
f 4102 4124 4103
f 4103 4124 4125
f 4103 4125 4104
f 4104 4125 4126
f 4104 4126 4105
f 4105 4126 4127
f 4105 4127 4106
f 4106 4127 4128
f 4106 4128 4107
f 4107 4128 4129
f 4107 4129 4108
f 4108 4129 4130
f 4108 4130 4109
f 4109 4130 4131
f 4109 4131 4110
f 4110 4131 4132
f 4110 4132 4111
f 4111 4132 4133
f 4111 4133 4112
f 4112 4133 4134
f 4112 4134 4113
f 4113 4134 4135
f 4113 4135 4114
f 4114 4135 4136
f 4114 4136 4115
f 4115 4136 4137
f 4115 4137 4116
f 4117 4138 4139
f 4117 4139 4118
f 4118 4139 4140
f 4118 4140 4119
f 4119 4140 4141
f 4119 4141 4120
f 4120 4141 4142
f 4120 4142 4121
f 4121 4142 4143
f 4121 4143 4122
f 4122 4143 4144
f 4122 4144 4123
f 4123 4144 4145
f 4123 4145 4124
f 4124 4145 4146
f 4124 4146 4125
f 4125 4146 4147
f 4125 4147 4126
f 4126 4147 4148
f 4126 4148 4127
f 4127 4148 4149
f 4127 4149 4128
f 4128 4149 4150
f 4128 4150 4129
f 4129 4150 4151
f 4129 4151 4130
f 4130 4151 4152
f 4130 4152 4131
f 4131 4152 4153
f 4131 4153 4132
f 4132 4153 4154
f 4132 4154 4133
f 4133 4154 4155
f 4133 4155 4134
f 4134 4155 4156
f 4134 4156 4135
f 4135 4156 4157
f 4135 4157 4136
f 4136 4157 4158
f 4136 4158 4137
f 4138 4159 4160
f 4138 4160 4139
f 4139 4160 4161
f 4139 4161 4140
f 4140 4161 4162
f 4140 4162 4141
f 4141 4162 4163
f 4141 4163 4142
f 4142 4163 4164
f 4142 4164 4143
f 4143 4164 4165
f 4143 4165 4144
f 4144 4165 4166
f 4144 4166 4145
f 4145 4166 4167
f 4145 4167 4146
f 4146 4167 4168
f 4146 4168 4147
f 4147 4168 4169
f 4147 4169 4148
f 4148 4169 4170
f 4148 4170 4149
f 4149 4170 4171
f 4149 4171 4150
f 4150 4171 4172
f 4150 4172 4151
f 4151 4172 4173
f 4151 4173 4152
f 4152 4173 4174
f 4152 4174 4153
f 4153 4174 4175
f 4153 4175 4154
f 4154 4175 4176
f 4154 4176 4155
f 4155 4176 4177
f 4155 4177 4156
f 4156 4177 4178
f 4156 4178 4157
f 4157 4178 4179
f 4157 4179 4158
f 4159 4180 4181
f 4159 4181 4160
f 4160 4181 4182
f 4160 4182 4161
f 4161 4182 4183
f 4161 4183 4162
f 4162 4183 4184
f 4162 4184 4163
f 4163 4184 4185
f 4163 4185 4164
f 4164 4185 4186
f 4164 4186 4165
f 4165 4186 4187
f 4165 4187 4166
f 4166 4187 4188
f 4166 4188 4167
f 4167 4188 4189
f 4167 4189 4168
f 4168 4189 4190
f 4168 4190 4169
f 4169 4190 4191
f 4169 4191 4170
f 4170 4191 4192
f 4170 4192 4171
f 4171 4192 4193
f 4171 4193 4172
f 4172 4193 4194
f 4172 4194 4173
f 4173 4194 4195
f 4173 4195 4174
f 4174 4195 4196
f 4174 4196 4175
f 4175 4196 4197
f 4175 4197 4176
f 4176 4197 4198
f 4176 4198 4177
f 4177 4198 4199
f 4177 4199 4178
f 4178 4199 4200
f 4178 4200 4179
f 4180 4201 4202
f 4180 4202 4181
f 4181 4202 4203
f 4181 4203 4182
f 4182 4203 4204
f 4182 4204 4183
f 4183 4204 4205
f 4183 4205 4184
f 4184 4205 4206
f 4184 4206 4185
f 4185 4206 4207
f 4185 4207 4186
f 4186 4207 4208
f 4186 4208 4187
f 4187 4208 4209
f 4187 4209 4188
f 4188 4209 4210
f 4188 4210 4189
f 4189 4210 4211
f 4189 4211 4190
f 4190 4211 4212
f 4190 4212 4191
f 4191 4212 4213
f 4191 4213 4192
f 4192 4213 4214
f 4192 4214 4193
f 4193 4214 4215
f 4193 4215 4194
f 4194 4215 4216
f 4194 4216 4195
f 4195 4216 4217
f 4195 4217 4196
f 4196 4217 4218
f 4196 4218 4197
f 4197 4218 4219
f 4197 4219 4198
f 4198 4219 4220
f 4198 4220 4199
f 4199 4220 4221
f 4199 4221 4200
f 4201 4222 4223
f 4201 4223 4202
f 4202 4223 4224
f 4202 4224 4203
f 4203 4224 4225
f 4203 4225 4204
f 4204 4225 4226
f 4204 4226 4205
f 4205 4226 4227
f 4205 4227 4206
f 4206 4227 4228
f 4206 4228 4207
f 4207 4228 4229
f 4207 4229 4208
f 4208 4229 4230
f 4208 4230 4209
f 4209 4230 4231
f 4209 4231 4210
f 4210 4231 4232
f 4210 4232 4211
f 4211 4232 4233
f 4211 4233 4212
f 4212 4233 4234
f 4212 4234 4213
f 4213 4234 4235
f 4213 4235 4214
f 4214 4235 4236
f 4214 4236 4215
f 4215 4236 4237
f 4215 4237 4216
f 4216 4237 4238
f 4216 4238 4217
f 4217 4238 4239
f 4217 4239 4218
f 4218 4239 4240
f 4218 4240 4219
f 4219 4240 4241
f 4219 4241 4220
f 4220 4241 4242
f 4220 4242 4221
f 4222 4243 4244
f 4222 4244 4223
f 4223 4244 4245
f 4223 4245 4224
f 4224 4245 4246
f 4224 4246 4225
f 4225 4246 4247
f 4225 4247 4226
f 4226 4247 4248
f 4226 4248 4227
f 4227 4248 4249
f 4227 4249 4228
f 4228 4249 4250
f 4228 4250 4229
f 4229 4250 4251
f 4229 4251 4230
f 4230 4251 4252
f 4230 4252 4231
f 4231 4252 4253
f 4231 4253 4232
f 4232 4253 4254
f 4232 4254 4233
f 4233 4254 4255
f 4233 4255 4234
f 4234 4255 4256
f 4234 4256 4235
f 4235 4256 4257
f 4235 4257 4236
f 4236 4257 4258
f 4236 4258 4237
f 4237 4258 4259
f 4237 4259 4238
f 4238 4259 4260
f 4238 4260 4239
f 4239 4260 4261
f 4239 4261 4240
f 4240 4261 4262
f 4240 4262 4241
f 4241 4262 4263
f 4241 4263 4242
f 4243 4264 4265
f 4243 4265 4244
f 4244 4265 4266
f 4244 4266 4245
f 4245 4266 4267
f 4245 4267 4246
f 4246 4267 4268
f 4246 4268 4247
f 4247 4268 4269
f 4247 4269 4248
f 4248 4269 4270
f 4248 4270 4249
f 4249 4270 4271
f 4249 4271 4250
f 4250 4271 4272
f 4250 4272 4251
f 4251 4272 4273
f 4251 4273 4252
f 4252 4273 4274
f 4252 4274 4253
f 4253 4274 4275
f 4253 4275 4254
f 4254 4275 4276
f 4254 4276 4255
f 4255 4276 4277
f 4255 4277 4256
f 4256 4277 4278
f 4256 4278 4257
f 4257 4278 4279
f 4257 4279 4258
f 4258 4279 4280
f 4258 4280 4259
f 4259 4280 4281
f 4259 4281 4260
f 4260 4281 4282
f 4260 4282 4261
f 4261 4282 4283
f 4261 4283 4262
f 4262 4283 4284
f 4262 4284 4263
f 4264 4285 4286
f 4264 4286 4265
f 4265 4286 4287
f 4265 4287 4266
f 4266 4287 4288
f 4266 4288 4267
f 4267 4288 4289
f 4267 4289 4268
f 4268 4289 4290
f 4268 4290 4269
f 4269 4290 4291
f 4269 4291 4270
f 4270 4291 4292
f 4270 4292 4271
f 4271 4292 4293
f 4271 4293 4272
f 4272 4293 4294
f 4272 4294 4273
f 4273 4294 4295
f 4273 4295 4274
f 4274 4295 4296
f 4274 4296 4275
f 4275 4296 4297
f 4275 4297 4276
f 4276 4297 4298
f 4276 4298 4277
f 4277 4298 4299
f 4277 4299 4278
f 4278 4299 4300
f 4278 4300 4279
f 4279 4300 4301
f 4279 4301 4280
f 4280 4301 4302
f 4280 4302 4281
f 4281 4302 4303
f 4281 4303 4282
f 4282 4303 4304
f 4282 4304 4283
f 4283 4304 4305
f 4283 4305 4284
f 4285 4306 4307
f 4285 4307 4286
f 4286 4307 4308
f 4286 4308 4287
f 4287 4308 4309
f 4287 4309 4288
f 4288 4309 4310
f 4288 4310 4289
f 4289 4310 4311
f 4289 4311 4290
f 4290 4311 4312
f 4290 4312 4291
f 4291 4312 4313
f 4291 4313 4292
f 4292 4313 4314
f 4292 4314 4293
f 4293 4314 4315
f 4293 4315 4294
f 4294 4315 4316
f 4294 4316 4295
f 4295 4316 4317
f 4295 4317 4296
f 4296 4317 4318
f 4296 4318 4297
f 4297 4318 4319
f 4297 4319 4298
f 4298 4319 4320
f 4298 4320 4299
f 4299 4320 4321
f 4299 4321 4300
f 4300 4321 4322
f 4300 4322 4301
f 4301 4322 4323
f 4301 4323 4302
f 4302 4323 4324
f 4302 4324 4303
f 4303 4324 4325
f 4303 4325 4304
f 4304 4325 4326
f 4304 4326 4305
f 4306 4327 4328
f 4306 4328 4307
f 4307 4328 4329
f 4307 4329 4308
f 4308 4329 4330
f 4308 4330 4309
f 4309 4330 4331
f 4309 4331 4310
f 4310 4331 4332
f 4310 4332 4311
f 4311 4332 4333
f 4311 4333 4312
f 4312 4333 4334
f 4312 4334 4313
f 4313 4334 4335
f 4313 4335 4314
f 4314 4335 4336
f 4314 4336 4315
f 4315 4336 4337
f 4315 4337 4316
f 4316 4337 4338
f 4316 4338 4317
f 4317 4338 4339
f 4317 4339 4318
f 4318 4339 4340
f 4318 4340 4319
f 4319 4340 4341
f 4319 4341 4320
f 4320 4341 4342
f 4320 4342 4321
f 4321 4342 4343
f 4321 4343 4322
f 4322 4343 4344
f 4322 4344 4323
f 4323 4344 4345
f 4323 4345 4324
f 4324 4345 4346
f 4324 4346 4325
f 4325 4346 4347
f 4325 4347 4326
f 4327 4348 4349
f 4327 4349 4328
f 4328 4349 4350
f 4328 4350 4329
f 4329 4350 4351
f 4329 4351 4330
f 4330 4351 4352
f 4330 4352 4331
f 4331 4352 4353
f 4331 4353 4332
f 4332 4353 4354
f 4332 4354 4333
f 4333 4354 4355
f 4333 4355 4334
f 4334 4355 4356
f 4334 4356 4335
f 4335 4356 4357
f 4335 4357 4336
f 4336 4357 4358
f 4336 4358 4337
f 4337 4358 4359
f 4337 4359 4338
f 4338 4359 4360
f 4338 4360 4339
f 4339 4360 4361
f 4339 4361 4340
f 4340 4361 4362
f 4340 4362 4341
f 4341 4362 4363
f 4341 4363 4342
f 4342 4363 4364
f 4342 4364 4343
f 4343 4364 4365
f 4343 4365 4344
f 4344 4365 4366
f 4344 4366 4345
f 4345 4366 4367
f 4345 4367 4346
f 4346 4367 4368
f 4346 4368 4347
f 4348 4369 4370
f 4348 4370 4349
f 4349 4370 4371
f 4349 4371 4350
f 4350 4371 4372
f 4350 4372 4351
f 4351 4372 4373
f 4351 4373 4352
f 4352 4373 4374
f 4352 4374 4353
f 4353 4374 4375
f 4353 4375 4354
f 4354 4375 4376
f 4354 4376 4355
f 4355 4376 4377
f 4355 4377 4356
f 4356 4377 4378
f 4356 4378 4357
f 4357 4378 4379
f 4357 4379 4358
f 4358 4379 4380
f 4358 4380 4359
f 4359 4380 4381
f 4359 4381 4360
f 4360 4381 4382
f 4360 4382 4361
f 4361 4382 4383
f 4361 4383 4362
f 4362 4383 4384
f 4362 4384 4363
f 4363 4384 4385
f 4363 4385 4364
f 4364 4385 4386
f 4364 4386 4365
f 4365 4386 4387
f 4365 4387 4366
f 4366 4387 4388
f 4366 4388 4367
f 4367 4388 4389
f 4367 4389 4368
f 4369 4390 4391
f 4369 4391 4370
f 4370 4391 4392
f 4370 4392 4371
f 4371 4392 4393
f 4371 4393 4372
f 4372 4393 4394
f 4372 4394 4373
f 4373 4394 4395
f 4373 4395 4374
f 4374 4395 4396
f 4374 4396 4375
f 4375 4396 4397
f 4375 4397 4376
f 4376 4397 4398
f 4376 4398 4377
f 4377 4398 4399
f 4377 4399 4378
f 4378 4399 4400
f 4378 4400 4379
f 4379 4400 4401
f 4379 4401 4380
f 4380 4401 4402
f 4380 4402 4381
f 4381 4402 4403
f 4381 4403 4382
f 4382 4403 4404
f 4382 4404 4383
f 4383 4404 4405
f 4383 4405 4384
f 4384 4405 4406
f 4384 4406 4385
f 4385 4406 4407
f 4385 4407 4386
f 4386 4407 4408
f 4386 4408 4387
f 4387 4408 4409
f 4387 4409 4388
f 4388 4409 4410
f 4388 4410 4389
f 4411 4432 4433
f 4411 4433 4412
f 4412 4433 4434
f 4412 4434 4413
f 4413 4434 4435
f 4413 4435 4414
f 4414 4435 4436
f 4414 4436 4415
f 4415 4436 4437
f 4415 4437 4416
f 4416 4437 4438
f 4416 4438 4417
f 4417 4438 4439
f 4417 4439 4418
f 4418 4439 4440
f 4418 4440 4419
f 4419 4440 4441
f 4419 4441 4420
f 4420 4441 4442
f 4420 4442 4421
f 4421 4442 4443
f 4421 4443 4422
f 4422 4443 4444
f 4422 4444 4423
f 4423 4444 4445
f 4423 4445 4424
f 4424 4445 4446
f 4424 4446 4425
f 4425 4446 4447
f 4425 4447 4426
f 4426 4447 4448
f 4426 4448 4427
f 4427 4448 4449
f 4427 4449 4428
f 4428 4449 4450
f 4428 4450 4429
f 4429 4450 4451
f 4429 4451 4430
f 4430 4451 4452
f 4430 4452 4431
f 4432 4453 4454
f 4432 4454 4433
f 4433 4454 4455
f 4433 4455 4434
f 4434 4455 4456
f 4434 4456 4435
f 4435 4456 4457
f 4435 4457 4436
f 4436 4457 4458
f 4436 4458 4437
f 4437 4458 4459
f 4437 4459 4438
f 4438 4459 4460
f 4438 4460 4439
f 4439 4460 4461
f 4439 4461 4440
f 4440 4461 4462
f 4440 4462 4441
f 4441 4462 4463
f 4441 4463 4442
f 4442 4463 4464
f 4442 4464 4443
f 4443 4464 4465
f 4443 4465 4444
f 4444 4465 4466
f 4444 4466 4445
f 4445 4466 4467
f 4445 4467 4446
f 4446 4467 4468
f 4446 4468 4447
f 4447 4468 4469
f 4447 4469 4448
f 4448 4469 4470
f 4448 4470 4449
f 4449 4470 4471
f 4449 4471 4450
f 4450 4471 4472
f 4450 4472 4451
f 4451 4472 4473
f 4451 4473 4452
f 4453 4474 4475
f 4453 4475 4454
f 4454 4475 4476
f 4454 4476 4455
f 4455 4476 4477
f 4455 4477 4456
f 4456 4477 4478
f 4456 4478 4457
f 4457 4478 4479
f 4457 4479 4458
f 4458 4479 4480
f 4458 4480 4459
f 4459 4480 4481
f 4459 4481 4460
f 4460 4481 4482
f 4460 4482 4461
f 4461 4482 4483
f 4461 4483 4462
f 4462 4483 4484
f 4462 4484 4463
f 4463 4484 4485
f 4463 4485 4464
f 4464 4485 4486
f 4464 4486 4465
f 4465 4486 4487
f 4465 4487 4466
f 4466 4487 4488
f 4466 4488 4467
f 4467 4488 4489
f 4467 4489 4468
f 4468 4489 4490
f 4468 4490 4469
f 4469 4490 4491
f 4469 4491 4470
f 4470 4491 4492
f 4470 4492 4471
f 4471 4492 4493
f 4471 4493 4472
f 4472 4493 4494
f 4472 4494 4473
f 4474 4495 4496
f 4474 4496 4475
f 4475 4496 4497
f 4475 4497 4476
f 4476 4497 4498
f 4476 4498 4477
f 4477 4498 4499
f 4477 4499 4478
f 4478 4499 4500
f 4478 4500 4479
f 4479 4500 4501
f 4479 4501 4480
f 4480 4501 4502
f 4480 4502 4481
f 4481 4502 4503
f 4481 4503 4482
f 4482 4503 4504
f 4482 4504 4483
f 4483 4504 4505
f 4483 4505 4484
f 4484 4505 4506
f 4484 4506 4485
f 4485 4506 4507
f 4485 4507 4486
f 4486 4507 4508
f 4486 4508 4487
f 4487 4508 4509
f 4487 4509 4488
f 4488 4509 4510
f 4488 4510 4489
f 4489 4510 4511
f 4489 4511 4490
f 4490 4511 4512
f 4490 4512 4491
f 4491 4512 4513
f 4491 4513 4492
f 4492 4513 4514
f 4492 4514 4493
f 4493 4514 4515
f 4493 4515 4494
f 4495 4516 4517
f 4495 4517 4496
f 4496 4517 4518
f 4496 4518 4497
f 4497 4518 4519
f 4497 4519 4498
f 4498 4519 4520
f 4498 4520 4499
f 4499 4520 4521
f 4499 4521 4500
f 4500 4521 4522
f 4500 4522 4501
f 4501 4522 4523
f 4501 4523 4502
f 4502 4523 4524
f 4502 4524 4503
f 4503 4524 4525
f 4503 4525 4504
f 4504 4525 4526
f 4504 4526 4505
f 4505 4526 4527
f 4505 4527 4506
f 4506 4527 4528
f 4506 4528 4507
f 4507 4528 4529
f 4507 4529 4508
f 4508 4529 4530
f 4508 4530 4509
f 4509 4530 4531
f 4509 4531 4510
f 4510 4531 4532
f 4510 4532 4511
f 4511 4532 4533
f 4511 4533 4512
f 4512 4533 4534
f 4512 4534 4513
f 4513 4534 4535
f 4513 4535 4514
f 4514 4535 4536
f 4514 4536 4515
f 4516 4537 4538
f 4516 4538 4517
f 4517 4538 4539
f 4517 4539 4518
f 4518 4539 4540
f 4518 4540 4519
f 4519 4540 4541
f 4519 4541 4520
f 4520 4541 4542
f 4520 4542 4521
f 4521 4542 4543
f 4521 4543 4522
f 4522 4543 4544
f 4522 4544 4523
f 4523 4544 4545
f 4523 4545 4524
f 4524 4545 4546
f 4524 4546 4525
f 4525 4546 4547
f 4525 4547 4526
f 4526 4547 4548
f 4526 4548 4527
f 4527 4548 4549
f 4527 4549 4528
f 4528 4549 4550
f 4528 4550 4529
f 4529 4550 4551
f 4529 4551 4530
f 4530 4551 4552
f 4530 4552 4531
f 4531 4552 4553
f 4531 4553 4532
f 4532 4553 4554
f 4532 4554 4533
f 4533 4554 4555
f 4533 4555 4534
f 4534 4555 4556
f 4534 4556 4535
f 4535 4556 4557
f 4535 4557 4536
f 4537 4558 4559
f 4537 4559 4538
f 4538 4559 4560
f 4538 4560 4539
f 4539 4560 4561
f 4539 4561 4540
f 4540 4561 4562
f 4540 4562 4541
f 4541 4562 4563
f 4541 4563 4542
f 4542 4563 4564
f 4542 4564 4543
f 4543 4564 4565
f 4543 4565 4544
f 4544 4565 4566
f 4544 4566 4545
f 4545 4566 4567
f 4545 4567 4546
f 4546 4567 4568
f 4546 4568 4547
f 4547 4568 4569
f 4547 4569 4548
f 4548 4569 4570
f 4548 4570 4549
f 4549 4570 4571
f 4549 4571 4550
f 4550 4571 4572
f 4550 4572 4551
f 4551 4572 4573
f 4551 4573 4552
f 4552 4573 4574
f 4552 4574 4553
f 4553 4574 4575
f 4553 4575 4554
f 4554 4575 4576
f 4554 4576 4555
f 4555 4576 4577
f 4555 4577 4556
f 4556 4577 4578
f 4556 4578 4557
f 4558 4579 4580
f 4558 4580 4559
f 4559 4580 4581
f 4559 4581 4560
f 4560 4581 4582
f 4560 4582 4561
f 4561 4582 4583
f 4561 4583 4562
f 4562 4583 4584
f 4562 4584 4563
f 4563 4584 4585
f 4563 4585 4564
f 4564 4585 4586
f 4564 4586 4565
f 4565 4586 4587
f 4565 4587 4566
f 4566 4587 4588
f 4566 4588 4567
f 4567 4588 4589
f 4567 4589 4568
f 4568 4589 4590
f 4568 4590 4569
f 4569 4590 4591
f 4569 4591 4570
f 4570 4591 4592
f 4570 4592 4571
f 4571 4592 4593
f 4571 4593 4572
f 4572 4593 4594
f 4572 4594 4573
f 4573 4594 4595
f 4573 4595 4574
f 4574 4595 4596
f 4574 4596 4575
f 4575 4596 4597
f 4575 4597 4576
f 4576 4597 4598
f 4576 4598 4577
f 4577 4598 4599
f 4577 4599 4578
f 4579 4600 4601
f 4579 4601 4580
f 4580 4601 4602
f 4580 4602 4581
f 4581 4602 4603
f 4581 4603 4582
f 4582 4603 4604
f 4582 4604 4583
f 4583 4604 4605
f 4583 4605 4584
f 4584 4605 4606
f 4584 4606 4585
f 4585 4606 4607
f 4585 4607 4586
f 4586 4607 4608
f 4586 4608 4587
f 4587 4608 4609
f 4587 4609 4588
f 4588 4609 4610
f 4588 4610 4589
f 4589 4610 4611
f 4589 4611 4590
f 4590 4611 4612
f 4590 4612 4591
f 4591 4612 4613
f 4591 4613 4592
f 4592 4613 4614
f 4592 4614 4593
f 4593 4614 4615
f 4593 4615 4594
f 4594 4615 4616
f 4594 4616 4595
f 4595 4616 4617
f 4595 4617 4596
f 4596 4617 4618
f 4596 4618 4597
f 4597 4618 4619
f 4597 4619 4598
f 4598 4619 4620
f 4598 4620 4599
f 4600 4621 4622
f 4600 4622 4601
f 4601 4622 4623
f 4601 4623 4602
f 4602 4623 4624
f 4602 4624 4603
f 4603 4624 4625
f 4603 4625 4604
f 4604 4625 4626
f 4604 4626 4605
f 4605 4626 4627
f 4605 4627 4606
f 4606 4627 4628
f 4606 4628 4607
f 4607 4628 4629
f 4607 4629 4608
f 4608 4629 4630
f 4608 4630 4609
f 4609 4630 4631
f 4609 4631 4610
f 4610 4631 4632
f 4610 4632 4611
f 4611 4632 4633
f 4611 4633 4612
f 4612 4633 4634
f 4612 4634 4613
f 4613 4634 4635
f 4613 4635 4614
f 4614 4635 4636
f 4614 4636 4615
f 4615 4636 4637
f 4615 4637 4616
f 4616 4637 4638
f 4616 4638 4617
f 4617 4638 4639
f 4617 4639 4618
f 4618 4639 4640
f 4618 4640 4619
f 4619 4640 4641
f 4619 4641 4620
f 4621 4642 4643
f 4621 4643 4622
f 4622 4643 4644
f 4622 4644 4623
f 4623 4644 4645
f 4623 4645 4624
f 4624 4645 4646
f 4624 4646 4625
f 4625 4646 4647
f 4625 4647 4626
f 4626 4647 4648
f 4626 4648 4627
f 4627 4648 4649
f 4627 4649 4628
f 4628 4649 4650
f 4628 4650 4629
f 4629 4650 4651
f 4629 4651 4630
f 4630 4651 4652
f 4630 4652 4631
f 4631 4652 4653
f 4631 4653 4632
f 4632 4653 4654
f 4632 4654 4633
f 4633 4654 4655
f 4633 4655 4634
f 4634 4655 4656
f 4634 4656 4635
f 4635 4656 4657
f 4635 4657 4636
f 4636 4657 4658
f 4636 4658 4637
f 4637 4658 4659
f 4637 4659 4638
f 4638 4659 4660
f 4638 4660 4639
f 4639 4660 4661
f 4639 4661 4640
f 4640 4661 4662
f 4640 4662 4641
f 4642 4663 4664
f 4642 4664 4643
f 4643 4664 4665
f 4643 4665 4644
f 4644 4665 4666
f 4644 4666 4645
f 4645 4666 4667
f 4645 4667 4646
f 4646 4667 4668
f 4646 4668 4647
f 4647 4668 4669
f 4647 4669 4648
f 4648 4669 4670
f 4648 4670 4649
f 4649 4670 4671
f 4649 4671 4650
f 4650 4671 4672
f 4650 4672 4651
f 4651 4672 4673
f 4651 4673 4652
f 4652 4673 4674
f 4652 4674 4653
f 4653 4674 4675
f 4653 4675 4654
f 4654 4675 4676
f 4654 4676 4655
f 4655 4676 4677
f 4655 4677 4656
f 4656 4677 4678
f 4656 4678 4657
f 4657 4678 4679
f 4657 4679 4658
f 4658 4679 4680
f 4658 4680 4659
f 4659 4680 4681
f 4659 4681 4660
f 4660 4681 4682
f 4660 4682 4661
f 4661 4682 4683
f 4661 4683 4662
f 4663 4684 4685
f 4663 4685 4664
f 4664 4685 4686
f 4664 4686 4665
f 4665 4686 4687
f 4665 4687 4666
f 4666 4687 4688
f 4666 4688 4667
f 4667 4688 4689
f 4667 4689 4668
f 4668 4689 4690
f 4668 4690 4669
f 4669 4690 4691
f 4669 4691 4670
f 4670 4691 4692
f 4670 4692 4671
f 4671 4692 4693
f 4671 4693 4672
f 4672 4693 4694
f 4672 4694 4673
f 4673 4694 4695
f 4673 4695 4674
f 4674 4695 4696
f 4674 4696 4675
f 4675 4696 4697
f 4675 4697 4676
f 4676 4697 4698
f 4676 4698 4677
f 4677 4698 4699
f 4677 4699 4678
f 4678 4699 4700
f 4678 4700 4679
f 4679 4700 4701
f 4679 4701 4680
f 4680 4701 4702
f 4680 4702 4681
f 4681 4702 4703
f 4681 4703 4682
f 4682 4703 4704
f 4682 4704 4683
f 4684 4705 4706
f 4684 4706 4685
f 4685 4706 4707
f 4685 4707 4686
f 4686 4707 4708
f 4686 4708 4687
f 4687 4708 4709
f 4687 4709 4688
f 4688 4709 4710
f 4688 4710 4689
f 4689 4710 4711
f 4689 4711 4690
f 4690 4711 4712
f 4690 4712 4691
f 4691 4712 4713
f 4691 4713 4692
f 4692 4713 4714
f 4692 4714 4693
f 4693 4714 4715
f 4693 4715 4694
f 4694 4715 4716
f 4694 4716 4695
f 4695 4716 4717
f 4695 4717 4696
f 4696 4717 4718
f 4696 4718 4697
f 4697 4718 4719
f 4697 4719 4698
f 4698 4719 4720
f 4698 4720 4699
f 4699 4720 4721
f 4699 4721 4700
f 4700 4721 4722
f 4700 4722 4701
f 4701 4722 4723
f 4701 4723 4702
f 4702 4723 4724
f 4702 4724 4703
f 4703 4724 4725
f 4703 4725 4704
f 4705 4726 4727
f 4705 4727 4706
f 4706 4727 4728
f 4706 4728 4707
f 4707 4728 4729
f 4707 4729 4708
f 4708 4729 4730
f 4708 4730 4709
f 4709 4730 4731
f 4709 4731 4710
f 4710 4731 4732
f 4710 4732 4711
f 4711 4732 4733
f 4711 4733 4712
f 4712 4733 4734
f 4712 4734 4713
f 4713 4734 4735
f 4713 4735 4714
f 4714 4735 4736
f 4714 4736 4715
f 4715 4736 4737
f 4715 4737 4716
f 4716 4737 4738
f 4716 4738 4717
f 4717 4738 4739
f 4717 4739 4718
f 4718 4739 4740
f 4718 4740 4719
f 4719 4740 4741
f 4719 4741 4720
f 4720 4741 4742
f 4720 4742 4721
f 4721 4742 4743
f 4721 4743 4722
f 4722 4743 4744
f 4722 4744 4723
f 4723 4744 4745
f 4723 4745 4724
f 4724 4745 4746
f 4724 4746 4725
f 4726 4747 4748
f 4726 4748 4727
f 4727 4748 4749
f 4727 4749 4728
f 4728 4749 4750
f 4728 4750 4729
f 4729 4750 4751
f 4729 4751 4730
f 4730 4751 4752
f 4730 4752 4731
f 4731 4752 4753
f 4731 4753 4732
f 4732 4753 4754
f 4732 4754 4733
f 4733 4754 4755
f 4733 4755 4734
f 4734 4755 4756
f 4734 4756 4735
f 4735 4756 4757
f 4735 4757 4736
f 4736 4757 4758
f 4736 4758 4737
f 4737 4758 4759
f 4737 4759 4738
f 4738 4759 4760
f 4738 4760 4739
f 4739 4760 4761
f 4739 4761 4740
f 4740 4761 4762
f 4740 4762 4741
f 4741 4762 4763
f 4741 4763 4742
f 4742 4763 4764
f 4742 4764 4743
f 4743 4764 4765
f 4743 4765 4744
f 4744 4765 4766
f 4744 4766 4745
f 4745 4766 4767
f 4745 4767 4746
f 4747 4768 4769
f 4747 4769 4748
f 4748 4769 4770
f 4748 4770 4749
f 4749 4770 4771
f 4749 4771 4750
f 4750 4771 4772
f 4750 4772 4751
f 4751 4772 4773
f 4751 4773 4752
f 4752 4773 4774
f 4752 4774 4753
f 4753 4774 4775
f 4753 4775 4754
f 4754 4775 4776
f 4754 4776 4755
f 4755 4776 4777
f 4755 4777 4756
f 4756 4777 4778
f 4756 4778 4757
f 4757 4778 4779
f 4757 4779 4758
f 4758 4779 4780
f 4758 4780 4759
f 4759 4780 4781
f 4759 4781 4760
f 4760 4781 4782
f 4760 4782 4761
f 4761 4782 4783
f 4761 4783 4762
f 4762 4783 4784
f 4762 4784 4763
f 4763 4784 4785
f 4763 4785 4764
f 4764 4785 4786
f 4764 4786 4765
f 4765 4786 4787
f 4765 4787 4766
f 4766 4787 4788
f 4766 4788 4767
f 4768 4789 4790
f 4768 4790 4769
f 4769 4790 4791
f 4769 4791 4770
f 4770 4791 4792
f 4770 4792 4771
f 4771 4792 4793
f 4771 4793 4772
f 4772 4793 4794
f 4772 4794 4773
f 4773 4794 4795
f 4773 4795 4774
f 4774 4795 4796
f 4774 4796 4775
f 4775 4796 4797
f 4775 4797 4776
f 4776 4797 4798
f 4776 4798 4777
f 4777 4798 4799
f 4777 4799 4778
f 4778 4799 4800
f 4778 4800 4779
f 4779 4800 4801
f 4779 4801 4780
f 4780 4801 4802
f 4780 4802 4781
f 4781 4802 4803
f 4781 4803 4782
f 4782 4803 4804
f 4782 4804 4783
f 4783 4804 4805
f 4783 4805 4784
f 4784 4805 4806
f 4784 4806 4785
f 4785 4806 4807
f 4785 4807 4786
f 4786 4807 4808
f 4786 4808 4787
f 4787 4808 4809
f 4787 4809 4788
f 4789 4810 4811
f 4789 4811 4790
f 4790 4811 4812
f 4790 4812 4791
f 4791 4812 4813
f 4791 4813 4792
f 4792 4813 4814
f 4792 4814 4793
f 4793 4814 4815
f 4793 4815 4794
f 4794 4815 4816
f 4794 4816 4795
f 4795 4816 4817
f 4795 4817 4796
f 4796 4817 4818
f 4796 4818 4797
f 4797 4818 4819
f 4797 4819 4798
f 4798 4819 4820
f 4798 4820 4799
f 4799 4820 4821
f 4799 4821 4800
f 4800 4821 4822
f 4800 4822 4801
f 4801 4822 4823
f 4801 4823 4802
f 4802 4823 4824
f 4802 4824 4803
f 4803 4824 4825
f 4803 4825 4804
f 4804 4825 4826
f 4804 4826 4805
f 4805 4826 4827
f 4805 4827 4806
f 4806 4827 4828
f 4806 4828 4807
f 4807 4828 4829
f 4807 4829 4808
f 4808 4829 4830
f 4808 4830 4809
f 4810 4831 4832
f 4810 4832 4811
f 4811 4832 4833
f 4811 4833 4812
f 4812 4833 4834
f 4812 4834 4813
f 4813 4834 4835
f 4813 4835 4814
f 4814 4835 4836
f 4814 4836 4815
f 4815 4836 4837
f 4815 4837 4816
f 4816 4837 4838
f 4816 4838 4817
f 4817 4838 4839
f 4817 4839 4818
f 4818 4839 4840
f 4818 4840 4819
f 4819 4840 4841
f 4819 4841 4820
f 4820 4841 4842
f 4820 4842 4821
f 4821 4842 4843
f 4821 4843 4822
f 4822 4843 4844
f 4822 4844 4823
f 4823 4844 4845
f 4823 4845 4824
f 4824 4845 4846
f 4824 4846 4825
f 4825 4846 4847
f 4825 4847 4826
f 4826 4847 4848
f 4826 4848 4827
f 4827 4848 4849
f 4827 4849 4828
f 4828 4849 4850
f 4828 4850 4829
f 4829 4850 4851
f 4829 4851 4830
